2026-10-01 10:14:13,083 [INFO] __main__: [prof node:node_02]   high>15: 67 frames, objs/frame=31.2, infer=71.9ms
2026-10-01 10:14:16,853 [INFO] __main__: [prof node:node_01] ai 12.1 fps objs/frame=51.3 | infer=71.1ms track=3.7ms acquire=7.4ms
2026-10-01 10:14:16,853 [INFO] __main__: [prof node:node_01] disp 11.9 fps | acquire=0.0ms render=0.0ms publish=0.0ms
2026-10-01 10:14:16,853 [INFO] __main__: [prof node:node_01]   high>15: 61 frames, objs/frame=51.3, infer=71.1ms
2026-10-01 10:14:18,027 [INFO] __main__: [prof node:node_03] ai 13.6 fps objs/frame=37.5 | infer=68.7ms track=3.9ms acquire=0.7ms
2026-10-01 10:14:18,033 [INFO] __main__: [prof node:node_03] disp 24.6 fps | acquire=0.1ms render=0.0ms publish=0.0ms
2026-10-01 10:14:18,034 [INFO] __main__: [prof node:node_03]   high>15: 67 frames, objs/frame=38.0, infer=69.4ms
2026-10-01 10:14:18,173 [INFO] __main__: [prof node:node_02] ai 13.6 fps objs/frame=31.9 | infer=70.8ms track=2.3ms acquire=0.3ms
2026-10-01 10:14:18,173 [INFO] __main__: [prof node:node_02] disp 24.8 fps | acquire=0.1ms render=0.0ms publish=0.0ms
2026-10-01 10:14:18,173 [INFO] __main__: [prof node:node_02]   high>15: 69 frames, objs/frame=31.9, infer=70.8ms
2026-10-01 10:14:21,878 [INFO] __main__: [prof node:node_01] ai 11.9 fps objs/frame=49.2 | infer=64.0ms track=3.3ms acquire=16.0ms
2026-10-01 10:14:21,878 [INFO] __main__: [prof node:node_01] disp 11.9 fps | acquire=0.0ms render=0.0ms publish=0.0ms
2026-10-01 10:14:21,878 [INFO] __main__: [prof node:node_01]   high>15: 60 frames, objs/frame=49.2, infer=64.0ms
2026-10-01 10:14:23,048 [INFO] __main__: [prof node:node_03] ai 13.6 fps objs/frame=38.7 | infer=68.5ms track=3.7ms acquire=1.3ms
2026-10-01 10:14:23,048 [INFO] __main__: [prof node:node_03] disp 24.1 fps | acquire=0.1ms render=0.0ms publish=0.0ms
2026-10-01 10:14:23,048 [INFO] __main__: [prof node:node_03]   high>15: 68 frames, objs/frame=38.7, infer=68.5ms
2026-10-01 10:14:23,207 [INFO] __main__: [prof node:node_02] ai 13.9 fps objs/frame=27.0 | infer=68.4ms track=2.2ms acquire=0.9ms
2026-10-01 10:14:23,207 [INFO] __main__: [prof node:node_02] disp 24.8 fps | acquire=0.1ms render=0.0ms publish=0.0ms
2026-10-01 10:14:23,207 [INFO] __main__: [prof node:node_02]   high>15: 70 frames, objs/frame=27.0, infer=68.4ms
2026-10-01 10:14:26,887 [INFO] __main__: [prof node:node_01] ai 12.0 fps objs/frame=56.4 | infer=72.3ms track=3.6ms acquire=7.2ms
2026-10-01 10:14:26,888 [INFO] __main__: [prof node:node_01] disp 12.0 fps | acquire=0.0ms render=0.0ms publish=0.0ms
2026-10-01 10:14:26,888 [INFO] __main__: [prof node:node_01]   high>15: 60 frames, objs/frame=56.4, infer=72.3ms
2026-10-01 10:14:28,117 [INFO] __main__: [prof node:node_03] ai 12.8 fps objs/frame=41.8 | infer=73.9ms track=3.8ms acquire=0.0ms
2026-10-01 10:14:28,117 [INFO] __main__: [prof node:node_03] disp 24.6 fps | acquire=0.1ms render=0.0ms publish=0.0ms
2026-10-01 10:14:28,123 [INFO] __main__: [prof node:node_03]   high>15: 65 frames, objs/frame=41.8, infer=73.9ms
2026-10-01 10:14:28,256 [INFO] __main__: [prof node:node_02] ai 12.9 fps objs/frame=32.6 | infer=75.3ms track=2.1ms acquire=0.0ms
2026-10-01 10:14:28,256 [INFO] __main__: [prof node:node_02] disp 25.0 fps | acquire=0.1ms render=0.0ms publish=0.0ms
2026-10-01 10:14:28,256 [INFO] __main__: [prof node:node_02]   low<10: 1 frames, objs/frame=0.0, infer=69.8ms
2026-10-01 10:14:28,256 [INFO] __main__: [prof node:node_02]   high>15: 64 frames, objs/frame=33.2, infer=75.4ms
2026-10-01 10:14:31,887 [INFO] __main__: [prof node:node_01] ai 12.0 fps objs/frame=54.5 | infer=66.4ms track=3.8ms acquire=12.7ms
2026-10-01 10:14:31,887 [INFO] __main__: [prof node:node_01] disp 12.0 fps | acquire=0.0ms render=0.0ms publish=0.0ms
2026-10-01 10:14:31,887 [INFO] __main__: [prof node:node_01]   high>15: 60 frames, objs/frame=54.5, infer=66.4ms
2026-10-01 10:14:33,127 [INFO] __main__: [prof node:node_03] ai 12.6 fps objs/frame=44.3 | infer=74.0ms track=4.1ms acquire=1.0ms
2026-10-01 10:14:33,127 [INFO] __main__: [prof node:node_03] disp 24.8 fps | acquire=0.0ms render=0.0ms publish=0.0ms
2026-10-01 10:14:33,128 [INFO] __main__: [prof node:node_03]   high>15: 63 frames, objs/frame=44.3, infer=74.0ms
2026-10-01 10:14:33,318 [INFO] __main__: [prof node:node_02] ai 12.4 fps objs/frame=26.9 | infer=76.2ms track=2.2ms acquire=1.6ms
2026-10-01 10:14:33,318 [INFO] __main__: [prof node:node_02] disp 23.9 fps | acquire=0.1ms render=0.0ms publish=0.0ms
2026-10-01 10:14:33,318 [INFO] __main__: [prof node:node_02]   high>15: 63 frames, objs/frame=26.9, infer=76.2ms
2026-10-01 10:14:36,904 [INFO] __main__: [prof node:node_01] ai 12.0 fps objs/frame=54.5 | infer=68.3ms track=3.1ms acquire=11.9ms
2026-10-01 10:14:36,904 [INFO] __main__: [prof node:node_01] disp 12.2 fps | acquire=0.0ms render=0.0ms publish=0.0ms
2026-10-01 10:14:36,904 [INFO] __main__: [prof node:node_01]   high>15: 60 frames, objs/frame=54.5, infer=68.3ms
2026-10-01 10:14:38,158 [INFO] __main__: [prof node:node_03] ai 13.9 fps objs/frame=43.6 | infer=67.2ms track=3.1ms acquire=1.4ms
2026-10-01 10:14:38,158 [INFO] __main__: [prof node:node_03] disp 23.8 fps | acquire=0.0ms render=0.0ms publish=0.0ms
2026-10-01 10:14:38,164 [INFO] __main__: [prof node:node_03]   high>15: 70 frames, objs/frame=43.6, infer=67.2ms
2026-10-01 10:14:38,338 [INFO] __main__: [prof node:node_02] ai 13.7 fps objs/frame=27.1 | infer=68.2ms track=1.9ms acquire=2.3ms
2026-10-01 10:14:38,338 [INFO] __main__: [prof node:node_02] disp 24.3 fps | acquire=0.0ms render=0.0ms publish=0.0ms
2026-10-01 10:14:38,338 [INFO] __main__: [prof node:node_02]   low<10: 1 frames, objs/frame=0.0, infer=72.5ms
2026-10-01 10:14:38,338 [INFO] __main__: [prof node:node_02]   high>15: 68 frames, objs/frame=27.5, infer=68.1ms
2026-10-01 10:14:41,984 [INFO] __main__: [prof node:node_01] ai 12.0 fps objs/frame=51.9 | infer=64.5ms track=2.9ms acquire=15.5ms
2026-10-01 10:14:41,984 [INFO] __main__: [prof node:node_01] disp 12.0 fps | acquire=0.0ms render=0.0ms publish=0.0ms
2026-10-01 10:14:41,984 [INFO] __main__: [prof node:node_01]   high>15: 61 frames, objs/frame=51.9, infer=64.5ms
2026-10-01 10:14:43,184 [INFO] __main__: [prof node:node_03] ai 14.1 fps objs/frame=37.3 | infer=67.5ms track=2.8ms acquire=0.1ms
2026-10-01 10:14:43,184 [INFO] __main__: [prof node:node_03] disp 25.1 fps | acquire=0.0ms render=0.0ms publish=0.0ms
2026-10-01 10:14:43,184 [INFO] __main__: [prof node:node_03]   high>15: 71 frames, objs/frame=37.3, infer=67.5ms
2026-10-01 10:14:43,345 [INFO] __main__: [prof node:node_02] ai 14.2 fps objs/frame=29.1 | infer=66.7ms track=2.8ms acquire=0.6ms
2026-10-01 10:14:43,345 [INFO] __main__: [prof node:node_02] disp 24.6 fps | acquire=0.0ms render=0.0ms publish=0.0ms
2026-10-01 10:14:43,345 [INFO] __main__: [prof node:node_02]   high>15: 71 frames, objs/frame=29.1, infer=66.7ms
2026-10-01 10:14:47,040 [INFO] __main__: [prof node:node_01] ai 12.1 fps objs/frame=46.0 | infer=62.7ms track=4.3ms acquire=15.4ms
2026-10-01 10:14:47,040 [INFO] __main__: [prof node:node_01] disp 11.9 fps | acquire=0.0ms render=0.0ms publish=0.0ms
2026-10-01 10:14:47,040 [INFO] __main__: [prof node:node_01]   high>15: 61 frames, objs/frame=46.0, infer=62.7ms
2026-10-01 10:14:48,187 [INFO] __main__: [prof node:node_03] ai 15.0 fps objs/frame=37.3 | infer=63.0ms track=2.5ms acquire=1.0ms
2026-10-01 10:14:48,187 [INFO] __main__: [prof node:node_03] disp 24.2 fps | acquire=0.0ms render=0.0ms publish=0.0ms
2026-10-01 10:14:48,187 [INFO] __main__: [prof node:node_03]   high>15: 75 frames, objs/frame=37.3, infer=63.0ms
2026-10-01 10:14:48,399 [INFO] __main__: [prof node:node_02] ai 15.2 fps objs/frame=25.2 | infer=62.0ms track=2.5ms acquire=0.9ms
2026-10-01 10:14:48,402 [INFO] __main__: [prof node:node_02] disp 24.5 fps | acquire=0.0ms render=0.0ms publish=0.0ms
2026-10-01 10:14:48,402 [INFO] __main__: [prof node:node_02]   high>15: 77 frames, objs/frame=25.2, infer=62.0ms
2026-10-01 10:14:52,130 [INFO] __main__: [prof node:node_01] ai 12.0 fps objs/frame=43.5 | infer=57.2ms track=4.2ms acquire=21.5ms
2026-10-01 10:14:52,130 [INFO] __main__: [prof node:node_01] disp 12.0 fps | acquire=0.0ms render=0.0ms publish=0.0ms
2026-10-01 10:14:52,130 [INFO] __main__: [prof node:node_01]   high>15: 61 frames, objs/frame=43.5, infer=57.2ms
2026-10-01 10:14:53,228 [INFO] __main__: [prof node:node_03] ai 16.5 fps objs/frame=31.4 | infer=58.5ms track=1.9ms acquire=0.0ms
2026-10-01 10:14:53,228 [INFO] __main__: [prof node:node_03] disp 25.0 fps | acquire=0.0ms render=0.0ms publish=0.0ms
2026-10-01 10:14:53,228 [INFO] __main__: [prof node:node_03]   high>15: 83 frames, objs/frame=31.4, infer=58.5ms
2026-10-01 10:14:53,405 [INFO] __main__: [prof node:node_02] ai 16.2 fps objs/frame=16.2 | infer=58.0ms track=2.2ms acquire=1.4ms
2026-10-01 10:14:53,406 [INFO] __main__: [prof node:node_02] disp 24.4 fps | acquire=0.0ms render=0.0ms publish=0.0ms
2026-10-01 10:14:53,406 [INFO] __main__: [prof node:node_02]   low<10: 4 frames, objs/frame=9.0, infer=57.4ms
2026-10-01 10:14:53,407 [INFO] __main__: [prof node:node_02]   high>15: 44 frames, objs/frame=19.2, infer=60.1ms
2026-10-01 10:14:57,186 [INFO] __main__: [prof node:node_01] ai 12.1 fps objs/frame=38.1 | infer=51.2ms track=3.4ms acquire=27.9ms
2026-10-01 10:14:57,192 [INFO] __main__: [prof node:node_01] disp 12.1 fps | acquire=0.0ms render=0.0ms publish=0.0ms
2026-10-01 10:14:57,192 [INFO] __main__: [prof node:node_01]   low<10: 1 frames, objs/frame=0.0, infer=61.4ms
2026-10-01 10:14:57,192 [INFO] __main__: [prof node:node_01]   high>15: 60 frames, objs/frame=38.7, infer=51.0ms
2026-10-01 10:14:58,234 [INFO] __main__: [prof node:node_03] ai 18.4 fps objs/frame=32.6 | infer=51.2ms track=1.6ms acquire=1.5ms
2026-10-01 10:14:58,234 [INFO] __main__: [prof node:node_03] disp 24.4 fps | acquire=0.0ms render=0.0ms publish=0.0ms
2026-10-01 10:14:58,234 [INFO] __main__: [prof node:node_03]   low<10: 1 frames, objs/frame=0.0, infer=32.4ms
2026-10-01 10:14:58,234 [INFO] __main__: [prof node:node_03]   high>15: 91 frames, objs/frame=33.0, infer=51.4ms
2026-10-01 10:14:58,416 [INFO] __main__: [prof node:node_02] ai 18.3 fps objs/frame=19.0 | infer=51.4ms track=1.8ms acquire=1.0ms
2026-10-01 10:14:58,421 [INFO] __main__: [prof node:node_02] disp 24.5 fps | acquire=0.0ms render=0.0ms publish=0.0ms
2026-10-01 10:14:58,421 [INFO] __main__: [prof node:node_02]   low<10: 2 frames, objs/frame=9.0, infer=66.2ms
2026-10-01 10:14:58,421 [INFO] __main__: [prof node:node_02]   high>15: 63 frames, objs/frame=22.3, infer=50.4ms
2026-10-01 10:15:02,213 [INFO] __main__: [prof node:node_01] ai 11.9 fps objs/frame=32.4 | infer=54.7ms track=2.6ms acquire=26.0ms
2026-10-01 10:15:02,213 [INFO] __main__: [prof node:node_01] disp 11.9 fps | acquire=0.0ms render=0.0ms publish=0.0ms
2026-10-01 10:15:02,213 [INFO] __main__: [prof node:node_01]   high>15: 60 frames, objs/frame=32.4, infer=54.7ms
2026-10-01 10:15:03,283 [INFO] __main__: [prof node:node_03] ai 17.2 fps objs/frame=30.8 | infer=55.2ms track=2.5ms acquire=0.0ms
2026-10-01 10:15:03,283 [INFO] __main__: [prof node:node_03] disp 25.0 fps | acquire=0.0ms render=0.0ms publish=0.0ms
2026-10-01 10:15:03,283 [INFO] __main__: [prof node:node_03]   high>15: 87 frames, objs/frame=30.8, infer=55.2ms
2026-10-01 10:15:03,421 [INFO] __main__: [prof node:node_02] ai 17.0 fps objs/frame=21.9 | infer=55.6ms track=2.4ms acquire=0.5ms
2026-10-01 10:15:03,421 [INFO] __main__: [prof node:node_02] disp 24.8 fps | acquire=0.0ms render=0.0ms publish=0.0ms
2026-10-01 10:15:03,421 [INFO] __main__: [prof node:node_02]   high>15: 83 frames, objs/frame=22.1, infer=55.7ms
2026-10-01 10:15:07,276 [INFO] __main__: [prof node:node_01] ai 12.0 fps objs/frame=33.0 | infer=54.4ms track=2.1ms acquire=26.0ms
2026-10-01 10:15:07,276 [INFO] __main__: [prof node:node_01] disp 12.0 fps | acquire=0.0ms render=0.0ms publish=0.0ms
2026-10-01 10:15:07,276 [INFO] __main__: [prof node:node_01]   high>15: 61 frames, objs/frame=33.0, infer=54.4ms
2026-10-01 10:15:08,319 [INFO] __main__: [prof node:node_03] ai 17.9 fps objs/frame=32.9 | infer=52.6ms track=2.4ms acquire=0.7ms
2026-10-01 10:15:08,324 [INFO] __main__: [prof node:node_03] disp 24.8 fps | acquire=0.0ms render=0.0ms publish=0.0ms
2026-10-01 10:15:08,324 [INFO] __main__: [prof node:node_03]   high>15: 90 frames, objs/frame=32.9, infer=52.6ms
2026-10-01 10:15:08,483 [INFO] __main__: [prof node:node_02] ai 17.6 fps objs/frame=24.1 | infer=54.2ms track=2.1ms acquire=0.3ms
2026-10-01 10:15:08,483 [INFO] __main__: [prof node:node_02] disp 24.9 fps | acquire=0.0ms render=0.0ms publish=0.0ms
2026-10-01 10:15:08,483 [INFO] __main__: [prof node:node_02]   high>15: 85 frames, objs/frame=24.6, infer=54.0ms
2026-10-01 10:15:12,277 [INFO] __main__: [prof node:node_01] ai 12.0 fps objs/frame=30.8 | infer=50.8ms track=2.2ms acquire=30.0ms
2026-10-01 10:15:12,279 [INFO] __main__: [prof node:node_01] disp 12.0 fps | acquire=0.0ms render=0.0ms publish=0.0ms
2026-10-01 10:15:12,279 [INFO] __main__: [prof node:node_01]   high>15: 60 frames, objs/frame=30.8, infer=50.8ms
2026-10-01 10:15:13,345 [INFO] __main__: [prof node:node_03] ai 17.7 fps objs/frame=35.7 | infer=52.0ms track=2.7ms acquire=1.5ms
2026-10-01 10:15:13,345 [INFO] __main__: [prof node:node_03] disp 24.5 fps | acquire=0.0ms render=0.0ms publish=0.0ms
2026-10-01 10:15:13,345 [INFO] __main__: [prof node:node_03]   high>15: 89 frames, objs/frame=35.7, infer=52.0ms
2026-10-01 10:15:13,491 [INFO] __main__: [prof node:node_02] ai 18.2 fps objs/frame=17.6 | infer=52.2ms track=1.6ms acquire=1.1ms
2026-10-01 10:15:13,497 [INFO] __main__: [prof node:node_02] disp 24.9 fps | acquire=0.0ms render=0.0ms publish=0.0ms
2026-10-01 10:15:13,497 [INFO] __main__: [prof node:node_02]   high>15: 59 frames, objs/frame=19.5, infer=50.5ms
2026-10-01 10:15:17,289 [INFO] __main__: [prof node:node_01] ai 12.0 fps objs/frame=27.2 | infer=54.1ms track=2.2ms acquire=26.9ms
2026-10-01 10:15:17,289 [INFO] __main__: [prof node:node_01] disp 12.0 fps | acquire=0.0ms render=0.0ms publish=0.0ms
2026-10-01 10:15:17,289 [INFO] __main__: [prof node:node_01]   high>15: 60 frames, objs/frame=27.2, infer=54.1ms
2026-10-01 10:15:18,379 [INFO] __main__: [prof node:node_03] ai 17.1 fps objs/frame=30.1 | infer=53.9ms track=3.2ms acquire=1.2ms
2026-10-01 10:15:18,379 [INFO] __main__: [prof node:node_03] disp 24.4 fps | acquire=0.0ms render=0.0ms publish=0.0ms
2026-10-01 10:15:18,379 [INFO] __main__: [prof node:node_03]   high>15: 86 frames, objs/frame=30.1, infer=53.9ms
2026-10-01 10:15:18,511 [INFO] __main__: [prof node:node_02] ai 17.7 fps objs/frame=27.0 | infer=54.1ms track=1.9ms acquire=0.1ms
2026-10-01 10:15:18,511 [INFO] __main__: [prof node:node_02] disp 24.5 fps | acquire=0.0ms render=0.0ms publish=0.0ms
2026-10-01 10:15:18,511 [INFO] __main__: [prof node:node_02]   high>15: 84 frames, objs/frame=27.7, infer=54.2ms
2026-10-01 10:15:22,368 [INFO] __main__: [prof node:node_01] ai 12.0 fps objs/frame=25.0 | infer=53.7ms track=2.1ms acquire=27.1ms
2026-10-01 10:15:22,369 [INFO] __main__: [prof node:node_01] disp 12.0 fps | acquire=0.0ms render=0.0ms publish=0.0ms
2026-10-01 10:15:22,369 [INFO] __main__: [prof node:node_01]   high>15: 61 frames, objs/frame=25.0, infer=53.7ms
2026-10-01 10:15:23,399 [INFO] __main__: [prof node:node_03] ai 17.7 fps objs/frame=27.4 | infer=53.6ms track=2.3ms acquire=0.2ms
2026-10-01 10:15:23,401 [INFO] __main__: [prof node:node_03] disp 24.7 fps | acquire=0.0ms render=0.0ms publish=0.0ms
2026-10-01 10:15:23,401 [INFO] __main__: [prof node:node_03]   low<10: 2 frames, objs/frame=0.5, infer=38.6ms
2026-10-01 10:15:23,401 [INFO] __main__: [prof node:node_03]   high>15: 87 frames, objs/frame=28.1, infer=53.9ms
2026-10-01 10:15:23,545 [INFO] __main__: [prof node:node_02] ai 17.7 fps objs/frame=31.7 | infer=53.3ms track=2.4ms acquire=0.5ms
2026-10-01 10:15:23,545 [INFO] __main__: [prof node:node_02] disp 24.8 fps | acquire=0.0ms render=0.0ms publish=0.0ms
2026-10-01 10:15:23,545 [INFO] __main__: [prof node:node_02]   high>15: 89 frames, objs/frame=31.7, infer=53.3ms
2026-10-01 10:15:27,379 [INFO] __main__: [prof node:node_01] ai 12.0 fps objs/frame=32.5 | infer=53.7ms track=2.5ms acquire=26.9ms
2026-10-01 10:15:27,379 [INFO] __main__: [prof node:node_01] disp 12.0 fps | acquire=0.0ms render=0.0ms publish=0.0ms
2026-10-01 10:15:27,379 [INFO] __main__: [prof node:node_01]   high>15: 60 frames, objs/frame=32.5, infer=53.7ms
2026-10-01 10:15:28,414 [INFO] __main__: [prof node:node_03] ai 18.1 fps objs/frame=22.7 | infer=52.6ms track=2.2ms acquire=0.1ms
2026-10-01 10:15:28,419 [INFO] __main__: [prof node:node_03] disp 24.9 fps | acquire=0.0ms render=0.0ms publish=0.0ms
2026-10-01 10:15:28,420 [INFO] __main__: [prof node:node_03]   low<10: 1 frames, objs/frame=0.0, infer=62.7ms
2026-10-01 10:15:28,420 [INFO] __main__: [prof node:node_03]   high>15: 89 frames, objs/frame=23.1, infer=52.4ms
2026-10-01 10:15:28,586 [INFO] __main__: [prof node:node_02] ai 17.9 fps objs/frame=25.3 | infer=52.8ms track=2.3ms acquire=0.6ms
2026-10-01 10:15:28,588 [INFO] __main__: [prof node:node_02] disp 24.2 fps | acquire=0.0ms render=0.0ms publish=0.0ms
2026-10-01 10:15:28,588 [INFO] __main__: [prof node:node_02]   high>15: 90 frames, objs/frame=25.3, infer=52.8ms
2026-10-01 10:15:32,385 [INFO] __main__: [prof node:node_01] ai 12.0 fps objs/frame=35.4 | infer=55.0ms track=2.8ms acquire=25.2ms
2026-10-01 10:15:32,385 [INFO] __main__: [prof node:node_01] disp 12.0 fps | acquire=0.0ms render=0.0ms publish=0.0ms
2026-10-01 10:15:32,385 [INFO] __main__: [prof node:node_01]   high>15: 60 frames, objs/frame=35.4, infer=55.0ms
2026-10-01 10:15:33,462 [INFO] __main__: [prof node:node_03] ai 17.8 fps objs/frame=16.6 | infer=53.2ms track=2.0ms acquire=0.6ms
2026-10-01 10:15:33,462 [INFO] __main__: [prof node:node_03] disp 24.8 fps | acquire=0.0ms render=0.0ms publish=0.0ms
2026-10-01 10:15:33,462 [INFO] __main__: [prof node:node_03]   high>15: 43 frames, objs/frame=20.7, infer=53.7ms
2026-10-01 10:15:33,599 [INFO] __main__: [prof node:node_02] ai 17.4 fps objs/frame=26.2 | infer=53.3ms track=2.5ms acquire=1.6ms
2026-10-01 10:15:33,599 [INFO] __main__: [prof node:node_02] disp 24.3 fps | acquire=0.0ms render=0.0ms publish=0.0ms
2026-10-01 10:15:33,599 [INFO] __main__: [prof node:node_02]   high>15: 87 frames, objs/frame=26.2, infer=53.3ms
2026-10-01 10:15:37,441 [INFO] __main__: [prof node:node_01] ai 12.1 fps objs/frame=35.2 | infer=50.5ms track=2.6ms acquire=29.4ms
2026-10-01 10:15:37,441 [INFO] __main__: [prof node:node_01] disp 12.1 fps | acquire=0.0ms render=0.0ms publish=0.0ms
2026-10-01 10:15:37,441 [INFO] __main__: [prof node:node_01]   high>15: 61 frames, objs/frame=35.2, infer=50.5ms
2026-10-01 10:15:38,460 [INFO] __main__: [prof node:node_03] ai 17.8 fps objs/frame=13.6 | infer=50.3ms track=1.4ms acquire=4.3ms
2026-10-01 10:15:38,460 [INFO] __main__: [prof node:node_03] disp 23.4 fps | acquire=0.0ms render=0.0ms publish=0.0ms
2026-10-01 10:15:38,467 [INFO] __main__: [prof node:node_03]   low<10: 2 frames, objs/frame=4.5, infer=60.2ms
2026-10-01 10:15:38,467 [INFO] __main__: [prof node:node_03]   high>15: 14 frames, objs/frame=16.6, infer=49.7ms
2026-10-01 10:15:38,630 [INFO] __main__: [prof node:node_02] ai 19.5 fps objs/frame=25.7 | infer=47.5ms track=2.2ms acquire=1.4ms
2026-10-01 10:15:38,631 [INFO] __main__: [prof node:node_02] disp 24.8 fps | acquire=0.0ms render=0.0ms publish=0.0ms
2026-10-01 10:15:38,631 [INFO] __main__: [prof node:node_02]   high>15: 98 frames, objs/frame=25.7, infer=47.5ms
2026-10-01 10:15:42,454 [INFO] __main__: [prof node:node_01] ai 12.0 fps objs/frame=39.4 | infer=51.6ms track=3.1ms acquire=28.4ms
2026-10-01 10:15:42,454 [INFO] __main__: [prof node:node_01] disp 12.0 fps | acquire=0.0ms render=0.0ms publish=0.0ms
2026-10-01 10:15:42,454 [INFO] __main__: [prof node:node_01]   high>15: 60 frames, objs/frame=39.4, infer=51.6ms
2026-10-01 10:15:43,503 [INFO] __main__: [prof node:node_03] ai 17.9 fps objs/frame=17.5 | infer=53.5ms track=1.5ms acquire=0.8ms
2026-10-01 10:15:43,504 [INFO] __main__: [prof node:node_03] disp 24.4 fps | acquire=0.0ms render=0.0ms publish=0.0ms
2026-10-01 10:15:43,504 [INFO] __main__: [prof node:node_03]   high>15: 69 frames, objs/frame=18.6, infer=55.4ms
2026-10-01 10:15:43,657 [INFO] __main__: [prof node:node_02] ai 17.5 fps objs/frame=26.5 | infer=53.3ms track=2.3ms acquire=1.2ms
2026-10-01 10:15:43,657 [INFO] __main__: [prof node:node_02] disp 24.5 fps | acquire=0.0ms render=0.0ms publish=0.0ms
2026-10-01 10:15:43,662 [INFO] __main__: [prof node:node_02]   high>15: 88 frames, objs/frame=26.5, infer=53.3ms
2026-10-01 10:15:47,530 [INFO] __main__: [prof node:node_01] ai 12.0 fps objs/frame=42.6 | infer=54.6ms track=3.3ms acquire=24.8ms
2026-10-01 10:15:47,531 [INFO] __main__: [prof node:node_01] disp 12.0 fps | acquire=0.0ms render=0.0ms publish=0.0ms
2026-10-01 10:15:47,531 [INFO] __main__: [prof node:node_01]   high>15: 61 frames, objs/frame=42.6, infer=54.6ms
2026-10-01 10:15:48,504 [INFO] __main__: [prof node:node_03] ai 17.0 fps objs/frame=17.8 | infer=55.0ms track=1.5ms acquire=2.1ms
2026-10-01 10:15:48,504 [INFO] __main__: [prof node:node_03] disp 23.8 fps | acquire=0.0ms render=0.0ms publish=0.0ms
2026-10-01 10:15:48,504 [INFO] __main__: [prof node:node_03]   high>15: 71 frames, objs/frame=18.5, infer=55.8ms
2026-10-01 10:15:48,670 [INFO] __main__: [prof node:node_02] ai 17.8 fps objs/frame=22.7 | infer=53.1ms track=2.0ms acquire=1.0ms
2026-10-01 10:15:48,670 [INFO] __main__: [prof node:node_02] disp 24.9 fps | acquire=0.0ms render=0.0ms publish=0.0ms
2026-10-01 10:15:48,670 [INFO] __main__: [prof node:node_02]   high>15: 89 frames, objs/frame=22.7, infer=53.1ms
2026-10-01 10:15:52,545 [INFO] __main__: [prof node:node_01] ai 12.0 fps objs/frame=44.3 | infer=55.9ms track=3.7ms acquire=23.6ms
2026-10-01 10:15:52,545 [INFO] __main__: [prof node:node_01] disp 12.0 fps | acquire=0.0ms render=0.0ms publish=0.0ms
2026-10-01 10:15:52,551 [INFO] __main__: [prof node:node_01]   high>15: 60 frames, objs/frame=44.3, infer=55.9ms
2026-10-01 10:15:53,518 [INFO] __main__: [prof node:node_03] ai 16.6 fps objs/frame=26.7 | infer=56.9ms track=1.9ms acquire=1.4ms
2026-10-01 10:15:53,519 [INFO] __main__: [prof node:node_03] disp 24.5 fps | acquire=0.0ms render=0.0ms publish=0.0ms
2026-10-01 10:15:53,519 [INFO] __main__: [prof node:node_03]   low<10: 1 frames, objs/frame=0.0, infer=33.7ms
2026-10-01 10:15:53,519 [INFO] __main__: [prof node:node_03]   high>15: 81 frames, objs/frame=27.2, infer=57.5ms
2026-10-01 10:15:53,683 [INFO] __main__: [prof node:node_02] ai 16.8 fps objs/frame=29.3 | infer=57.2ms track=2.0ms acquire=0.2ms
2026-10-01 10:15:53,683 [INFO] __main__: [prof node:node_02] disp 24.7 fps | acquire=0.0ms render=0.0ms publish=0.0ms
2026-10-01 10:15:53,683 [INFO] __main__: [prof node:node_02]   low<10: 1 frames, objs/frame=0.0, infer=32.6ms
2026-10-01 10:15:53,683 [INFO] __main__: [prof node:node_02]   high>15: 83 frames, objs/frame=29.7, infer=57.5ms
2026-10-01 10:15:57,629 [INFO] __main__: [prof node:node_01] ai 12.0 fps objs/frame=45.7 | infer=58.7ms track=3.4ms acquire=20.7ms
2026-10-01 10:15:57,629 [INFO] __main__: [prof node:node_01] disp 12.0 fps | acquire=0.0ms render=0.0ms publish=0.0ms
2026-10-01 10:15:57,629 [INFO] __main__: [prof node:node_01]   high>15: 61 frames, objs/frame=45.7, infer=58.7ms
2026-10-01 10:15:58,559 [INFO] __main__: [prof node:node_03] ai 15.3 fps objs/frame=29.1 | infer=62.1ms track=2.9ms acquire=0.3ms
2026-10-01 10:15:58,559 [INFO] __main__: [prof node:node_03] disp 24.8 fps | acquire=0.0ms render=0.0ms publish=0.0ms
2026-10-01 10:15:58,559 [INFO] __main__: [prof node:node_03]   low<10: 1 frames, objs/frame=1.0, infer=62.6ms
2026-10-01 10:15:58,559 [INFO] __main__: [prof node:node_03]   high>15: 76 frames, objs/frame=29.5, infer=62.1ms
2026-10-01 10:15:58,732 [INFO] __main__: [prof node:node_02] ai 14.7 fps objs/frame=33.4 | infer=63.4ms track=2.0ms acquire=2.5ms
2026-10-01 10:15:58,732 [INFO] __main__: [prof node:node_02] disp 23.6 fps | acquire=0.0ms render=0.0ms publish=0.0ms
2026-10-01 10:15:58,732 [INFO] __main__: [prof node:node_02]   high>15: 74 frames, objs/frame=33.4, infer=63.4ms
2026-10-01 10:16:02,712 [INFO] __main__: [prof node:node_01] ai 12.0 fps objs/frame=46.9 | infer=61.1ms track=3.7ms acquire=18.0ms
2026-10-01 10:16:02,712 [INFO] __main__: [prof node:node_01] disp 12.0 fps | acquire=0.0ms render=0.0ms publish=0.0ms
2026-10-01 10:16:02,712 [INFO] __main__: [prof node:node_01]   high>15: 61 frames, objs/frame=46.9, infer=61.1ms
2026-10-01 10:16:03,593 [INFO] __main__: [prof node:node_03] ai 15.3 fps objs/frame=25.3 | infer=61.0ms track=2.7ms acquire=1.4ms
2026-10-01 10:16:03,593 [INFO] __main__: [prof node:node_03] disp 24.6 fps | acquire=0.0ms render=0.0ms publish=0.0ms
2026-10-01 10:16:03,593 [INFO] __main__: [prof node:node_03]   high>15: 77 frames, objs/frame=25.3, infer=61.0ms
2026-10-01 10:16:03,770 [INFO] __main__: [prof node:node_02] ai 15.5 fps objs/frame=33.6 | infer=61.2ms track=2.4ms acquire=0.5ms
2026-10-01 10:16:03,770 [INFO] __main__: [prof node:node_02] disp 25.0 fps | acquire=0.0ms render=0.0ms publish=0.0ms
2026-10-01 10:16:03,770 [INFO] __main__: [prof node:node_02]   high>15: 78 frames, objs/frame=33.6, infer=61.2ms
2026-10-01 10:16:07,787 [INFO] __main__: [prof node:node_01] ai 12.0 fps objs/frame=46.0 | infer=58.8ms track=3.6ms acquire=20.3ms
2026-10-01 10:16:07,787 [INFO] __main__: [prof node:node_01] disp 12.0 fps | acquire=0.0ms render=0.0ms publish=0.0ms
2026-10-01 10:16:07,787 [INFO] __main__: [prof node:node_01]   high>15: 61 frames, objs/frame=46.0, infer=58.8ms
2026-10-01 10:16:08,613 [INFO] __main__: [prof node:node_03] ai 15.5 fps objs/frame=24.3 | infer=61.3ms track=2.5ms acquire=0.3ms
2026-10-01 10:16:08,613 [INFO] __main__: [prof node:node_03] disp 24.9 fps | acquire=0.0ms render=0.0ms publish=0.0ms
2026-10-01 10:16:08,613 [INFO] __main__: [prof node:node_03]   high>15: 77 frames, objs/frame=24.4, infer=61.1ms
2026-10-01 10:16:08,774 [INFO] __main__: [prof node:node_02] ai 15.2 fps objs/frame=32.9 | infer=62.0ms track=2.4ms acquire=1.2ms
2026-10-01 10:16:08,774 [INFO] __main__: [prof node:node_02] disp 24.0 fps | acquire=0.0ms render=0.0ms publish=0.0ms
2026-10-01 10:16:08,774 [INFO] __main__: [prof node:node_02]   high>15: 76 frames, objs/frame=32.9, infer=62.0ms
2026-10-01 10:16:12,814 [INFO] __main__: [prof node:node_01] ai 11.9 fps objs/frame=44.6 | infer=60.6ms track=3.3ms acquire=19.3ms
2026-10-01 10:16:12,815 [INFO] __main__: [prof node:node_01] disp 11.9 fps | acquire=0.0ms render=0.0ms publish=0.0ms
2026-10-01 10:16:12,815 [INFO] __main__: [prof node:node_01]   high>15: 60 frames, objs/frame=44.6, infer=60.6ms
2026-10-01 10:16:13,674 [INFO] __main__: [prof node:node_03] ai 16.0 fps objs/frame=16.9 | infer=60.1ms track=1.8ms acquire=0.4ms
2026-10-01 10:16:13,675 [INFO] __main__: [prof node:node_03] disp 24.3 fps | acquire=0.0ms render=0.0ms publish=0.0ms
2026-10-01 10:16:13,675 [INFO] __main__: [prof node:node_03]   high>15: 58 frames, objs/frame=18.2, infer=61.0ms
2026-10-01 10:16:13,801 [INFO] __main__: [prof node:node_02] ai 15.7 fps objs/frame=36.8 | infer=59.8ms track=2.4ms acquire=1.0ms
2026-10-01 10:16:13,807 [INFO] __main__: [prof node:node_02] disp 24.7 fps | acquire=0.0ms render=0.0ms publish=0.0ms
2026-10-01 10:16:13,809 [INFO] __main__: [prof node:node_02]   high>15: 79 frames, objs/frame=36.8, infer=59.8ms
2026-10-01 10:16:17,871 [INFO] __main__: [prof node:node_01] ai 12.1 fps objs/frame=45.5 | infer=56.5ms track=3.7ms acquire=22.2ms
2026-10-01 10:16:17,871 [INFO] __main__: [prof node:node_01] disp 12.1 fps | acquire=0.0ms render=0.0ms publish=0.0ms
2026-10-01 10:16:17,871 [INFO] __main__: [prof node:node_01]   high>15: 61 frames, objs/frame=45.5, infer=56.5ms
2026-10-01 10:16:18,689 [INFO] __main__: [prof node:node_03] ai 16.1 fps objs/frame=20.4 | infer=57.8ms track=1.8ms acquire=2.1ms
2026-10-01 10:16:18,689 [INFO] __main__: [prof node:node_03] disp 23.9 fps | acquire=0.0ms render=0.0ms publish=0.0ms
2026-10-01 10:16:18,689 [INFO] __main__: [prof node:node_03]   low<10: 1 frames, objs/frame=0.0, infer=74.9ms
2026-10-01 10:16:18,689 [INFO] __main__: [prof node:node_03]   high>15: 74 frames, objs/frame=21.1, infer=57.9ms
2026-10-01 10:16:18,814 [INFO] __main__: [prof node:node_02] ai 16.8 fps objs/frame=31.7 | infer=57.1ms track=1.9ms acquire=0.2ms
2026-10-01 10:16:18,814 [INFO] __main__: [prof node:node_02] disp 25.0 fps | acquire=0.0ms render=0.0ms publish=0.0ms
2026-10-01 10:16:18,814 [INFO] __main__: [prof node:node_02]   high>15: 84 frames, objs/frame=31.7, infer=57.1ms
2026-10-01 10:16:22,939 [INFO] __main__: [prof node:node_01] ai 12.0 fps objs/frame=37.4 | infer=53.5ms track=3.3ms acquire=25.8ms
2026-10-01 10:16:22,939 [INFO] __main__: [prof node:node_01] disp 12.0 fps | acquire=0.0ms render=0.0ms publish=0.0ms
2026-10-01 10:16:22,939 [INFO] __main__: [prof node:node_01]   high>15: 61 frames, objs/frame=37.4, infer=53.5ms
2026-10-01 10:16:23,756 [INFO] __main__: [prof node:node_03] ai 16.4 fps objs/frame=27.8 | infer=56.7ms track=2.0ms acquire=2.0ms
2026-10-01 10:16:23,756 [INFO] __main__: [prof node:node_03] disp 24.1 fps | acquire=0.0ms render=0.0ms publish=0.0ms
2026-10-01 10:16:23,759 [INFO] __main__: [prof node:node_03]   high>15: 83 frames, objs/frame=27.8, infer=56.7ms
2026-10-01 10:16:23,851 [INFO] __main__: [prof node:node_02] ai 17.5 fps objs/frame=31.2 | infer=54.2ms track=1.9ms acquire=0.8ms
2026-10-01 10:16:23,852 [INFO] __main__: [prof node:node_02] disp 24.8 fps | acquire=0.0ms render=0.0ms publish=0.0ms
2026-10-01 10:16:23,852 [INFO] __main__: [prof node:node_02]   high>15: 88 frames, objs/frame=31.2, infer=54.2ms
2026-10-01 10:16:27,953 [INFO] __main__: [prof node:node_01] ai 12.0 fps objs/frame=37.2 | infer=52.9ms track=3.2ms acquire=27.1ms
2026-10-01 10:16:27,953 [INFO] __main__: [prof node:node_01] disp 12.0 fps | acquire=0.0ms render=0.0ms publish=0.0ms
2026-10-01 10:16:27,953 [INFO] __main__: [prof node:node_01]   high>15: 60 frames, objs/frame=37.2, infer=52.9ms
2026-10-01 10:16:28,814 [INFO] __main__: [prof node:node_03] ai 16.8 fps objs/frame=27.4 | infer=55.2ms track=2.2ms acquire=1.8ms
2026-10-01 10:16:28,814 [INFO] __main__: [prof node:node_03] disp 24.1 fps | acquire=0.0ms render=0.0ms publish=0.0ms
2026-10-01 10:16:28,814 [INFO] __main__: [prof node:node_03]   low<10: 1 frames, objs/frame=0.0, infer=64.5ms
2026-10-01 10:16:28,814 [INFO] __main__: [prof node:node_03]   high>15: 84 frames, objs/frame=27.7, infer=55.1ms
2026-10-01 10:16:28,898 [INFO] __main__: [prof node:node_02] ai 16.6 fps objs/frame=31.7 | infer=55.3ms track=2.4ms acquire=2.0ms
2026-10-01 10:16:28,899 [INFO] __main__: [prof node:node_02] disp 23.8 fps | acquire=0.0ms render=0.0ms publish=0.0ms
2026-10-01 10:16:28,899 [INFO] __main__: [prof node:node_02]   high>15: 84 frames, objs/frame=31.7, infer=55.3ms
2026-10-01 10:16:32,961 [INFO] __main__: [prof node:node_01] ai 12.0 fps objs/frame=44.3 | infer=58.8ms track=3.2ms acquire=21.0ms
2026-10-01 10:16:32,963 [INFO] __main__: [prof node:node_01] disp 12.0 fps | acquire=0.0ms render=0.0ms publish=0.0ms
2026-10-01 10:16:32,963 [INFO] __main__: [prof node:node_01]   high>15: 60 frames, objs/frame=44.3, infer=58.8ms
2026-10-01 10:16:33,830 [INFO] __main__: [prof node:node_03] ai 15.4 fps objs/frame=32.8 | infer=60.5ms track=2.0ms acquire=2.3ms
2026-10-01 10:16:33,830 [INFO] __main__: [prof node:node_03] disp 23.9 fps | acquire=0.0ms render=0.0ms publish=0.0ms
2026-10-01 10:16:33,830 [INFO] __main__: [prof node:node_03]   high>15: 77 frames, objs/frame=32.8, infer=60.5ms
2026-10-01 10:16:33,911 [INFO] __main__: [prof node:node_02] ai 15.5 fps objs/frame=38.2 | infer=61.1ms track=2.2ms acquire=0.7ms
2026-10-01 10:16:33,911 [INFO] __main__: [prof node:node_02] disp 24.9 fps | acquire=0.0ms render=0.0ms publish=0.0ms
2026-10-01 10:16:33,911 [INFO] __main__: [prof node:node_02]   high>15: 78 frames, objs/frame=38.2, infer=61.1ms
2026-10-01 10:16:38,065 [INFO] __main__: [prof node:node_01] ai 12.0 fps objs/frame=39.2 | infer=56.5ms track=2.9ms acquire=23.8ms
2026-10-01 10:16:38,067 [INFO] __main__: [prof node:node_01] disp 12.1 fps | acquire=0.0ms render=0.0ms publish=0.0ms
2026-10-01 10:16:38,067 [INFO] __main__: [prof node:node_01]   high>15: 61 frames, objs/frame=39.2, infer=56.5ms
2026-10-01 10:16:38,842 [INFO] __main__: [prof node:node_03] ai 16.2 fps objs/frame=38.1 | infer=58.5ms track=2.3ms acquire=0.8ms
2026-10-01 10:16:38,842 [INFO] __main__: [prof node:node_03] disp 24.7 fps | acquire=0.0ms render=0.0ms publish=0.0ms
2026-10-01 10:16:38,842 [INFO] __main__: [prof node:node_03]   high>15: 81 frames, objs/frame=38.1, infer=58.5ms
2026-10-01 10:16:38,933 [INFO] __main__: [prof node:node_02] ai 16.2 fps objs/frame=32.6 | infer=58.6ms track=2.3ms acquire=0.7ms
2026-10-01 10:16:38,933 [INFO] __main__: [prof node:node_02] disp 24.5 fps | acquire=0.0ms render=0.0ms publish=0.0ms
2026-10-01 10:16:38,933 [INFO] __main__: [prof node:node_02]   high>15: 81 frames, objs/frame=32.6, infer=58.6ms
2026-10-01 10:16:43,137 [INFO] __main__: [prof node:node_01] ai 12.0 fps objs/frame=37.8 | infer=59.9ms track=2.9ms acquire=19.9ms
2026-10-01 10:16:43,138 [INFO] __main__: [prof node:node_01] disp 12.0 fps | acquire=0.0ms render=0.0ms publish=0.0ms
2026-10-01 10:16:43,138 [INFO] __main__: [prof node:node_01]   low<10: 1 frames, objs/frame=1.0, infer=52.1ms
2026-10-01 10:16:43,138 [INFO] __main__: [prof node:node_01]   high>15: 60 frames, objs/frame=38.4, infer=60.1ms
2026-10-01 10:16:43,841 [INFO] __main__: [prof node:node_03] ai 15.0 fps objs/frame=42.7 | infer=62.6ms track=2.9ms acquire=0.9ms
2026-10-01 10:16:43,841 [INFO] __main__: [prof node:node_03] disp 24.2 fps | acquire=0.0ms render=0.0ms publish=0.0ms
2026-10-01 10:16:43,841 [INFO] __main__: [prof node:node_03]   high>15: 75 frames, objs/frame=42.7, infer=62.6ms
2026-10-01 10:16:43,939 [INFO] __main__: [prof node:node_02] ai 15.0 fps objs/frame=30.1 | infer=63.1ms track=2.5ms acquire=0.8ms
2026-10-01 10:16:43,939 [INFO] __main__: [prof node:node_02] disp 24.6 fps | acquire=0.0ms render=0.0ms publish=0.0ms
2026-10-01 10:16:43,939 [INFO] __main__: [prof node:node_02]   high>15: 75 frames, objs/frame=30.1, infer=63.1ms
2026-10-01 10:16:48,133 [INFO] __main__: [prof node:node_01] ai 12.0 fps objs/frame=43.3 | infer=62.6ms track=3.3ms acquire=17.0ms
2026-10-01 10:16:48,133 [INFO] __main__: [prof node:node_01] disp 11.8 fps | acquire=0.0ms render=0.0ms publish=0.0ms
2026-10-01 10:16:48,133 [INFO] __main__: [prof node:node_01]   high>15: 60 frames, objs/frame=43.3, infer=62.6ms
2026-10-01 10:16:48,853 [INFO] __main__: [prof node:node_03] ai 14.2 fps objs/frame=38.1 | infer=64.8ms track=4.4ms acquire=1.1ms
2026-10-01 10:16:48,853 [INFO] __main__: [prof node:node_03] disp 24.4 fps | acquire=0.0ms render=0.0ms publish=0.0ms
2026-10-01 10:16:48,853 [INFO] __main__: [prof node:node_03]   high>15: 71 frames, objs/frame=38.1, infer=64.8ms
2026-10-01 10:16:48,987 [INFO] __main__: [prof node:node_02] ai 14.3 fps objs/frame=33.9 | infer=66.9ms track=2.3ms acquire=0.5ms
2026-10-01 10:16:48,987 [INFO] __main__: [prof node:node_02] disp 24.8 fps | acquire=0.0ms render=0.0ms publish=0.0ms
2026-10-01 10:16:48,987 [INFO] __main__: [prof node:node_02]   high>15: 72 frames, objs/frame=33.9, infer=66.9ms
2026-10-01 10:16:53,206 [INFO] __main__: [prof node:node_01] ai 12.0 fps objs/frame=51.3 | infer=57.1ms track=3.7ms acquire=21.8ms
2026-10-01 10:16:53,206 [INFO] __main__: [prof node:node_01] disp 12.0 fps | acquire=0.0ms render=0.0ms publish=0.0ms
2026-10-01 10:16:53,206 [INFO] __main__: [prof node:node_01]   high>15: 61 frames, objs/frame=51.3, infer=57.1ms
2026-10-01 10:16:53,855 [INFO] __main__: [prof node:node_03] ai 16.8 fps objs/frame=21.5 | infer=55.8ms track=3.0ms acquire=0.5ms
2026-10-01 10:16:53,857 [INFO] __main__: [prof node:node_03] disp 24.8 fps | acquire=0.0ms render=0.0ms publish=0.0ms
2026-10-01 10:16:53,857 [INFO] __main__: [prof node:node_03]   high>15: 80 frames, objs/frame=21.9, infer=56.3ms
2026-10-01 10:16:54,008 [INFO] __main__: [prof node:node_02] ai 16.3 fps objs/frame=24.0 | infer=57.4ms track=1.9ms acquire=1.7ms
2026-10-01 10:16:54,008 [INFO] __main__: [prof node:node_02] disp 24.3 fps | acquire=0.0ms render=0.0ms publish=0.0ms
2026-10-01 10:16:54,008 [INFO] __main__: [prof node:node_02]   low<10: 1 frames, objs/frame=0.0, infer=71.6ms
2026-10-01 10:16:54,008 [INFO] __main__: [prof node:node_02]   high>15: 81 frames, objs/frame=24.3, infer=57.2ms
2026-10-01 10:16:58,279 [INFO] __main__: [prof node:node_01] ai 12.0 fps objs/frame=47.0 | infer=55.4ms track=3.7ms acquire=23.4ms
2026-10-01 10:16:58,279 [INFO] __main__: [prof node:node_01] disp 12.0 fps | acquire=0.0ms render=0.0ms publish=0.0ms
2026-10-01 10:16:58,279 [INFO] __main__: [prof node:node_01]   high>15: 61 frames, objs/frame=47.0, infer=55.4ms
2026-10-01 10:16:58,922 [INFO] __main__: [prof node:node_03] ai 16.4 fps objs/frame=20.6 | infer=57.2ms track=2.1ms acquire=1.5ms
2026-10-01 10:16:58,923 [INFO] __main__: [prof node:node_03] disp 24.5 fps | acquire=0.0ms render=0.0ms publish=0.0ms
2026-10-01 10:16:58,923 [INFO] __main__: [prof node:node_03]   low<10: 1 frames, objs/frame=0.0, infer=73.6ms
2026-10-01 10:16:58,923 [INFO] __main__: [prof node:node_03]   high>15: 82 frames, objs/frame=20.9, infer=57.0ms
2026-10-01 10:16:59,015 [INFO] __main__: [prof node:node_02] ai 16.8 fps objs/frame=31.2 | infer=56.9ms track=1.5ms acquire=0.8ms
2026-10-01 10:16:59,015 [INFO] __main__: [prof node:node_02] disp 24.8 fps | acquire=0.0ms render=0.0ms publish=0.0ms
2026-10-01 10:16:59,015 [INFO] __main__: [prof node:node_02]   low<10: 1 frames, objs/frame=0.0, infer=68.5ms
2026-10-01 10:16:59,015 [INFO] __main__: [prof node:node_02]   high>15: 83 frames, objs/frame=31.5, infer=56.8ms
2026-10-01 10:17:03,321 [INFO] __main__: [prof node:node_01] ai 11.9 fps objs/frame=49.0 | infer=59.1ms track=3.6ms acquire=20.8ms
2026-10-01 10:17:03,321 [INFO] __main__: [prof node:node_01] disp 12.1 fps | acquire=0.0ms render=0.0ms publish=0.0ms
2026-10-01 10:17:03,321 [INFO] __main__: [prof node:node_01]   low<10: 1 frames, objs/frame=0.0, infer=58.5ms
2026-10-01 10:17:03,321 [INFO] __main__: [prof node:node_01]   high>15: 59 frames, objs/frame=49.8, infer=59.1ms
2026-10-01 10:17:03,969 [INFO] __main__: [prof node:node_03] ai 15.7 fps objs/frame=17.4 | infer=61.4ms track=1.9ms acquire=0.3ms
2026-10-01 10:17:03,969 [INFO] __main__: [prof node:node_03] disp 24.8 fps | acquire=0.0ms render=0.0ms publish=0.0ms
2026-10-01 10:17:03,969 [INFO] __main__: [prof node:node_03]   high>15: 68 frames, objs/frame=18.0, infer=61.7ms
2026-10-01 10:17:04,049 [INFO] __main__: [prof node:node_02] ai 15.7 fps objs/frame=35.1 | infer=60.9ms track=1.8ms acquire=0.8ms
2026-10-01 10:17:04,049 [INFO] __main__: [prof node:node_02] disp 24.6 fps | acquire=0.0ms render=0.0ms publish=0.0ms
2026-10-01 10:17:04,049 [INFO] __main__: [prof node:node_02]   high>15: 79 frames, objs/frame=35.1, infer=60.9ms
2026-10-01 10:17:08,375 [INFO] __main__: [prof node:node_01] ai 12.1 fps objs/frame=49.1 | infer=58.6ms track=4.3ms acquire=19.5ms
2026-10-01 10:17:08,375 [INFO] __main__: [prof node:node_01] disp 11.9 fps | acquire=0.0ms render=0.0ms publish=0.0ms
2026-10-01 10:17:08,382 [INFO] __main__: [prof node:node_01]   high>15: 61 frames, objs/frame=49.1, infer=58.6ms
2026-10-01 10:17:08,988 [INFO] __main__: [prof node:node_03] ai 15.9 fps objs/frame=17.6 | infer=60.2ms track=1.6ms acquire=0.7ms
2026-10-01 10:17:08,988 [INFO] __main__: [prof node:node_03] disp 24.5 fps | acquire=0.0ms render=0.0ms publish=0.0ms
2026-10-01 10:17:08,988 [INFO] __main__: [prof node:node_03]   high>15: 62 frames, objs/frame=18.5, infer=58.4ms
2026-10-01 10:17:09,088 [INFO] __main__: [prof node:node_02] ai 15.5 fps objs/frame=34.0 | infer=61.1ms track=2.1ms acquire=0.9ms
2026-10-01 10:17:09,088 [INFO] __main__: [prof node:node_02] disp 24.4 fps | acquire=0.0ms render=0.0ms publish=0.0ms
2026-10-01 10:17:09,088 [INFO] __main__: [prof node:node_02]   high>15: 78 frames, objs/frame=34.0, infer=61.1ms
2026-10-01 10:17:13,459 [INFO] __main__: [prof node:node_01] ai 12.0 fps objs/frame=53.3 | infer=58.8ms track=3.4ms acquire=20.7ms
2026-10-01 10:17:13,459 [INFO] __main__: [prof node:node_01] disp 12.0 fps | acquire=0.0ms render=0.0ms publish=0.0ms
2026-10-01 10:17:13,459 [INFO] __main__: [prof node:node_01]   high>15: 61 frames, objs/frame=53.3, infer=58.8ms
2026-10-01 10:17:13,986 [INFO] __main__: [prof node:node_03] ai 15.8 fps objs/frame=14.5 | infer=61.4ms track=1.5ms acquire=0.2ms
2026-10-01 10:17:13,993 [INFO] __main__: [prof node:node_03] disp 25.0 fps | acquire=0.0ms render=0.0ms publish=0.0ms
2026-10-01 10:17:13,993 [INFO] __main__: [prof node:node_03]   high>15: 26 frames, objs/frame=17.8, infer=60.7ms
2026-10-01 10:17:14,090 [INFO] __main__: [prof node:node_02] ai 15.8 fps objs/frame=34.6 | infer=60.6ms track=2.5ms acquire=0.0ms
2026-10-01 10:17:14,097 [INFO] __main__: [prof node:node_02] disp 25.0 fps | acquire=0.0ms render=0.0ms publish=0.0ms
2026-10-01 10:17:14,097 [INFO] __main__: [prof node:node_02]   high>15: 79 frames, objs/frame=34.6, infer=60.6ms
2026-10-01 10:17:18,542 [INFO] __main__: [prof node:node_01] ai 12.0 fps objs/frame=52.6 | infer=59.9ms track=3.1ms acquire=19.9ms
2026-10-01 10:17:18,542 [INFO] __main__: [prof node:node_01] disp 12.0 fps | acquire=0.0ms render=0.0ms publish=0.0ms
2026-10-01 10:17:18,542 [INFO] __main__: [prof node:node_01]   high>15: 61 frames, objs/frame=52.6, infer=59.9ms
2026-10-01 10:17:18,993 [INFO] __main__: [prof node:node_03] ai 16.0 fps objs/frame=14.7 | infer=60.4ms track=1.3ms acquire=0.7ms
2026-10-01 10:17:18,993 [INFO] __main__: [prof node:node_03] disp 24.8 fps | acquire=0.0ms render=0.0ms publish=0.0ms
2026-10-01 10:17:18,993 [INFO] __main__: [prof node:node_03]   low<10: 1 frames, objs/frame=0.0, infer=36.0ms
2026-10-01 10:17:18,993 [INFO] __main__: [prof node:node_03]   high>15: 21 frames, objs/frame=17.0, infer=65.9ms
2026-10-01 10:17:19,157 [INFO] __main__: [prof node:node_02] ai 16.2 fps objs/frame=35.8 | infer=58.7ms track=2.2ms acquire=0.5ms
2026-10-01 10:17:19,157 [INFO] __main__: [prof node:node_02] disp 24.9 fps | acquire=0.0ms render=0.0ms publish=0.0ms
2026-10-01 10:17:19,158 [INFO] __main__: [prof node:node_02]   high>15: 82 frames, objs/frame=35.8, infer=58.7ms
2026-10-01 10:17:23,627 [INFO] __main__: [prof node:node_01] ai 12.0 fps objs/frame=50.3 | infer=56.2ms track=3.1ms acquire=23.5ms
2026-10-01 10:17:23,627 [INFO] __main__: [prof node:node_01] disp 12.0 fps | acquire=0.0ms render=0.0ms publish=0.0ms
2026-10-01 10:17:23,627 [INFO] __main__: [prof node:node_01]   high>15: 61 frames, objs/frame=50.3, infer=56.2ms
2026-10-01 10:17:24,007 [INFO] __main__: [prof node:node_03] ai 17.5 fps objs/frame=10.4 | infer=53.9ms track=0.9ms acquire=2.1ms
2026-10-01 10:17:24,007 [INFO] __main__: [prof node:node_03] disp 24.3 fps | acquire=0.0ms render=0.0ms publish=0.0ms
2026-10-01 10:17:24,007 [INFO] __main__: [prof node:node_03]   low<10: 41 frames, objs/frame=8.5, infer=55.0ms
2026-10-01 10:17:24,166 [INFO] __main__: [prof node:node_02] ai 17.7 fps objs/frame=34.2 | infer=52.4ms track=2.2ms acquire=1.4ms
2026-10-01 10:17:24,166 [INFO] __main__: [prof node:node_02] disp 24.7 fps | acquire=0.0ms render=0.0ms publish=0.0ms
2026-10-01 10:17:24,166 [INFO] __main__: [prof node:node_02]   high>15: 89 frames, objs/frame=34.2, infer=52.4ms
2026-10-01 10:17:28,695 [INFO] __main__: [prof node:node_01] ai 12.0 fps objs/frame=49.6 | infer=54.9ms track=3.4ms acquire=24.3ms
2026-10-01 10:17:28,695 [INFO] __main__: [prof node:node_01] disp 12.0 fps | acquire=0.0ms render=0.0ms publish=0.0ms
2026-10-01 10:17:28,695 [INFO] __main__: [prof node:node_01]   low<10: 1 frames, objs/frame=0.0, infer=41.3ms
2026-10-01 10:17:28,695 [INFO] __main__: [prof node:node_01]   high>15: 60 frames, objs/frame=50.4, infer=55.1ms
2026-10-01 10:17:29,059 [INFO] __main__: [prof node:node_03] ai 17.0 fps objs/frame=14.8 | infer=56.2ms track=1.2ms acquire=1.1ms
2026-10-01 10:17:29,059 [INFO] __main__: [prof node:node_03] disp 24.9 fps | acquire=0.0ms render=0.0ms publish=0.0ms
2026-10-01 10:17:29,059 [INFO] __main__: [prof node:node_03]   high>15: 23 frames, objs/frame=18.3, infer=56.5ms
2026-10-01 10:17:29,205 [INFO] __main__: [prof node:node_02] ai 17.3 fps objs/frame=30.6 | infer=54.5ms track=2.3ms acquire=0.8ms
2026-10-01 10:17:29,205 [INFO] __main__: [prof node:node_02] disp 24.8 fps | acquire=0.0ms render=0.0ms publish=0.0ms
2026-10-01 10:17:29,205 [INFO] __main__: [prof node:node_02]   high>15: 87 frames, objs/frame=30.6, infer=54.5ms
2026-10-01 10:17:33,698 [INFO] __main__: [prof node:node_01] ai 12.0 fps objs/frame=54.5 | infer=60.8ms track=3.4ms acquire=18.8ms
2026-10-01 10:17:33,698 [INFO] __main__: [prof node:node_01] disp 12.0 fps | acquire=0.0ms render=0.0ms publish=0.0ms
2026-10-01 10:17:33,698 [INFO] __main__: [prof node:node_01]   high>15: 60 frames, objs/frame=54.5, infer=60.8ms
2026-10-01 10:17:34,093 [INFO] __main__: [prof node:node_03] ai 14.5 fps objs/frame=28.9 | infer=64.4ms track=2.4ms acquire=1.9ms
2026-10-01 10:17:34,093 [INFO] __main__: [prof node:node_03] disp 24.0 fps | acquire=0.0ms render=0.0ms publish=0.0ms
2026-10-01 10:17:34,103 [INFO] __main__: [prof node:node_03]   high>15: 73 frames, objs/frame=28.9, infer=64.4ms
2026-10-01 10:17:34,264 [INFO] __main__: [prof node:node_02] ai 14.6 fps objs/frame=30.0 | infer=64.4ms track=2.0ms acquire=1.6ms
2026-10-01 10:17:34,265 [INFO] __main__: [prof node:node_02] disp 24.5 fps | acquire=0.0ms render=0.0ms publish=0.0ms
2026-10-01 10:17:34,265 [INFO] __main__: [prof node:node_02]   high>15: 74 frames, objs/frame=30.0, infer=64.4ms
2026-10-01 10:17:38,697 [INFO] __main__: [prof node:node_01] ai 12.0 fps objs/frame=53.4 | infer=67.5ms track=3.4ms acquire=12.0ms
2026-10-01 10:17:38,708 [INFO] __main__: [prof node:node_01] disp 12.0 fps | acquire=0.0ms render=0.0ms publish=0.0ms
2026-10-01 10:17:38,708 [INFO] __main__: [prof node:node_01]   high>15: 60 frames, objs/frame=53.4, infer=67.5ms
2026-10-01 10:17:39,160 [INFO] __main__: [prof node:node_03] ai 13.6 fps objs/frame=38.3 | infer=68.9ms track=3.0ms acquire=1.1ms
2026-10-01 10:17:39,160 [INFO] __main__: [prof node:node_03] disp 24.3 fps | acquire=0.0ms render=0.0ms publish=0.0ms
2026-10-01 10:17:39,160 [INFO] __main__: [prof node:node_03]   high>15: 69 frames, objs/frame=38.3, infer=68.9ms
2026-10-01 10:17:39,354 [INFO] __main__: [prof node:node_02] ai 13.6 fps objs/frame=32.9 | infer=70.7ms track=1.9ms acquire=0.9ms
2026-10-01 10:17:39,354 [INFO] __main__: [prof node:node_02] disp 24.6 fps | acquire=0.0ms render=0.0ms publish=0.0ms
2026-10-01 10:17:39,354 [INFO] __main__: [prof node:node_02]   high>15: 69 frames, objs/frame=32.9, infer=70.7ms
2026-10-01 10:17:43,784 [INFO] __main__: [prof node:node_01] ai 12.0 fps objs/frame=50.4 | infer=69.3ms track=3.6ms acquire=9.9ms
2026-10-01 10:17:43,784 [INFO] __main__: [prof node:node_01] disp 12.0 fps | acquire=0.0ms render=0.0ms publish=0.0ms
2026-10-01 10:17:43,784 [INFO] __main__: [prof node:node_01]   high>15: 61 frames, objs/frame=50.4, infer=69.3ms
2026-10-01 10:17:44,200 [INFO] __main__: [prof node:node_03] ai 13.3 fps objs/frame=42.8 | infer=71.6ms track=3.1ms acquire=0.3ms
2026-10-01 10:17:44,201 [INFO] __main__: [prof node:node_03] disp 24.6 fps | acquire=0.0ms render=0.0ms publish=0.0ms
2026-10-01 10:17:44,201 [INFO] __main__: [prof node:node_03]   high>15: 67 frames, objs/frame=42.8, infer=71.6ms
2026-10-01 10:17:44,402 [INFO] __main__: [prof node:node_02] ai 13.3 fps objs/frame=29.9 | infer=72.6ms track=2.3ms acquire=0.2ms
2026-10-01 10:17:44,402 [INFO] __main__: [prof node:node_02] disp 24.4 fps | acquire=0.0ms render=0.0ms publish=0.0ms
2026-10-01 10:17:44,402 [INFO] __main__: [prof node:node_02]   high>15: 67 frames, objs/frame=29.9, infer=72.6ms
2026-10-01 10:17:48,791 [INFO] __main__: [prof node:node_01] ai 12.0 fps objs/frame=48.4 | infer=64.6ms track=3.9ms acquire=14.6ms
2026-10-01 10:17:48,798 [INFO] __main__: [prof node:node_01] disp 12.0 fps | acquire=0.0ms render=0.0ms publish=0.0ms
2026-10-01 10:17:48,798 [INFO] __main__: [prof node:node_01]   high>15: 60 frames, objs/frame=48.4, infer=64.6ms
2026-10-01 10:17:49,270 [INFO] __main__: [prof node:node_03] ai 13.6 fps objs/frame=42.1 | infer=68.5ms track=3.5ms acquire=1.2ms
2026-10-01 10:17:49,270 [INFO] __main__: [prof node:node_03] disp 24.2 fps | acquire=0.0ms render=0.0ms publish=0.0ms
2026-10-01 10:17:49,270 [INFO] __main__: [prof node:node_03]   high>15: 69 frames, objs/frame=42.1, infer=68.5ms
2026-10-01 10:17:49,409 [INFO] __main__: [prof node:node_02] ai 13.8 fps objs/frame=35.3 | infer=68.4ms track=2.5ms acquire=1.2ms
2026-10-01 10:17:49,409 [INFO] __main__: [prof node:node_02] disp 24.6 fps | acquire=0.0ms render=0.0ms publish=0.0ms
2026-10-01 10:17:49,409 [INFO] __main__: [prof node:node_02]   high>15: 69 frames, objs/frame=35.3, infer=68.4ms
2026-10-01 10:17:53,800 [INFO] __main__: [prof node:node_01] ai 12.0 fps objs/frame=45.7 | infer=62.9ms track=4.1ms acquire=15.9ms
2026-10-01 10:17:53,800 [INFO] __main__: [prof node:node_01] disp 12.0 fps | acquire=0.0ms render=0.0ms publish=0.0ms
2026-10-01 10:17:53,800 [INFO] __main__: [prof node:node_01]   high>15: 60 frames, objs/frame=45.7, infer=62.9ms
2026-10-01 10:17:54,319 [INFO] __main__: [prof node:node_03] ai 14.5 fps objs/frame=39.7 | infer=65.7ms track=2.7ms acquire=0.4ms
2026-10-01 10:17:54,319 [INFO] __main__: [prof node:node_03] disp 24.2 fps | acquire=0.0ms render=0.0ms publish=0.0ms
2026-10-01 10:17:54,319 [INFO] __main__: [prof node:node_03]   high>15: 73 frames, objs/frame=39.7, infer=65.7ms
2026-10-01 10:17:54,423 [INFO] __main__: [prof node:node_02] ai 14.8 fps objs/frame=31.9 | infer=63.8ms track=3.1ms acquire=0.6ms
2026-10-01 10:17:54,423 [INFO] __main__: [prof node:node_02] disp 24.3 fps | acquire=0.0ms render=0.0ms publish=0.0ms
2026-10-01 10:17:54,423 [INFO] __main__: [prof node:node_02]   high>15: 74 frames, objs/frame=31.9, infer=63.8ms
2026-10-01 10:17:58,805 [INFO] __main__: [prof node:node_01] ai 12.0 fps objs/frame=44.4 | infer=60.2ms track=4.7ms acquire=18.1ms
2026-10-01 10:17:58,805 [INFO] __main__: [prof node:node_01] disp 12.0 fps | acquire=0.0ms render=0.0ms publish=0.0ms
2026-10-01 10:17:58,805 [INFO] __main__: [prof node:node_01]   high>15: 60 frames, objs/frame=44.4, infer=60.2ms
2026-10-01 10:17:59,325 [INFO] __main__: [prof node:node_03] ai 14.2 fps objs/frame=42.5 | infer=67.9ms track=2.4ms acquire=0.0ms
2026-10-01 10:17:59,327 [INFO] __main__: [prof node:node_03] disp 25.0 fps | acquire=0.0ms render=0.0ms publish=0.0ms
2026-10-01 10:17:59,327 [INFO] __main__: [prof node:node_03]   high>15: 71 frames, objs/frame=42.5, infer=67.9ms
2026-10-01 10:17:59,430 [INFO] __main__: [prof node:node_02] ai 14.2 fps objs/frame=31.9 | infer=66.9ms track=3.3ms acquire=0.0ms
2026-10-01 10:17:59,430 [INFO] __main__: [prof node:node_02] disp 25.2 fps | acquire=0.0ms render=0.0ms publish=0.0ms
2026-10-01 10:17:59,430 [INFO] __main__: [prof node:node_02]   high>15: 71 frames, objs/frame=31.9, infer=66.9ms
2026-10-01 10:18:03,811 [INFO] __main__: [prof node:node_01] ai 12.0 fps objs/frame=32.1 | infer=60.6ms track=3.7ms acquire=18.7ms
2026-10-01 10:18:03,811 [INFO] __main__: [prof node:node_01] disp 12.0 fps | acquire=0.0ms render=0.0ms publish=0.0ms
2026-10-01 10:18:03,811 [INFO] __main__: [prof node:node_01]   high>15: 60 frames, objs/frame=32.1, infer=60.6ms
2026-10-01 10:18:04,381 [INFO] __main__: [prof node:node_03] ai 15.2 fps objs/frame=44.9 | infer=62.5ms track=2.4ms acquire=0.4ms
2026-10-01 10:18:04,381 [INFO] __main__: [prof node:node_03] disp 24.3 fps | acquire=0.0ms render=0.0ms publish=0.0ms
2026-10-01 10:18:04,381 [INFO] __main__: [prof node:node_03]   high>15: 77 frames, objs/frame=44.9, infer=62.5ms
2026-10-01 10:18:04,448 [INFO] __main__: [prof node:node_02] ai 15.3 fps objs/frame=25.7 | infer=61.7ms track=3.0ms acquire=0.1ms
2026-10-01 10:18:04,448 [INFO] __main__: [prof node:node_02] disp 24.7 fps | acquire=0.0ms render=0.0ms publish=0.0ms
2026-10-01 10:18:04,449 [INFO] __main__: [prof node:node_02]   high>15: 77 frames, objs/frame=25.7, infer=61.7ms
2026-10-01 10:18:08,868 [INFO] __main__: [prof node:node_01] ai 12.1 fps objs/frame=36.2 | infer=57.0ms track=3.3ms acquire=22.3ms
2026-10-01 10:18:08,868 [INFO] __main__: [prof node:node_01] disp 12.1 fps | acquire=0.0ms render=0.0ms publish=0.0ms
2026-10-01 10:18:08,868 [INFO] __main__: [prof node:node_01]   high>15: 61 frames, objs/frame=36.2, infer=57.0ms
2026-10-01 10:18:09,388 [INFO] __main__: [prof node:node_03] ai 16.0 fps objs/frame=43.7 | infer=59.6ms track=2.3ms acquire=0.4ms
2026-10-01 10:18:09,388 [INFO] __main__: [prof node:node_03] disp 24.8 fps | acquire=0.0ms render=0.0ms publish=0.0ms
2026-10-01 10:18:09,388 [INFO] __main__: [prof node:node_03]   high>15: 80 frames, objs/frame=43.7, infer=59.6ms
2026-10-01 10:18:09,479 [INFO] __main__: [prof node:node_02] ai 15.3 fps objs/frame=19.6 | infer=60.6ms track=2.3ms acquire=2.1ms
2026-10-01 10:18:09,480 [INFO] __main__: [prof node:node_02] disp 23.8 fps | acquire=0.0ms render=0.0ms publish=0.0ms
2026-10-01 10:18:09,481 [INFO] __main__: [prof node:node_02]   high>15: 69 frames, objs/frame=20.1, infer=59.8ms
2026-10-01 10:18:13,943 [INFO] __main__: [prof node:node_01] ai 12.0 fps objs/frame=34.5 | infer=51.7ms track=2.8ms acquire=28.3ms
2026-10-01 10:18:13,943 [INFO] __main__: [prof node:node_01] disp 12.0 fps | acquire=0.0ms render=0.0ms publish=0.0ms
2026-10-01 10:18:13,943 [INFO] __main__: [prof node:node_01]   high>15: 61 frames, objs/frame=34.5, infer=51.7ms
2026-10-01 10:18:14,397 [INFO] __main__: [prof node:node_03] ai 18.4 fps objs/frame=32.2 | infer=51.7ms track=2.0ms acquire=0.4ms
2026-10-01 10:18:14,397 [INFO] __main__: [prof node:node_03] disp 25.0 fps | acquire=0.0ms render=0.0ms publish=0.0ms
2026-10-01 10:18:14,397 [INFO] __main__: [prof node:node_03]   high>15: 92 frames, objs/frame=32.2, infer=51.7ms
2026-10-01 10:18:14,480 [INFO] __main__: [prof node:node_02] ai 18.0 fps objs/frame=16.5 | infer=52.7ms track=1.6ms acquire=1.1ms
2026-10-01 10:18:14,480 [INFO] __main__: [prof node:node_02] disp 24.4 fps | acquire=0.0ms render=0.0ms publish=0.0ms
2026-10-01 10:18:14,480 [INFO] __main__: [prof node:node_02]   high>15: 57 frames, objs/frame=17.9, infer=51.4ms
2026-10-01 10:18:18,956 [INFO] __main__: [prof node:node_01] ai 12.0 fps objs/frame=29.0 | infer=53.2ms track=3.0ms acquire=26.8ms
2026-10-01 10:18:18,957 [INFO] __main__: [prof node:node_01] disp 12.0 fps | acquire=0.0ms render=0.0ms publish=0.0ms
2026-10-01 10:18:18,957 [INFO] __main__: [prof node:node_01]   high>15: 60 frames, objs/frame=29.0, infer=53.2ms
2026-10-01 10:18:19,429 [INFO] __main__: [prof node:node_03] ai 16.7 fps objs/frame=37.0 | infer=56.1ms track=3.1ms acquire=0.4ms
2026-10-01 10:18:19,429 [INFO] __main__: [prof node:node_03] disp 24.5 fps | acquire=0.0ms render=0.0ms publish=0.0ms
2026-10-01 10:18:19,429 [INFO] __main__: [prof node:node_03]   high>15: 84 frames, objs/frame=37.0, infer=56.1ms
2026-10-01 10:18:19,505 [INFO] __main__: [prof node:node_02] ai 16.5 fps objs/frame=25.9 | infer=57.3ms track=2.0ms acquire=1.0ms
2026-10-01 10:18:19,505 [INFO] __main__: [prof node:node_02] disp 24.3 fps | acquire=0.0ms render=0.0ms publish=0.0ms
2026-10-01 10:18:19,505 [INFO] __main__: [prof node:node_02]   high>15: 83 frames, objs/frame=25.9, infer=57.3ms
2026-10-01 10:18:24,020 [INFO] __main__: [prof node:node_01] ai 12.0 fps objs/frame=21.7 | infer=50.4ms track=2.3ms acquire=29.9ms
2026-10-01 10:18:24,020 [INFO] __main__: [prof node:node_01] disp 12.0 fps | acquire=0.0ms render=0.0ms publish=0.0ms
2026-10-01 10:18:24,020 [INFO] __main__: [prof node:node_01]   high>15: 48 frames, objs/frame=24.1, infer=51.3ms
2026-10-01 10:18:24,445 [INFO] __main__: [prof node:node_03] ai 18.1 fps objs/frame=34.4 | infer=51.1ms track=3.5ms acquire=0.3ms
2026-10-01 10:18:24,445 [INFO] __main__: [prof node:node_03] disp 25.1 fps | acquire=0.0ms render=0.0ms publish=0.0ms
2026-10-01 10:18:24,445 [INFO] __main__: [prof node:node_03]   high>15: 91 frames, objs/frame=34.4, infer=51.1ms
2026-10-01 10:18:24,548 [INFO] __main__: [prof node:node_02] ai 18.2 fps objs/frame=17.3 | infer=51.7ms track=1.9ms acquire=1.0ms
2026-10-01 10:18:24,548 [INFO] __main__: [prof node:node_02] disp 25.0 fps | acquire=0.0ms render=0.0ms publish=0.0ms
2026-10-01 10:18:24,548 [INFO] __main__: [prof node:node_02]   high>15: 61 frames, objs/frame=19.2, infer=53.9ms
2026-10-01 10:18:29,037 [INFO] __main__: [prof node:node_01] ai 12.0 fps objs/frame=29.9 | infer=49.6ms track=2.1ms acquire=31.6ms
2026-10-01 10:18:29,037 [INFO] __main__: [prof node:node_01] disp 12.0 fps | acquire=0.0ms render=0.0ms publish=0.0ms
2026-10-01 10:18:29,037 [INFO] __main__: [prof node:node_01]   high>15: 60 frames, objs/frame=29.9, infer=49.6ms
2026-10-01 10:18:29,484 [INFO] __main__: [prof node:node_03] ai 19.0 fps objs/frame=21.1 | infer=48.1ms track=2.6ms acquire=1.6ms
2026-10-01 10:18:29,484 [INFO] __main__: [prof node:node_03] disp 25.0 fps | acquire=0.0ms render=0.0ms publish=0.0ms
2026-10-01 10:18:29,484 [INFO] __main__: [prof node:node_03]   high>15: 94 frames, objs/frame=21.3, infer=47.9ms
2026-10-01 10:18:29,561 [INFO] __main__: [prof node:node_02] ai 18.6 fps objs/frame=23.1 | infer=49.2ms track=2.2ms acquire=2.2ms
2026-10-01 10:18:29,561 [INFO] __main__: [prof node:node_02] disp 24.5 fps | acquire=0.0ms render=0.0ms publish=0.0ms
2026-10-01 10:18:29,561 [INFO] __main__: [prof node:node_02]   low<10: 1 frames, objs/frame=3.0, infer=27.0ms
2026-10-01 10:18:29,561 [INFO] __main__: [prof node:node_02]   high>15: 92 frames, objs/frame=23.4, infer=49.4ms
2026-10-01 10:18:34,092 [INFO] __main__: [prof node:node_01] ai 12.1 fps objs/frame=27.8 | infer=46.9ms track=2.1ms acquire=33.4ms
2026-10-01 10:18:34,092 [INFO] __main__: [prof node:node_01] disp 12.1 fps | acquire=0.0ms render=0.0ms publish=0.0ms
2026-10-01 10:18:34,092 [INFO] __main__: [prof node:node_01]   high>15: 61 frames, objs/frame=27.8, infer=46.9ms
2026-10-01 10:18:34,532 [INFO] __main__: [prof node:node_03] ai 20.0 fps objs/frame=17.1 | infer=46.8ms track=1.8ms acquire=1.1ms
2026-10-01 10:18:34,533 [INFO] __main__: [prof node:node_03] disp 24.4 fps | acquire=0.0ms render=0.0ms publish=0.0ms
2026-10-01 10:18:34,533 [INFO] __main__: [prof node:node_03]   high>15: 82 frames, objs/frame=17.8, infer=46.7ms
2026-10-01 10:18:34,589 [INFO] __main__: [prof node:node_02] ai 20.1 fps objs/frame=19.4 | infer=45.7ms track=2.3ms acquire=1.5ms
2026-10-01 10:18:34,589 [INFO] __main__: [prof node:node_02] disp 24.5 fps | acquire=0.0ms render=0.0ms publish=0.0ms
2026-10-01 10:18:34,589 [INFO] __main__: [prof node:node_02]   high>15: 95 frames, objs/frame=19.7, infer=45.9ms
2026-10-01 10:18:39,110 [INFO] __main__: [prof node:node_01] ai 12.0 fps objs/frame=22.4 | infer=47.2ms track=1.9ms acquire=34.1ms
2026-10-01 10:18:39,110 [INFO] __main__: [prof node:node_01] disp 12.0 fps | acquire=0.0ms render=0.0ms publish=0.0ms
2026-10-01 10:18:39,110 [INFO] __main__: [prof node:node_01]   low<10: 1 frames, objs/frame=0.0, infer=37.7ms
2026-10-01 10:18:39,110 [INFO] __main__: [prof node:node_01]   high>15: 59 frames, objs/frame=22.7, infer=47.3ms
2026-10-01 10:18:39,567 [INFO] __main__: [prof node:node_03] ai 20.8 fps objs/frame=13.9 | infer=45.4ms track=1.7ms acquire=0.7ms
2026-10-01 10:18:39,567 [INFO] __main__: [prof node:node_03] disp 25.0 fps | acquire=0.0ms render=0.0ms publish=0.0ms
2026-10-01 10:18:39,567 [INFO] __main__: [prof node:node_03]   low<10: 6 frames, objs/frame=8.7, infer=38.6ms
2026-10-01 10:18:39,567 [INFO] __main__: [prof node:node_03]   high>15: 39 frames, objs/frame=17.8, infer=44.5ms
2026-10-01 10:18:39,637 [INFO] __main__: [prof node:node_02] ai 20.0 fps objs/frame=21.3 | infer=46.3ms track=2.1ms acquire=1.4ms
2026-10-01 10:18:39,644 [INFO] __main__: [prof node:node_02] disp 24.6 fps | acquire=0.0ms render=0.0ms publish=0.0ms
2026-10-01 10:18:39,644 [INFO] __main__: [prof node:node_02]   low<10: 1 frames, objs/frame=0.0, infer=52.3ms
2026-10-01 10:18:39,644 [INFO] __main__: [prof node:node_02]   high>15: 99 frames, objs/frame=21.6, infer=46.2ms
2026-10-01 10:18:44,116 [INFO] __main__: [prof node:node_01] ai 12.0 fps objs/frame=18.8 | infer=43.1ms track=1.8ms acquire=38.2ms
2026-10-01 10:18:44,116 [INFO] __main__: [prof node:node_01] disp 12.0 fps | acquire=0.0ms render=0.0ms publish=0.0ms
2026-10-01 10:18:44,116 [INFO] __main__: [prof node:node_01]   high>15: 49 frames, objs/frame=19.8, infer=43.8ms
2026-10-01 10:18:44,622 [INFO] __main__: [prof node:node_03] ai 21.6 fps objs/frame=11.0 | infer=43.0ms track=1.1ms acquire=2.2ms
2026-10-01 10:18:44,622 [INFO] __main__: [prof node:node_03] disp 24.5 fps | acquire=0.0ms render=0.0ms publish=0.0ms
2026-10-01 10:18:44,622 [INFO] __main__: [prof node:node_03]   low<10: 26 frames, objs/frame=8.5, infer=44.6ms
2026-10-01 10:18:44,646 [INFO] __main__: [prof node:node_02] ai 21.8 fps objs/frame=20.5 | infer=42.6ms track=1.9ms acquire=1.1ms
2026-10-01 10:18:44,646 [INFO] __main__: [prof node:node_02] disp 24.8 fps | acquire=0.0ms render=0.0ms publish=0.0ms
2026-10-01 10:18:44,646 [INFO] __main__: [prof node:node_02]   high>15: 96 frames, objs/frame=21.3, infer=42.7ms
2026-10-01 10:18:49,199 [INFO] __main__: [prof node:node_01] ai 12.0 fps objs/frame=24.8 | infer=44.6ms track=2.0ms acquire=36.5ms
2026-10-01 10:18:49,199 [INFO] __main__: [prof node:node_01] disp 12.0 fps | acquire=0.0ms render=0.0ms publish=0.0ms
2026-10-01 10:18:49,206 [INFO] __main__: [prof node:node_01]   high>15: 61 frames, objs/frame=24.8, infer=44.6ms
2026-10-01 10:18:49,651 [INFO] __main__: [prof node:node_03] ai 20.3 fps objs/frame=13.9 | infer=46.6ms track=1.1ms acquire=1.3ms
2026-10-01 10:18:49,651 [INFO] __main__: [prof node:node_03] disp 24.7 fps | acquire=0.0ms render=0.0ms publish=0.0ms
2026-10-01 10:18:49,652 [INFO] __main__: [prof node:node_03]   low<10: 41 frames, objs/frame=7.6, infer=43.9ms
2026-10-01 10:18:49,652 [INFO] __main__: [prof node:node_03]   high>15: 47 frames, objs/frame=19.9, infer=48.5ms
2026-10-01 10:18:49,666 [INFO] __main__: [prof node:node_02] ai 20.5 fps objs/frame=22.8 | infer=45.2ms track=2.1ms acquire=1.3ms
2026-10-01 10:18:49,671 [INFO] __main__: [prof node:node_02] disp 24.7 fps | acquire=0.0ms render=0.0ms publish=0.0ms
2026-10-01 10:18:49,671 [INFO] __main__: [prof node:node_02]   high>15: 99 frames, objs/frame=23.1, infer=44.8ms
2026-10-01 10:18:54,205 [INFO] __main__: [prof node:node_01] ai 12.0 fps objs/frame=37.8 | infer=50.4ms track=2.3ms acquire=30.3ms
2026-10-01 10:18:54,206 [INFO] __main__: [prof node:node_01] disp 12.0 fps | acquire=0.0ms render=0.0ms publish=0.0ms
2026-10-01 10:18:54,206 [INFO] __main__: [prof node:node_01]   low<10: 1 frames, objs/frame=4.0, infer=48.5ms
2026-10-01 10:18:54,206 [INFO] __main__: [prof node:node_01]   high>15: 59 frames, objs/frame=38.4, infer=50.4ms
2026-10-01 10:18:54,661 [INFO] __main__: [prof node:node_03] ai 18.8 fps objs/frame=27.2 | infer=50.5ms track=1.9ms acquire=0.7ms
2026-10-01 10:18:54,661 [INFO] __main__: [prof node:node_03] disp 25.0 fps | acquire=0.0ms render=0.0ms publish=0.0ms
2026-10-01 10:18:54,662 [INFO] __main__: [prof node:node_03]   high>15: 94 frames, objs/frame=27.2, infer=50.5ms
2026-10-01 10:18:54,678 [INFO] __main__: [prof node:node_02] ai 18.8 fps objs/frame=19.5 | infer=50.5ms track=1.7ms acquire=0.9ms
2026-10-01 10:18:54,678 [INFO] __main__: [prof node:node_02] disp 24.7 fps | acquire=0.0ms render=0.0ms publish=0.0ms
2026-10-01 10:18:54,684 [INFO] __main__: [prof node:node_02]   high>15: 67 frames, objs/frame=21.8, infer=52.1ms
2026-10-01 10:18:59,216 [INFO] __main__: [prof node:node_01] ai 12.0 fps objs/frame=35.6 | infer=54.3ms track=2.5ms acquire=26.3ms
2026-10-01 10:18:59,216 [INFO] __main__: [prof node:node_01] disp 12.0 fps | acquire=0.0ms render=0.0ms publish=0.0ms
2026-10-01 10:18:59,216 [INFO] __main__: [prof node:node_01]   high>15: 60 frames, objs/frame=35.6, infer=54.3ms
2026-10-01 10:18:59,678 [INFO] __main__: [prof node:node_03] ai 17.3 fps objs/frame=31.0 | infer=54.5ms track=2.7ms acquire=0.1ms
2026-10-01 10:18:59,678 [INFO] __main__: [prof node:node_03] disp 24.9 fps | acquire=0.0ms render=0.0ms publish=0.0ms
2026-10-01 10:18:59,678 [INFO] __main__: [prof node:node_03]   high>15: 87 frames, objs/frame=31.0, infer=54.5ms
2026-10-01 10:18:59,724 [INFO] __main__: [prof node:node_02] ai 17.3 fps objs/frame=23.3 | infer=55.4ms track=2.1ms acquire=0.3ms
2026-10-01 10:18:59,724 [INFO] __main__: [prof node:node_02] disp 24.4 fps | acquire=0.0ms render=0.0ms publish=0.0ms
2026-10-01 10:18:59,724 [INFO] __main__: [prof node:node_02]   high>15: 86 frames, objs/frame=23.4, infer=55.3ms
2026-10-01 10:19:04,288 [INFO] __main__: [prof node:node_01] ai 12.0 fps objs/frame=37.5 | infer=53.0ms track=2.4ms acquire=27.4ms
2026-10-01 10:19:04,289 [INFO] __main__: [prof node:node_01] disp 12.0 fps | acquire=0.0ms render=0.0ms publish=0.0ms
2026-10-01 10:19:04,289 [INFO] __main__: [prof node:node_01]   high>15: 61 frames, objs/frame=37.5, infer=53.0ms
2026-10-01 10:19:04,748 [INFO] __main__: [prof node:node_03] ai 17.2 fps objs/frame=29.3 | infer=54.3ms track=2.5ms acquire=1.2ms
2026-10-01 10:19:04,748 [INFO] __main__: [prof node:node_03] disp 24.5 fps | acquire=0.0ms render=0.0ms publish=0.0ms
2026-10-01 10:19:04,749 [INFO] __main__: [prof node:node_03]   high>15: 87 frames, objs/frame=29.3, infer=54.3ms
2026-10-01 10:19:04,761 [INFO] __main__: [prof node:node_02] ai 17.5 fps objs/frame=22.3 | infer=54.1ms track=2.2ms acquire=0.7ms
2026-10-01 10:19:04,761 [INFO] __main__: [prof node:node_02] disp 24.6 fps | acquire=0.0ms render=0.0ms publish=0.0ms
2026-10-01 10:19:04,761 [INFO] __main__: [prof node:node_02]   high>15: 87 frames, objs/frame=22.4, infer=54.0ms
2026-10-01 10:19:09,369 [INFO] __main__: [prof node:node_01] ai 12.0 fps objs/frame=36.4 | infer=50.9ms track=3.0ms acquire=28.9ms
2026-10-01 10:19:09,369 [INFO] __main__: [prof node:node_01] disp 12.0 fps | acquire=0.0ms render=0.0ms publish=0.0ms
2026-10-01 10:19:09,369 [INFO] __main__: [prof node:node_01]   high>15: 61 frames, objs/frame=36.4, infer=50.9ms
2026-10-01 10:19:09,762 [INFO] __main__: [prof node:node_03] ai 16.8 fps objs/frame=35.8 | infer=55.3ms track=2.5ms acquire=1.6ms
2026-10-01 10:19:09,762 [INFO] __main__: [prof node:node_03] disp 24.3 fps | acquire=0.0ms render=0.0ms publish=0.0ms
2026-10-01 10:19:09,762 [INFO] __main__: [prof node:node_03]   high>15: 84 frames, objs/frame=35.8, infer=55.3ms
2026-10-01 10:19:09,796 [INFO] __main__: [prof node:node_02] ai 17.3 fps objs/frame=19.6 | infer=55.0ms track=1.9ms acquire=0.7ms
2026-10-01 10:19:09,797 [INFO] __main__: [prof node:node_02] disp 24.4 fps | acquire=0.0ms render=0.0ms publish=0.0ms
2026-10-01 10:19:09,797 [INFO] __main__: [prof node:node_02]   high>15: 81 frames, objs/frame=20.0, infer=55.0ms
2026-10-01 10:19:14,369 [INFO] __main__: [prof node:node_01] ai 12.0 fps objs/frame=36.5 | infer=55.1ms track=2.7ms acquire=25.0ms
2026-10-01 10:19:14,370 [INFO] __main__: [prof node:node_01] disp 12.0 fps | acquire=0.0ms render=0.0ms publish=0.0ms
2026-10-01 10:19:14,371 [INFO] __main__: [prof node:node_01]   high>15: 60 frames, objs/frame=36.5, infer=55.1ms
2026-10-01 10:19:14,802 [INFO] __main__: [prof node:node_03] ai 16.9 fps objs/frame=42.0 | infer=55.1ms track=3.1ms acquire=0.9ms
2026-10-01 10:19:14,802 [INFO] __main__: [prof node:node_03] disp 24.6 fps | acquire=0.0ms render=0.0ms publish=0.0ms
2026-10-01 10:19:14,802 [INFO] __main__: [prof node:node_03]   high>15: 85 frames, objs/frame=42.0, infer=55.1ms
2026-10-01 10:19:14,816 [INFO] __main__: [prof node:node_02] ai 16.5 fps objs/frame=20.7 | infer=55.8ms track=1.8ms acquire=2.7ms
2026-10-01 10:19:14,816 [INFO] __main__: [prof node:node_02] disp 24.1 fps | acquire=0.0ms render=0.0ms publish=0.0ms
2026-10-01 10:19:14,816 [INFO] __main__: [prof node:node_02]   high>15: 80 frames, objs/frame=20.9, infer=55.8ms
2026-10-01 10:19:19,470 [INFO] __main__: [prof node:node_01] ai 12.0 fps objs/frame=39.4 | infer=53.0ms track=2.8ms acquire=27.4ms
2026-10-01 10:19:19,470 [INFO] __main__: [prof node:node_01] disp 12.0 fps | acquire=0.0ms render=0.0ms publish=0.0ms
2026-10-01 10:19:19,470 [INFO] __main__: [prof node:node_01]   high>15: 61 frames, objs/frame=39.4, infer=53.0ms
2026-10-01 10:19:19,823 [INFO] __main__: [prof node:node_03] ai 16.5 fps objs/frame=34.1 | infer=55.7ms track=2.8ms acquire=1.8ms
2026-10-01 10:19:19,823 [INFO] __main__: [prof node:node_03] disp 24.3 fps | acquire=0.0ms render=0.0ms publish=0.0ms
2026-10-01 10:19:19,823 [INFO] __main__: [prof node:node_03]   low<10: 1 frames, objs/frame=0.0, infer=55.6ms
2026-10-01 10:19:19,823 [INFO] __main__: [prof node:node_03]   high>15: 82 frames, objs/frame=34.5, infer=55.7ms
2026-10-01 10:19:19,840 [INFO] __main__: [prof node:node_02] ai 16.9 fps objs/frame=20.0 | infer=55.3ms track=1.7ms acquire=1.8ms
2026-10-01 10:19:19,841 [INFO] __main__: [prof node:node_02] disp 24.3 fps | acquire=0.0ms render=0.0ms publish=0.0ms
2026-10-01 10:19:19,841 [INFO] __main__: [prof node:node_02]   high>15: 84 frames, objs/frame=20.1, infer=55.3ms
2026-10-01 10:19:24,525 [INFO] __main__: [prof node:node_01] ai 12.1 fps objs/frame=41.2 | infer=56.3ms track=3.1ms acquire=23.0ms
2026-10-01 10:19:24,525 [INFO] __main__: [prof node:node_01] disp 12.1 fps | acquire=0.0ms render=0.0ms publish=0.0ms
2026-10-01 10:19:24,525 [INFO] __main__: [prof node:node_01]   high>15: 61 frames, objs/frame=41.2, infer=56.3ms
2026-10-01 10:19:24,855 [INFO] __main__: [prof node:node_03] ai 16.3 fps objs/frame=39.5 | infer=57.6ms track=2.7ms acquire=0.7ms
2026-10-01 10:19:24,855 [INFO] __main__: [prof node:node_03] disp 24.6 fps | acquire=0.0ms render=0.0ms publish=0.0ms
2026-10-01 10:19:24,855 [INFO] __main__: [prof node:node_03]   high>15: 82 frames, objs/frame=39.5, infer=57.6ms
2026-10-01 10:19:24,899 [INFO] __main__: [prof node:node_02] ai 16.0 fps objs/frame=17.4 | infer=59.6ms track=1.6ms acquire=1.2ms
2026-10-01 10:19:24,906 [INFO] __main__: [prof node:node_02] disp 24.7 fps | acquire=0.0ms render=0.0ms publish=0.0ms
2026-10-01 10:19:24,906 [INFO] __main__: [prof node:node_02]   high>15: 65 frames, objs/frame=18.1, infer=58.9ms
2026-10-01 10:19:29,540 [INFO] __main__: [prof node:node_01] ai 12.0 fps objs/frame=43.9 | infer=60.5ms track=3.1ms acquire=19.4ms
2026-10-01 10:19:29,540 [INFO] __main__: [prof node:node_01] disp 12.0 fps | acquire=0.0ms render=0.0ms publish=0.0ms
2026-10-01 10:19:29,540 [INFO] __main__: [prof node:node_01]   high>15: 60 frames, objs/frame=43.9, infer=60.5ms
2026-10-01 10:19:29,906 [INFO] __main__: [prof node:node_03] ai 15.2 fps objs/frame=44.2 | infer=61.7ms track=2.9ms acquire=0.7ms
2026-10-01 10:19:29,906 [INFO] __main__: [prof node:node_03] disp 24.5 fps | acquire=0.1ms render=0.0ms publish=0.0ms
2026-10-01 10:19:29,913 [INFO] __main__: [prof node:node_03]   high>15: 77 frames, objs/frame=44.2, infer=61.7ms
2026-10-01 10:19:29,927 [INFO] __main__: [prof node:node_02] ai 15.5 fps objs/frame=14.1 | infer=61.9ms track=1.4ms acquire=0.8ms
2026-10-01 10:19:29,927 [INFO] __main__: [prof node:node_02] disp 24.3 fps | acquire=0.1ms render=0.0ms publish=0.0ms
2026-10-01 10:19:29,927 [INFO] __main__: [prof node:node_02]   high>15: 23 frames, objs/frame=16.7, infer=63.5ms
2026-10-01 10:19:34,615 [INFO] __main__: [prof node:node_01] ai 12.0 fps objs/frame=44.3 | infer=62.5ms track=2.9ms acquire=17.3ms
2026-10-01 10:19:34,615 [INFO] __main__: [prof node:node_01] disp 12.0 fps | acquire=0.0ms render=0.0ms publish=0.0ms
2026-10-01 10:19:34,615 [INFO] __main__: [prof node:node_01]   high>15: 61 frames, objs/frame=44.3, infer=62.5ms
2026-10-01 10:19:34,927 [INFO] __main__: [prof node:node_03] ai 15.1 fps objs/frame=43.9 | infer=62.3ms track=3.0ms acquire=0.4ms
2026-10-01 10:19:34,927 [INFO] __main__: [prof node:node_03] disp 24.9 fps | acquire=0.1ms render=0.0ms publish=0.0ms
2026-10-01 10:19:34,927 [INFO] __main__: [prof node:node_03]   high>15: 76 frames, objs/frame=43.9, infer=62.3ms
2026-10-01 10:19:34,975 [INFO] __main__: [prof node:node_02] ai 15.3 fps objs/frame=15.9 | infer=63.3ms track=1.7ms acquire=0.3ms
2026-10-01 10:19:34,975 [INFO] __main__: [prof node:node_02] disp 24.8 fps | acquire=0.1ms render=0.0ms publish=0.0ms
2026-10-01 10:19:34,975 [INFO] __main__: [prof node:node_02]   high>15: 42 frames, objs/frame=17.9, infer=61.0ms
2026-10-01 10:19:39,628 [INFO] __main__: [prof node:node_01] ai 12.0 fps objs/frame=37.9 | infer=57.2ms track=2.7ms acquire=23.3ms
2026-10-01 10:19:39,628 [INFO] __main__: [prof node:node_01] disp 12.0 fps | acquire=0.0ms render=0.0ms publish=0.0ms
2026-10-01 10:19:39,628 [INFO] __main__: [prof node:node_01]   high>15: 60 frames, objs/frame=37.9, infer=57.2ms
2026-10-01 10:19:39,948 [INFO] __main__: [prof node:node_03] ai 16.5 fps objs/frame=38.5 | infer=57.4ms track=2.8ms acquire=0.0ms
2026-10-01 10:19:39,948 [INFO] __main__: [prof node:node_03] disp 24.7 fps | acquire=0.0ms render=0.0ms publish=0.0ms
2026-10-01 10:19:39,948 [INFO] __main__: [prof node:node_03]   high>15: 83 frames, objs/frame=38.5, infer=57.4ms
2026-10-01 10:19:39,990 [INFO] __main__: [prof node:node_02] ai 16.6 fps objs/frame=19.4 | infer=58.1ms track=1.7ms acquire=0.4ms
2026-10-01 10:19:39,992 [INFO] __main__: [prof node:node_02] disp 24.7 fps | acquire=0.1ms render=0.0ms publish=0.0ms
2026-10-01 10:19:39,994 [INFO] __main__: [prof node:node_02]   high>15: 75 frames, objs/frame=19.9, infer=58.0ms
2026-10-01 10:19:44,711 [INFO] __main__: [prof node:node_01] ai 12.0 fps objs/frame=38.4 | infer=56.4ms track=3.0ms acquire=23.4ms
2026-10-01 10:19:44,711 [INFO] __main__: [prof node:node_01] disp 12.0 fps | acquire=0.0ms render=0.0ms publish=0.0ms
2026-10-01 10:19:44,711 [INFO] __main__: [prof node:node_01]   high>15: 61 frames, objs/frame=38.4, infer=56.4ms
2026-10-01 10:19:44,996 [INFO] __main__: [prof node:node_03] ai 16.0 fps objs/frame=37.7 | infer=58.9ms track=2.5ms acquire=0.6ms
2026-10-01 10:19:45,000 [INFO] __main__: [prof node:node_03] disp 24.8 fps | acquire=0.1ms render=0.0ms publish=0.0ms
2026-10-01 10:19:45,000 [INFO] __main__: [prof node:node_03]   low<10: 1 frames, objs/frame=0.0, infer=58.3ms
2026-10-01 10:19:45,000 [INFO] __main__: [prof node:node_03]   high>15: 80 frames, objs/frame=38.2, infer=58.9ms
2026-10-01 10:19:45,021 [INFO] __main__: [prof node:node_02] ai 15.7 fps objs/frame=22.8 | infer=59.7ms track=2.0ms acquire=1.6ms
2026-10-01 10:19:45,021 [INFO] __main__: [prof node:node_02] disp 24.4 fps | acquire=0.1ms render=0.0ms publish=0.0ms
2026-10-01 10:19:45,021 [INFO] __main__: [prof node:node_02]   high>15: 76 frames, objs/frame=23.1, infer=60.2ms
2026-10-01 10:19:49,788 [INFO] __main__: [prof node:node_01] ai 12.0 fps objs/frame=40.7 | infer=57.0ms track=2.9ms acquire=22.9ms
2026-10-01 10:19:49,788 [INFO] __main__: [prof node:node_01] disp 12.0 fps | acquire=0.0ms render=0.0ms publish=0.0ms
2026-10-01 10:19:49,788 [INFO] __main__: [prof node:node_01]   high>15: 61 frames, objs/frame=40.7, infer=57.0ms
2026-10-01 10:19:50,005 [INFO] __main__: [prof node:node_03] ai 15.8 fps objs/frame=44.4 | infer=60.7ms track=1.8ms acquire=0.6ms
2026-10-01 10:19:50,005 [INFO] __main__: [prof node:node_03] disp 24.8 fps | acquire=0.1ms render=0.0ms publish=0.0ms
2026-10-01 10:19:50,007 [INFO] __main__: [prof node:node_03]   high>15: 79 frames, objs/frame=44.4, infer=60.7ms
2026-10-01 10:19:50,023 [INFO] __main__: [prof node:node_02] ai 15.8 fps objs/frame=25.3 | infer=60.3ms track=2.1ms acquire=0.6ms
2026-10-01 10:19:50,023 [INFO] __main__: [prof node:node_02] disp 24.6 fps | acquire=0.1ms render=0.0ms publish=0.0ms
2026-10-01 10:19:50,023 [INFO] __main__: [prof node:node_02]   high>15: 79 frames, objs/frame=25.3, infer=60.3ms
2026-10-01 10:19:54,857 [INFO] __main__: [prof node:node_01] ai 12.0 fps objs/frame=44.2 | infer=58.3ms track=3.3ms acquire=20.9ms
2026-10-01 10:19:54,857 [INFO] __main__: [prof node:node_01] disp 12.0 fps | acquire=0.0ms render=0.0ms publish=0.0ms
2026-10-01 10:19:54,857 [INFO] __main__: [prof node:node_01]   high>15: 61 frames, objs/frame=44.2, infer=58.3ms
2026-10-01 10:19:55,063 [INFO] __main__: [prof node:node_03] ai 15.8 fps objs/frame=35.6 | infer=60.8ms track=1.7ms acquire=0.4ms
2026-10-01 10:19:55,063 [INFO] __main__: [prof node:node_03] disp 24.9 fps | acquire=0.1ms render=0.0ms publish=0.0ms
2026-10-01 10:19:55,064 [INFO] __main__: [prof node:node_03]   high>15: 80 frames, objs/frame=35.6, infer=60.8ms
2026-10-01 10:19:55,088 [INFO] __main__: [prof node:node_02] ai 16.0 fps objs/frame=29.6 | infer=60.1ms track=2.0ms acquire=0.1ms
2026-10-01 10:19:55,089 [INFO] __main__: [prof node:node_02] disp 24.3 fps | acquire=0.0ms render=0.0ms publish=0.0ms
2026-10-01 10:19:55,089 [INFO] __main__: [prof node:node_02]   high>15: 81 frames, objs/frame=29.6, infer=60.1ms
2026-10-01 10:19:59,871 [INFO] __main__: [prof node:node_01] ai 12.0 fps objs/frame=46.3 | infer=60.7ms track=3.5ms acquire=18.9ms
2026-10-01 10:19:59,871 [INFO] __main__: [prof node:node_01] disp 12.0 fps | acquire=0.0ms render=0.0ms publish=0.0ms
2026-10-01 10:19:59,871 [INFO] __main__: [prof node:node_01]   high>15: 59 frames, objs/frame=46.8, infer=61.0ms
2026-10-01 10:20:00,064 [INFO] __main__: [prof node:node_03] ai 14.8 fps objs/frame=30.3 | infer=64.3ms track=2.4ms acquire=0.7ms
2026-10-01 10:20:00,064 [INFO] __main__: [prof node:node_03] disp 24.6 fps | acquire=0.1ms render=0.0ms publish=0.0ms
2026-10-01 10:20:00,064 [INFO] __main__: [prof node:node_03]   high>15: 74 frames, objs/frame=30.3, infer=64.3ms
2026-10-01 10:20:00,156 [INFO] __main__: [prof node:node_02] ai 14.8 fps objs/frame=35.2 | infer=64.5ms track=2.6ms acquire=0.0ms
2026-10-01 10:20:00,157 [INFO] __main__: [prof node:node_02] disp 24.9 fps | acquire=0.1ms render=0.0ms publish=0.0ms
2026-10-01 10:20:00,157 [INFO] __main__: [prof node:node_02]   high>15: 75 frames, objs/frame=35.2, infer=64.5ms
2026-10-01 10:20:04,965 [INFO] __main__: [prof node:node_01] ai 12.0 fps objs/frame=51.8 | infer=61.9ms track=3.6ms acquire=17.5ms
2026-10-01 10:20:04,965 [INFO] __main__: [prof node:node_01] disp 12.0 fps | acquire=0.0ms render=0.0ms publish=0.0ms
2026-10-01 10:20:04,965 [INFO] __main__: [prof node:node_01]   high>15: 61 frames, objs/frame=51.8, infer=61.9ms
2026-10-01 10:20:05,105 [INFO] __main__: [prof node:node_03] ai 14.7 fps objs/frame=25.4 | infer=65.1ms track=2.3ms acquire=0.5ms
2026-10-01 10:20:05,105 [INFO] __main__: [prof node:node_03] disp 24.6 fps | acquire=0.1ms render=0.0ms publish=0.0ms
2026-10-01 10:20:05,105 [INFO] __main__: [prof node:node_03]   high>15: 74 frames, objs/frame=25.4, infer=65.1ms
2026-10-01 10:20:05,195 [INFO] __main__: [prof node:node_02] ai 14.7 fps objs/frame=34.8 | infer=64.4ms track=2.4ms acquire=1.1ms
2026-10-01 10:20:05,195 [INFO] __main__: [prof node:node_02] disp 24.4 fps | acquire=0.1ms render=0.0ms publish=0.0ms
2026-10-01 10:20:05,205 [INFO] __main__: [prof node:node_02]   high>15: 74 frames, objs/frame=34.8, infer=64.4ms
2026-10-01 10:20:09,974 [INFO] __main__: [prof node:node_01] ai 12.0 fps objs/frame=45.3 | infer=61.5ms track=3.8ms acquire=17.7ms
2026-10-01 10:20:09,974 [INFO] __main__: [prof node:node_01] disp 12.0 fps | acquire=0.0ms render=0.0ms publish=0.0ms
2026-10-01 10:20:09,974 [INFO] __main__: [prof node:node_01]   high>15: 60 frames, objs/frame=45.3, infer=61.5ms
2026-10-01 10:20:10,156 [INFO] __main__: [prof node:node_03] ai 14.8 fps objs/frame=38.3 | infer=63.6ms track=2.7ms acquire=0.7ms
2026-10-01 10:20:10,156 [INFO] __main__: [prof node:node_03] disp 24.3 fps | acquire=0.1ms render=0.0ms publish=0.0ms
2026-10-01 10:20:10,156 [INFO] __main__: [prof node:node_03]   high>15: 75 frames, objs/frame=38.3, infer=63.6ms
2026-10-01 10:20:10,248 [INFO] __main__: [prof node:node_02] ai 15.0 fps objs/frame=33.9 | infer=64.0ms track=2.1ms acquire=0.1ms
2026-10-01 10:20:10,248 [INFO] __main__: [prof node:node_02] disp 24.9 fps | acquire=0.1ms render=0.0ms publish=0.0ms
2026-10-01 10:20:10,248 [INFO] __main__: [prof node:node_02]   high>15: 76 frames, objs/frame=33.9, infer=64.0ms
2026-10-01 10:20:15,009 [INFO] __main__: [prof node:node_01] ai 12.1 fps objs/frame=47.4 | infer=60.7ms track=2.9ms acquire=18.6ms
2026-10-01 10:20:15,015 [INFO] __main__: [prof node:node_01] disp 12.1 fps | acquire=0.0ms render=0.0ms publish=0.0ms
2026-10-01 10:20:15,016 [INFO] __main__: [prof node:node_01]   high>15: 61 frames, objs/frame=47.4, infer=60.7ms
2026-10-01 10:20:15,183 [INFO] __main__: [prof node:node_03] ai 15.1 fps objs/frame=34.1 | infer=61.8ms track=3.5ms acquire=0.5ms
2026-10-01 10:20:15,183 [INFO] __main__: [prof node:node_03] disp 24.5 fps | acquire=0.1ms render=0.0ms publish=0.0ms
2026-10-01 10:20:15,183 [INFO] __main__: [prof node:node_03]   high>15: 76 frames, objs/frame=34.1, infer=61.8ms
2026-10-01 10:20:15,321 [INFO] __main__: [prof node:node_02] ai 14.8 fps objs/frame=30.8 | infer=64.5ms track=2.2ms acquire=0.5ms
2026-10-01 10:20:15,321 [INFO] __main__: [prof node:node_02] disp 24.7 fps | acquire=0.1ms render=0.0ms publish=0.0ms
2026-10-01 10:20:15,322 [INFO] __main__: [prof node:node_02]   high>15: 75 frames, objs/frame=30.8, infer=64.5ms
2026-10-01 10:20:20,030 [INFO] __main__: [prof node:node_01] ai 12.0 fps objs/frame=44.4 | infer=54.2ms track=2.9ms acquire=25.9ms
2026-10-01 10:20:20,030 [INFO] __main__: [prof node:node_01] disp 12.0 fps | acquire=0.0ms render=0.0ms publish=0.0ms
2026-10-01 10:20:20,030 [INFO] __main__: [prof node:node_01]   high>15: 60 frames, objs/frame=44.4, infer=54.2ms
2026-10-01 10:20:20,245 [INFO] __main__: [prof node:node_03] ai 15.6 fps objs/frame=25.5 | infer=59.1ms track=2.6ms acquire=2.1ms
2026-10-01 10:20:20,245 [INFO] __main__: [prof node:node_03] disp 23.9 fps | acquire=0.1ms render=0.0ms publish=0.0ms
2026-10-01 10:20:20,245 [INFO] __main__: [prof node:node_03]   low<10: 1 frames, objs/frame=0.0, infer=62.1ms
2026-10-01 10:20:20,245 [INFO] __main__: [prof node:node_03]   high>15: 78 frames, objs/frame=25.8, infer=59.1ms
2026-10-01 10:20:20,342 [INFO] __main__: [prof node:node_02] ai 16.7 fps objs/frame=32.2 | infer=57.1ms track=2.3ms acquire=0.0ms
2026-10-01 10:20:20,342 [INFO] __main__: [prof node:node_02] disp 24.7 fps | acquire=0.1ms render=0.0ms publish=0.0ms
2026-10-01 10:20:20,342 [INFO] __main__: [prof node:node_02]   high>15: 83 frames, objs/frame=32.4, infer=57.4ms
2026-10-01 10:20:25,133 [INFO] __main__: [prof node:node_01] ai 12.0 fps objs/frame=42.0 | infer=57.6ms track=3.1ms acquire=22.4ms
2026-10-01 10:20:25,134 [INFO] __main__: [prof node:node_01] disp 12.0 fps | acquire=0.0ms render=0.0ms publish=0.0ms
2026-10-01 10:20:25,134 [INFO] __main__: [prof node:node_01]   low<10: 1 frames, objs/frame=0.0, infer=47.7ms
2026-10-01 10:20:25,134 [INFO] __main__: [prof node:node_01]   high>15: 60 frames, objs/frame=42.7, infer=57.8ms
2026-10-01 10:20:25,314 [INFO] __main__: [prof node:node_03] ai 15.4 fps objs/frame=32.5 | infer=62.1ms track=2.4ms acquire=0.2ms
2026-10-01 10:20:25,314 [INFO] __main__: [prof node:node_03] disp 24.9 fps | acquire=0.1ms render=0.0ms publish=0.0ms
2026-10-01 10:20:25,314 [INFO] __main__: [prof node:node_03]   high>15: 78 frames, objs/frame=32.5, infer=62.1ms
2026-10-01 10:20:25,405 [INFO] __main__: [prof node:node_02] ai 15.4 fps objs/frame=34.0 | infer=61.6ms track=2.3ms acquire=0.6ms
2026-10-01 10:20:25,405 [INFO] __main__: [prof node:node_02] disp 24.7 fps | acquire=0.1ms render=0.0ms publish=0.0ms
2026-10-01 10:20:25,405 [INFO] __main__: [prof node:node_02]   high>15: 78 frames, objs/frame=34.0, infer=61.6ms
2026-10-01 10:20:30,203 [INFO] __main__: [prof node:node_01] ai 12.0 fps objs/frame=39.8 | infer=57.0ms track=3.3ms acquire=22.3ms
2026-10-01 10:20:30,203 [INFO] __main__: [prof node:node_01] disp 12.0 fps | acquire=0.0ms render=0.0ms publish=0.0ms
2026-10-01 10:20:30,203 [INFO] __main__: [prof node:node_01]   high>15: 61 frames, objs/frame=39.8, infer=57.0ms
2026-10-01 10:20:30,321 [INFO] __main__: [prof node:node_03] ai 16.0 fps objs/frame=32.5 | infer=58.3ms track=2.5ms acquire=1.5ms
2026-10-01 10:20:30,321 [INFO] __main__: [prof node:node_03] disp 24.2 fps | acquire=0.1ms render=0.0ms publish=0.0ms
2026-10-01 10:20:30,321 [INFO] __main__: [prof node:node_03]   high>15: 80 frames, objs/frame=32.5, infer=58.3ms
2026-10-01 10:20:30,418 [INFO] __main__: [prof node:node_02] ai 16.6 fps objs/frame=31.1 | infer=58.1ms track=1.9ms acquire=0.1ms
2026-10-01 10:20:30,418 [INFO] __main__: [prof node:node_02] disp 24.9 fps | acquire=0.1ms render=0.0ms publish=0.0ms
2026-10-01 10:20:30,418 [INFO] __main__: [prof node:node_02]   low<10: 1 frames, objs/frame=0.0, infer=64.4ms
2026-10-01 10:20:30,418 [INFO] __main__: [prof node:node_02]   high>15: 82 frames, objs/frame=31.5, infer=58.0ms
2026-10-01 10:20:35,286 [INFO] __main__: [prof node:node_01] ai 12.0 fps objs/frame=39.7 | infer=56.6ms track=3.5ms acquire=22.8ms
2026-10-01 10:20:35,286 [INFO] __main__: [prof node:node_01] disp 12.0 fps | acquire=0.0ms render=0.0ms publish=0.0ms
2026-10-01 10:20:35,286 [INFO] __main__: [prof node:node_01]   high>15: 61 frames, objs/frame=39.7, infer=56.6ms
2026-10-01 10:20:35,327 [INFO] __main__: [prof node:node_03] ai 16.2 fps objs/frame=28.9 | infer=57.1ms track=2.3ms acquire=2.2ms
2026-10-01 10:20:35,327 [INFO] __main__: [prof node:node_03] disp 24.2 fps | acquire=0.0ms render=0.0ms publish=0.0ms
2026-10-01 10:20:35,327 [INFO] __main__: [prof node:node_03]   low<10: 1 frames, objs/frame=0.0, infer=58.4ms
2026-10-01 10:20:35,327 [INFO] __main__: [prof node:node_03]   high>15: 80 frames, objs/frame=29.3, infer=57.1ms
2026-10-01 10:20:35,425 [INFO] __main__: [prof node:node_02] ai 16.8 fps objs/frame=29.3 | infer=56.1ms track=2.1ms acquire=1.1ms
2026-10-01 10:20:35,425 [INFO] __main__: [prof node:node_02] disp 24.6 fps | acquire=0.0ms render=0.0ms publish=0.0ms
2026-10-01 10:20:35,425 [INFO] __main__: [prof node:node_02]   high>15: 84 frames, objs/frame=29.3, infer=56.1ms
2026-10-01 10:20:40,304 [INFO] __main__: [prof node:node_01] ai 12.0 fps objs/frame=45.1 | infer=56.8ms track=2.9ms acquire=23.4ms
2026-10-01 10:20:40,304 [INFO] __main__: [prof node:node_01] disp 12.0 fps | acquire=0.0ms render=0.0ms publish=0.0ms
2026-10-01 10:20:40,304 [INFO] __main__: [prof node:node_01]   high>15: 60 frames, objs/frame=45.1, infer=56.8ms
2026-10-01 10:20:40,396 [INFO] __main__: [prof node:node_03] ai 16.4 fps objs/frame=20.6 | infer=57.1ms track=2.0ms acquire=1.6ms
2026-10-01 10:20:40,397 [INFO] __main__: [prof node:node_03] disp 24.5 fps | acquire=0.0ms render=0.0ms publish=0.0ms
2026-10-01 10:20:40,397 [INFO] __main__: [prof node:node_03]   high>15: 69 frames, objs/frame=21.9, infer=57.3ms
2026-10-01 10:20:40,488 [INFO] __main__: [prof node:node_02] ai 16.8 fps objs/frame=34.0 | infer=56.4ms track=2.0ms acquire=0.9ms
2026-10-01 10:20:40,488 [INFO] __main__: [prof node:node_02] disp 24.5 fps | acquire=0.0ms render=0.0ms publish=0.0ms
2026-10-01 10:20:40,488 [INFO] __main__: [prof node:node_02]   high>15: 85 frames, objs/frame=34.0, infer=56.4ms
2026-10-01 10:20:45,404 [INFO] __main__: [prof node:node_01] ai 12.0 fps objs/frame=50.0 | infer=56.7ms track=2.8ms acquire=23.6ms
2026-10-01 10:20:45,404 [INFO] __main__: [prof node:node_01] disp 12.1 fps | acquire=0.0ms render=0.0ms publish=0.0ms
2026-10-01 10:20:45,404 [INFO] __main__: [prof node:node_01]   high>15: 61 frames, objs/frame=50.0, infer=56.7ms
2026-10-01 10:20:45,424 [INFO] __main__: [prof node:node_03] ai 16.5 fps objs/frame=16.8 | infer=57.2ms track=2.0ms acquire=1.1ms
2026-10-01 10:20:45,424 [INFO] __main__: [prof node:node_03] disp 24.2 fps | acquire=0.0ms render=0.0ms publish=0.0ms
2026-10-01 10:20:45,431 [INFO] __main__: [prof node:node_03]   low<10: 1 frames, objs/frame=9.0, infer=62.8ms
2026-10-01 10:20:45,432 [INFO] __main__: [prof node:node_03]   high>15: 40 frames, objs/frame=20.7, infer=60.2ms
2026-10-01 10:20:45,527 [INFO] __main__: [prof node:node_02] ai 16.9 fps objs/frame=32.9 | infer=56.3ms track=2.1ms acquire=0.6ms
2026-10-01 10:20:45,527 [INFO] __main__: [prof node:node_02] disp 24.6 fps | acquire=0.1ms render=0.0ms publish=0.0ms
2026-10-01 10:20:45,527 [INFO] __main__: [prof node:node_02]   high>15: 85 frames, objs/frame=32.9, infer=56.3ms
2026-10-01 10:20:50,457 [INFO] __main__: [prof node:node_01] ai 12.1 fps objs/frame=45.5 | infer=61.2ms track=3.0ms acquire=18.0ms
2026-10-01 10:20:50,457 [INFO] __main__: [prof node:node_01] disp 11.9 fps | acquire=0.0ms render=0.0ms publish=0.0ms
2026-10-01 10:20:50,457 [INFO] __main__: [prof node:node_01]   high>15: 61 frames, objs/frame=45.5, infer=61.2ms
2026-10-01 10:20:50,505 [INFO] __main__: [prof node:node_03] ai 15.2 fps objs/frame=31.6 | infer=62.7ms track=2.9ms acquire=0.0ms
2026-10-01 10:20:50,505 [INFO] __main__: [prof node:node_03] disp 24.8 fps | acquire=0.1ms render=0.0ms publish=0.0ms
2026-10-01 10:20:50,507 [INFO] __main__: [prof node:node_03]   high>15: 77 frames, objs/frame=31.6, infer=62.7ms
2026-10-01 10:20:50,598 [INFO] __main__: [prof node:node_02] ai 15.2 fps objs/frame=33.5 | infer=63.0ms track=2.4ms acquire=0.1ms
2026-10-01 10:20:50,598 [INFO] __main__: [prof node:node_02] disp 25.0 fps | acquire=0.1ms render=0.0ms publish=0.0ms
2026-10-01 10:20:50,598 [INFO] __main__: [prof node:node_02]   high>15: 77 frames, objs/frame=33.5, infer=63.0ms
2026-10-01 10:20:55,519 [INFO] __main__: [prof node:node_01] ai 12.0 fps objs/frame=46.8 | infer=61.7ms track=2.9ms acquire=17.9ms
2026-10-01 10:20:55,521 [INFO] __main__: [prof node:node_01] disp 12.0 fps | acquire=0.0ms render=0.0ms publish=0.0ms
2026-10-01 10:20:55,521 [INFO] __main__: [prof node:node_01]   high>15: 61 frames, objs/frame=46.8, infer=61.7ms
2026-10-01 10:20:55,547 [INFO] __main__: [prof node:node_03] ai 14.7 fps objs/frame=34.8 | infer=63.4ms track=3.5ms acquire=1.0ms
2026-10-01 10:20:55,548 [INFO] __main__: [prof node:node_03] disp 24.8 fps | acquire=0.1ms render=0.0ms publish=0.0ms
2026-10-01 10:20:55,549 [INFO] __main__: [prof node:node_03]   high>15: 74 frames, objs/frame=34.8, infer=63.4ms
2026-10-01 10:20:55,646 [INFO] __main__: [prof node:node_02] ai 14.7 fps objs/frame=35.3 | infer=63.5ms track=2.5ms acquire=1.8ms
2026-10-01 10:20:55,646 [INFO] __main__: [prof node:node_02] disp 24.2 fps | acquire=0.1ms render=0.0ms publish=0.0ms
2026-10-01 10:20:55,646 [INFO] __main__: [prof node:node_02]   high>15: 74 frames, objs/frame=35.3, infer=63.5ms
2026-10-01 10:21:00,531 [INFO] __main__: [prof node:node_01] ai 12.0 fps objs/frame=40.2 | infer=57.5ms track=3.7ms acquire=21.9ms
2026-10-01 10:21:00,531 [INFO] __main__: [prof node:node_01] disp 12.0 fps | acquire=0.0ms render=0.0ms publish=0.0ms
2026-10-01 10:21:00,531 [INFO] __main__: [prof node:node_01]   high>15: 60 frames, objs/frame=40.2, infer=57.5ms
2026-10-01 10:21:00,555 [INFO] __main__: [prof node:node_03] ai 16.4 fps objs/frame=29.3 | infer=57.0ms track=2.8ms acquire=1.0ms
2026-10-01 10:21:00,555 [INFO] __main__: [prof node:node_03] disp 24.6 fps | acquire=0.1ms render=0.0ms publish=0.0ms
2026-10-01 10:21:00,555 [INFO] __main__: [prof node:node_03]   high>15: 82 frames, objs/frame=29.3, infer=57.0ms
2026-10-01 10:21:00,684 [INFO] __main__: [prof node:node_02] ai 16.3 fps objs/frame=26.1 | infer=57.6ms track=2.8ms acquire=0.7ms
2026-10-01 10:21:00,684 [INFO] __main__: [prof node:node_02] disp 24.4 fps | acquire=0.1ms render=0.0ms publish=0.0ms
2026-10-01 10:21:00,684 [INFO] __main__: [prof node:node_02]   high>15: 82 frames, objs/frame=26.1, infer=57.6ms
2026-10-01 10:21:05,584 [INFO] __main__: [prof node:node_03] ai 17.3 fps objs/frame=25.8 | infer=54.9ms track=2.4ms acquire=0.3ms
2026-10-01 10:21:05,584 [INFO] __main__: [prof node:node_03] disp 25.0 fps | acquire=0.0ms render=0.0ms publish=0.0ms
2026-10-01 10:21:05,584 [INFO] __main__: [prof node:node_03]   high>15: 87 frames, objs/frame=25.8, infer=54.9ms
2026-10-01 10:21:05,607 [INFO] __main__: [prof node:node_01] ai 12.0 fps objs/frame=42.4 | infer=54.3ms track=4.3ms acquire=24.1ms
2026-10-01 10:21:05,607 [INFO] __main__: [prof node:node_01] disp 12.0 fps | acquire=0.0ms render=0.0ms publish=0.0ms
2026-10-01 10:21:05,608 [INFO] __main__: [prof node:node_01]   high>15: 61 frames, objs/frame=42.4, infer=54.3ms
2026-10-01 10:21:05,750 [INFO] __main__: [prof node:node_02] ai 17.2 fps objs/frame=21.7 | infer=55.7ms track=1.7ms acquire=0.6ms
2026-10-01 10:21:05,750 [INFO] __main__: [prof node:node_02] disp 24.9 fps | acquire=0.0ms render=0.0ms publish=0.0ms
2026-10-01 10:21:05,750 [INFO] __main__: [prof node:node_02]   high>15: 85 frames, objs/frame=21.9, infer=55.5ms
2026-10-01 10:21:10,591 [INFO] __main__: [prof node:node_03] ai 18.8 fps objs/frame=19.8 | infer=48.9ms track=2.1ms acquire=2.0ms
2026-10-01 10:21:10,591 [INFO] __main__: [prof node:node_03] disp 24.4 fps | acquire=0.0ms render=0.0ms publish=0.0ms
2026-10-01 10:21:10,591 [INFO] __main__: [prof node:node_03]   high>15: 87 frames, objs/frame=20.2, infer=49.7ms
2026-10-01 10:21:10,618 [INFO] __main__: [prof node:node_01] ai 12.0 fps objs/frame=29.1 | infer=48.1ms track=3.4ms acquire=31.5ms
2026-10-01 10:21:10,618 [INFO] __main__: [prof node:node_01] disp 12.0 fps | acquire=0.0ms render=0.0ms publish=0.0ms
2026-10-01 10:21:10,619 [INFO] __main__: [prof node:node_01]   high>15: 60 frames, objs/frame=29.1, infer=48.1ms
2026-10-01 10:21:10,814 [INFO] __main__: [prof node:node_02] ai 18.6 fps objs/frame=19.7 | infer=50.4ms track=1.9ms acquire=1.3ms
2026-10-01 10:21:10,814 [INFO] __main__: [prof node:node_02] disp 24.5 fps | acquire=0.0ms render=0.0ms publish=0.0ms
2026-10-01 10:21:10,814 [INFO] __main__: [prof node:node_02]   high>15: 88 frames, objs/frame=20.1, infer=50.1ms
2026-10-01 10:21:15,590 [INFO] __main__: [prof node:node_03] ai 17.6 fps objs/frame=28.5 | infer=53.4ms track=2.2ms acquire=1.0ms
2026-10-01 10:21:15,590 [INFO] __main__: [prof node:node_03] disp 24.6 fps | acquire=0.0ms render=0.0ms publish=0.0ms
2026-10-01 10:21:15,590 [INFO] __main__: [prof node:node_03]   high>15: 88 frames, objs/frame=28.5, infer=53.4ms
2026-10-01 10:21:15,618 [INFO] __main__: [prof node:node_01] ai 12.0 fps objs/frame=25.7 | infer=52.6ms track=2.8ms acquire=27.5ms
2026-10-01 10:21:15,618 [INFO] __main__: [prof node:node_01] disp 12.0 fps | acquire=0.0ms render=0.0ms publish=0.0ms
2026-10-01 10:21:15,618 [INFO] __main__: [prof node:node_01]   high>15: 60 frames, objs/frame=25.7, infer=52.6ms
2026-10-01 10:21:15,815 [INFO] __main__: [prof node:node_02] ai 17.6 fps objs/frame=22.2 | infer=53.7ms track=2.3ms acquire=0.5ms
2026-10-01 10:21:15,815 [INFO] __main__: [prof node:node_02] disp 24.6 fps | acquire=0.0ms render=0.0ms publish=0.0ms
2026-10-01 10:21:15,815 [INFO] __main__: [prof node:node_02]   high>15: 87 frames, objs/frame=22.3, infer=53.8ms
2026-10-01 10:21:20,632 [INFO] __main__: [prof node:node_03] ai 19.2 fps objs/frame=23.1 | infer=49.6ms track=1.7ms acquire=0.5ms
2026-10-01 10:21:20,638 [INFO] __main__: [prof node:node_03] disp 24.8 fps | acquire=0.0ms render=0.0ms publish=0.0ms
2026-10-01 10:21:20,638 [INFO] __main__: [prof node:node_03]   high>15: 90 frames, objs/frame=23.8, infer=49.7ms
2026-10-01 10:21:20,694 [INFO] __main__: [prof node:node_01] ai 12.0 fps objs/frame=29.3 | infer=50.0ms track=2.5ms acquire=30.3ms
2026-10-01 10:21:20,694 [INFO] __main__: [prof node:node_01] disp 12.0 fps | acquire=0.0ms render=0.0ms publish=0.0ms
2026-10-01 10:21:20,694 [INFO] __main__: [prof node:node_01]   high>15: 61 frames, objs/frame=29.3, infer=50.0ms
2026-10-01 10:21:20,826 [INFO] __main__: [prof node:node_02] ai 19.2 fps objs/frame=19.3 | infer=49.3ms track=1.8ms acquire=0.9ms
2026-10-01 10:21:20,826 [INFO] __main__: [prof node:node_02] disp 24.4 fps | acquire=0.0ms render=0.0ms publish=0.0ms
2026-10-01 10:21:20,826 [INFO] __main__: [prof node:node_02]   low<10: 1 frames, objs/frame=0.0, infer=56.7ms
2026-10-01 10:21:20,827 [INFO] __main__: [prof node:node_02]   high>15: 84 frames, objs/frame=20.2, infer=50.0ms
2026-10-01 10:21:25,671 [INFO] __main__: [prof node:node_03] ai 19.1 fps objs/frame=34.5 | infer=48.9ms track=1.9ms acquire=1.4ms
2026-10-01 10:21:25,673 [INFO] __main__: [prof node:node_03] disp 24.8 fps | acquire=0.0ms render=0.0ms publish=0.0ms
2026-10-01 10:21:25,673 [INFO] __main__: [prof node:node_03]   high>15: 96 frames, objs/frame=34.5, infer=48.9ms
2026-10-01 10:21:25,716 [INFO] __main__: [prof node:node_01] ai 12.0 fps objs/frame=28.4 | infer=48.6ms track=2.4ms acquire=32.2ms
2026-10-01 10:21:25,716 [INFO] __main__: [prof node:node_01] disp 12.0 fps | acquire=0.0ms render=0.0ms publish=0.0ms
2026-10-01 10:21:25,716 [INFO] __main__: [prof node:node_01]   high>15: 60 frames, objs/frame=28.4, infer=48.6ms
2026-10-01 10:21:25,887 [INFO] __main__: [prof node:node_02] ai 17.6 fps objs/frame=11.1 | infer=51.9ms track=1.4ms acquire=3.3ms
2026-10-01 10:21:25,888 [INFO] __main__: [prof node:node_02] disp 23.5 fps | acquire=0.0ms render=0.0ms publish=0.0ms
2026-10-01 10:21:25,888 [INFO] __main__: [prof node:node_02]   low<10: 25 frames, objs/frame=8.3, infer=52.7ms
2026-10-01 10:21:25,888 [INFO] __main__: [prof node:node_02]   high>15: 1 frames, objs/frame=16.0, infer=63.6ms
2026-10-01 10:21:30,687 [INFO] __main__: [prof node:node_03] ai 17.9 fps objs/frame=38.0 | infer=53.0ms track=2.3ms acquire=0.1ms
2026-10-01 10:21:30,687 [INFO] __main__: [prof node:node_03] disp 24.9 fps | acquire=0.0ms render=0.0ms publish=0.0ms
2026-10-01 10:21:30,687 [INFO] __main__: [prof node:node_03]   high>15: 90 frames, objs/frame=38.0, infer=53.0ms
2026-10-01 10:21:30,798 [INFO] __main__: [prof node:node_01] ai 12.0 fps objs/frame=20.6 | infer=51.2ms track=2.3ms acquire=29.4ms
2026-10-01 10:21:30,798 [INFO] __main__: [prof node:node_01] disp 12.0 fps | acquire=0.0ms render=0.0ms publish=0.0ms
2026-10-01 10:21:30,798 [INFO] __main__: [prof node:node_01]   high>15: 61 frames, objs/frame=20.6, infer=51.2ms
2026-10-01 10:21:30,898 [INFO] __main__: [prof node:node_02] ai 17.8 fps objs/frame=17.6 | infer=54.2ms track=1.4ms acquire=0.4ms
2026-10-01 10:21:30,898 [INFO] __main__: [prof node:node_02] disp 24.7 fps | acquire=0.0ms render=0.0ms publish=0.0ms
2026-10-01 10:21:30,898 [INFO] __main__: [prof node:node_02]   high>15: 73 frames, objs/frame=18.4, infer=54.8ms
2026-10-01 10:21:35,728 [INFO] __main__: [prof node:node_03] ai 16.1 fps objs/frame=41.8 | infer=57.6ms track=3.1ms acquire=1.1ms
2026-10-01 10:21:35,728 [INFO] __main__: [prof node:node_03] disp 24.6 fps | acquire=0.1ms render=0.0ms publish=0.0ms
2026-10-01 10:21:35,728 [INFO] __main__: [prof node:node_03]   low<10: 1 frames, objs/frame=9.0, infer=57.6ms
2026-10-01 10:21:35,728 [INFO] __main__: [prof node:node_03]   high>15: 80 frames, objs/frame=42.2, infer=57.6ms
2026-10-01 10:21:35,862 [INFO] __main__: [prof node:node_01] ai 12.0 fps objs/frame=23.1 | infer=56.0ms track=1.8ms acquire=24.9ms
2026-10-01 10:21:35,862 [INFO] __main__: [prof node:node_01] disp 12.0 fps | acquire=0.0ms render=0.0ms publish=0.0ms
2026-10-01 10:21:35,862 [INFO] __main__: [prof node:node_01]   low<10: 1 frames, objs/frame=0.0, infer=57.9ms
2026-10-01 10:21:35,862 [INFO] __main__: [prof node:node_01]   high>15: 60 frames, objs/frame=23.5, infer=56.0ms
2026-10-01 10:21:35,939 [INFO] __main__: [prof node:node_02] ai 16.7 fps objs/frame=26.8 | infer=57.2ms track=2.2ms acquire=0.3ms
2026-10-01 10:21:35,939 [INFO] __main__: [prof node:node_02] disp 24.8 fps | acquire=0.0ms render=0.0ms publish=0.0ms
2026-10-01 10:21:35,939 [INFO] __main__: [prof node:node_02]   high>15: 84 frames, objs/frame=26.8, infer=57.2ms
2026-10-01 10:21:40,743 [INFO] __main__: [prof node:node_03] ai 16.8 fps objs/frame=37.3 | infer=56.0ms track=3.3ms acquire=0.1ms
2026-10-01 10:21:40,744 [INFO] __main__: [prof node:node_03] disp 24.7 fps | acquire=0.0ms render=0.0ms publish=0.0ms
2026-10-01 10:21:40,744 [INFO] __main__: [prof node:node_03]   high>15: 84 frames, objs/frame=37.3, infer=56.0ms
2026-10-01 10:21:40,887 [INFO] __main__: [prof node:node_01] ai 11.9 fps objs/frame=18.2 | infer=54.9ms track=1.7ms acquire=26.8ms
2026-10-01 10:21:40,887 [INFO] __main__: [prof node:node_01] disp 11.9 fps | acquire=0.0ms render=0.0ms publish=0.0ms
2026-10-01 10:21:40,887 [INFO] __main__: [prof node:node_01]   high>15: 52 frames, objs/frame=19.0, infer=55.0ms
2026-10-01 10:21:40,987 [INFO] __main__: [prof node:node_02] ai 16.4 fps objs/frame=26.0 | infer=56.6ms track=2.6ms acquire=1.4ms
2026-10-01 10:21:40,987 [INFO] __main__: [prof node:node_02] disp 24.5 fps | acquire=0.0ms render=0.0ms publish=0.0ms
2026-10-01 10:21:40,987 [INFO] __main__: [prof node:node_02]   high>15: 83 frames, objs/frame=26.0, infer=56.6ms
2026-10-01 10:21:45,747 [INFO] __main__: [prof node:node_03] ai 19.0 fps objs/frame=22.7 | infer=48.9ms track=2.4ms acquire=1.1ms
2026-10-01 10:21:45,747 [INFO] __main__: [prof node:node_03] disp 24.8 fps | acquire=0.0ms render=0.0ms publish=0.0ms
2026-10-01 10:21:45,747 [INFO] __main__: [prof node:node_03]   low<10: 1 frames, objs/frame=0.0, infer=37.0ms
2026-10-01 10:21:45,747 [INFO] __main__: [prof node:node_03]   high>15: 92 frames, objs/frame=23.1, infer=48.9ms
2026-10-01 10:21:45,927 [INFO] __main__: [prof node:node_01] ai 12.1 fps objs/frame=22.8 | infer=49.0ms track=1.7ms acquire=31.7ms
2026-10-01 10:21:45,927 [INFO] __main__: [prof node:node_01] disp 12.1 fps | acquire=0.0ms render=0.0ms publish=0.0ms
2026-10-01 10:21:45,927 [INFO] __main__: [prof node:node_01]   high>15: 60 frames, objs/frame=23.0, infer=49.1ms
2026-10-01 10:21:46,002 [INFO] __main__: [prof node:node_02] ai 19.5 fps objs/frame=25.3 | infer=48.4ms track=2.1ms acquire=0.3ms
2026-10-01 10:21:46,002 [INFO] __main__: [prof node:node_02] disp 24.7 fps | acquire=0.0ms render=0.0ms publish=0.0ms
2026-10-01 10:21:46,002 [INFO] __main__: [prof node:node_02]   low<10: 1 frames, objs/frame=2.0, infer=53.0ms
2026-10-01 10:21:46,002 [INFO] __main__: [prof node:node_02]   high>15: 97 frames, objs/frame=25.5, infer=48.4ms
2026-10-01 10:21:50,776 [INFO] __main__: [prof node:node_03] ai 19.5 fps objs/frame=18.3 | infer=47.3ms track=1.7ms acquire=2.0ms
2026-10-01 10:21:50,776 [INFO] __main__: [prof node:node_03] disp 24.7 fps | acquire=0.0ms render=0.0ms publish=0.0ms
2026-10-01 10:21:50,777 [INFO] __main__: [prof node:node_03]   high>15: 95 frames, objs/frame=18.5, infer=47.7ms
2026-10-01 10:21:51,020 [INFO] __main__: [prof node:node_01] ai 12.0 fps objs/frame=25.4 | infer=48.1ms track=1.7ms acquire=33.1ms
2026-10-01 10:21:51,020 [INFO] __main__: [prof node:node_01] disp 12.0 fps | acquire=0.0ms render=0.0ms publish=0.0ms
2026-10-01 10:21:51,020 [INFO] __main__: [prof node:node_01]   high>15: 61 frames, objs/frame=25.4, infer=48.1ms
2026-10-01 10:21:51,040 [INFO] __main__: [prof node:node_02] ai 19.9 fps objs/frame=25.9 | infer=46.5ms track=2.1ms acquire=1.4ms
2026-10-01 10:21:51,041 [INFO] __main__: [prof node:node_02] disp 24.6 fps | acquire=0.0ms render=0.0ms publish=0.0ms
2026-10-01 10:21:51,041 [INFO] __main__: [prof node:node_02]   high>15: 100 frames, objs/frame=25.9, infer=46.5ms
2026-10-01 10:21:55,797 [INFO] __main__: [prof node:node_03] ai 19.3 fps objs/frame=18.9 | infer=49.2ms track=1.4ms acquire=1.0ms
2026-10-01 10:21:55,797 [INFO] __main__: [prof node:node_03] disp 24.7 fps | acquire=0.0ms render=0.0ms publish=0.0ms
2026-10-01 10:21:55,797 [INFO] __main__: [prof node:node_03]   low<10: 2 frames, objs/frame=1.5, infer=42.6ms
2026-10-01 10:21:55,797 [INFO] __main__: [prof node:node_03]   high>15: 82 frames, objs/frame=20.0, infer=49.8ms
2026-10-01 10:21:56,041 [INFO] __main__: [prof node:node_01] ai 11.9 fps objs/frame=30.1 | infer=48.9ms track=2.1ms acquire=32.2ms
2026-10-01 10:21:56,041 [INFO] __main__: [prof node:node_01] disp 11.9 fps | acquire=0.0ms render=0.0ms publish=0.0ms
2026-10-01 10:21:56,041 [INFO] __main__: [prof node:node_01]   high>15: 60 frames, objs/frame=30.1, infer=48.9ms
2026-10-01 10:21:56,089 [INFO] __main__: [prof node:node_02] ai 19.2 fps objs/frame=25.3 | infer=49.0ms track=2.0ms acquire=0.8ms
2026-10-01 10:21:56,089 [INFO] __main__: [prof node:node_02] disp 24.8 fps | acquire=0.0ms render=0.0ms publish=0.0ms
2026-10-01 10:21:56,089 [INFO] __main__: [prof node:node_02]   low<10: 1 frames, objs/frame=0.0, infer=61.1ms
2026-10-01 10:21:56,089 [INFO] __main__: [prof node:node_02]   high>15: 96 frames, objs/frame=25.5, infer=48.9ms
2026-10-01 10:22:00,804 [INFO] __main__: [prof node:node_03] ai 18.4 fps objs/frame=22.3 | infer=51.8ms track=1.7ms acquire=0.6ms
2026-10-01 10:22:00,804 [INFO] __main__: [prof node:node_03] disp 25.0 fps | acquire=0.0ms render=0.0ms publish=0.0ms
2026-10-01 10:22:00,804 [INFO] __main__: [prof node:node_03]   low<10: 2 frames, objs/frame=0.5, infer=42.8ms
2026-10-01 10:22:00,804 [INFO] __main__: [prof node:node_03]   high>15: 90 frames, objs/frame=22.8, infer=52.0ms
2026-10-01 10:22:01,103 [INFO] __main__: [prof node:node_02] ai 18.1 fps objs/frame=26.1 | infer=52.3ms track=2.0ms acquire=0.5ms
2026-10-01 10:22:01,103 [INFO] __main__: [prof node:node_02] disp 24.7 fps | acquire=0.0ms render=0.0ms publish=0.0ms
2026-10-01 10:22:01,103 [INFO] __main__: [prof node:node_02]   high>15: 91 frames, objs/frame=26.1, infer=52.3ms
2026-10-01 10:22:01,126 [INFO] __main__: [prof node:node_01] ai 12.0 fps objs/frame=34.7 | infer=53.3ms track=2.6ms acquire=27.0ms
2026-10-01 10:22:01,127 [INFO] __main__: [prof node:node_01] disp 12.0 fps | acquire=0.0ms render=0.0ms publish=0.0ms
2026-10-01 10:22:01,127 [INFO] __main__: [prof node:node_01]   high>15: 61 frames, objs/frame=34.7, infer=53.3ms
2026-10-01 10:22:05,804 [INFO] __main__: [prof node:node_03] ai 18.0 fps objs/frame=20.4 | infer=53.0ms track=1.7ms acquire=0.7ms
2026-10-01 10:22:05,804 [INFO] __main__: [prof node:node_03] disp 24.6 fps | acquire=0.0ms render=0.0ms publish=0.0ms
2026-10-01 10:22:05,804 [INFO] __main__: [prof node:node_03]   high>15: 89 frames, objs/frame=20.4, infer=52.9ms
2026-10-01 10:22:06,143 [INFO] __main__: [prof node:node_02] ai 18.1 fps objs/frame=25.4 | infer=52.9ms track=1.9ms acquire=0.2ms
2026-10-01 10:22:06,144 [INFO] __main__: [prof node:node_02] disp 25.0 fps | acquire=0.0ms render=0.0ms publish=0.0ms
2026-10-01 10:22:06,145 [INFO] __main__: [prof node:node_02]   high>15: 91 frames, objs/frame=25.4, infer=52.9ms
2026-10-01 10:22:06,180 [INFO] __main__: [prof node:node_01] ai 12.1 fps objs/frame=36.3 | infer=51.6ms track=2.8ms acquire=27.9ms
2026-10-01 10:22:06,180 [INFO] __main__: [prof node:node_01] disp 12.1 fps | acquire=0.0ms render=0.0ms publish=0.0ms
2026-10-01 10:22:06,180 [INFO] __main__: [prof node:node_01]   high>15: 61 frames, objs/frame=36.3, infer=51.6ms
2026-10-01 10:22:10,832 [INFO] __main__: [prof node:node_03] ai 17.7 fps objs/frame=19.8 | infer=52.7ms track=1.8ms acquire=1.7ms
2026-10-01 10:22:10,832 [INFO] __main__: [prof node:node_03] disp 24.5 fps | acquire=0.0ms render=0.0ms publish=0.0ms
2026-10-01 10:22:10,832 [INFO] __main__: [prof node:node_03]   low<10: 2 frames, objs/frame=2.0, infer=36.3ms
2026-10-01 10:22:10,832 [INFO] __main__: [prof node:node_03]   high>15: 86 frames, objs/frame=20.3, infer=53.3ms
2026-10-01 10:22:11,144 [INFO] __main__: [prof node:node_02] ai 17.8 fps objs/frame=28.7 | infer=51.5ms track=2.2ms acquire=2.2ms
2026-10-01 10:22:11,144 [INFO] __main__: [prof node:node_02] disp 24.0 fps | acquire=0.0ms render=0.0ms publish=0.0ms
2026-10-01 10:22:11,144 [INFO] __main__: [prof node:node_02]   high>15: 89 frames, objs/frame=28.7, infer=51.5ms
2026-10-01 10:22:11,215 [INFO] __main__: [prof node:node_01] ai 11.9 fps objs/frame=35.2 | infer=52.0ms track=2.8ms acquire=28.7ms
2026-10-01 10:22:11,216 [INFO] __main__: [prof node:node_01] disp 11.9 fps | acquire=0.0ms render=0.0ms publish=0.0ms
2026-10-01 10:22:11,216 [INFO] __main__: [prof node:node_01]   low<10: 1 frames, objs/frame=0.0, infer=55.5ms
2026-10-01 10:22:11,217 [INFO] __main__: [prof node:node_01]   high>15: 59 frames, objs/frame=35.8, infer=51.9ms
2026-10-01 10:22:15,845 [INFO] __main__: [prof node:node_03] ai 17.5 fps objs/frame=20.8 | infer=53.7ms track=1.6ms acquire=1.5ms
2026-10-01 10:22:15,845 [INFO] __main__: [prof node:node_03] disp 24.5 fps | acquire=0.0ms render=0.0ms publish=0.0ms
2026-10-01 10:22:15,845 [INFO] __main__: [prof node:node_03]   low<10: 1 frames, objs/frame=3.0, infer=52.1ms
2026-10-01 10:22:15,845 [INFO] __main__: [prof node:node_03]   high>15: 86 frames, objs/frame=21.1, infer=53.9ms
2026-10-01 10:22:16,144 [INFO] __main__: [prof node:node_02] ai 18.2 fps objs/frame=29.1 | infer=51.6ms track=2.5ms acquire=0.5ms
2026-10-01 10:22:16,150 [INFO] __main__: [prof node:node_02] disp 24.8 fps | acquire=0.0ms render=0.0ms publish=0.0ms
2026-10-01 10:22:16,151 [INFO] __main__: [prof node:node_02]   high>15: 91 frames, objs/frame=29.1, infer=51.6ms
2026-10-01 10:22:16,289 [INFO] __main__: [prof node:node_01] ai 12.0 fps objs/frame=38.9 | infer=54.0ms track=2.5ms acquire=26.2ms
2026-10-01 10:22:16,289 [INFO] __main__: [prof node:node_01] disp 12.0 fps | acquire=0.0ms render=0.0ms publish=0.0ms
2026-10-01 10:22:16,291 [INFO] __main__: [prof node:node_01]   high>15: 61 frames, objs/frame=38.9, infer=54.0ms
2026-10-01 10:22:20,896 [INFO] __main__: [prof node:node_03] ai 18.0 fps objs/frame=18.0 | infer=53.0ms track=1.4ms acquire=0.9ms
2026-10-01 10:22:20,896 [INFO] __main__: [prof node:node_03] disp 25.0 fps | acquire=0.0ms render=0.0ms publish=0.0ms
2026-10-01 10:22:20,896 [INFO] __main__: [prof node:node_03]   high>15: 71 frames, objs/frame=19.2, infer=53.0ms
2026-10-01 10:22:21,157 [INFO] __main__: [prof node:node_02] ai 17.8 fps objs/frame=30.7 | infer=51.4ms track=2.4ms acquire=2.2ms
2026-10-01 10:22:21,159 [INFO] __main__: [prof node:node_02] disp 24.2 fps | acquire=0.0ms render=0.0ms publish=0.0ms
2026-10-01 10:22:21,159 [INFO] __main__: [prof node:node_02]   high>15: 89 frames, objs/frame=30.7, infer=51.4ms
2026-10-01 10:22:21,290 [INFO] __main__: [prof node:node_01] ai 12.0 fps objs/frame=34.1 | infer=51.7ms track=2.5ms acquire=28.7ms
2026-10-01 10:22:21,290 [INFO] __main__: [prof node:node_01] disp 12.0 fps | acquire=0.0ms render=0.0ms publish=0.0ms
2026-10-01 10:22:21,290 [INFO] __main__: [prof node:node_01]   high>15: 60 frames, objs/frame=34.1, infer=51.7ms
2026-10-01 10:22:25,956 [INFO] __main__: [prof node:node_03] ai 17.2 fps objs/frame=24.2 | infer=54.8ms track=1.7ms acquire=1.4ms
2026-10-01 10:22:25,956 [INFO] __main__: [prof node:node_03] disp 24.3 fps | acquire=0.0ms render=0.0ms publish=0.0ms
2026-10-01 10:22:25,956 [INFO] __main__: [prof node:node_03]   high>15: 74 frames, objs/frame=26.1, infer=55.4ms
2026-10-01 10:22:26,185 [INFO] __main__: [prof node:node_02] ai 17.7 fps objs/frame=31.5 | infer=53.2ms track=2.4ms acquire=0.6ms
2026-10-01 10:22:26,185 [INFO] __main__: [prof node:node_02] disp 25.1 fps | acquire=0.0ms render=0.0ms publish=0.0ms
2026-10-01 10:22:26,185 [INFO] __main__: [prof node:node_02]   high>15: 89 frames, objs/frame=31.5, infer=53.2ms
2026-10-01 10:22:26,310 [INFO] __main__: [prof node:node_01] ai 12.0 fps objs/frame=37.3 | infer=54.3ms track=2.6ms acquire=26.3ms
2026-10-01 10:22:26,310 [INFO] __main__: [prof node:node_01] disp 12.0 fps | acquire=0.0ms render=0.0ms publish=0.0ms
2026-10-01 10:22:26,311 [INFO] __main__: [prof node:node_01]   high>15: 60 frames, objs/frame=37.3, infer=54.3ms
2026-10-01 10:22:31,000 [INFO] __main__: [prof node:node_03] ai 16.5 fps objs/frame=26.4 | infer=57.5ms track=2.7ms acquire=0.2ms
2026-10-01 10:22:31,000 [INFO] __main__: [prof node:node_03] disp 25.0 fps | acquire=0.0ms render=0.0ms publish=0.0ms
2026-10-01 10:22:31,000 [INFO] __main__: [prof node:node_03]   high>15: 83 frames, objs/frame=26.4, infer=57.5ms
2026-10-01 10:22:31,218 [INFO] __main__: [prof node:node_02] ai 16.5 fps objs/frame=32.7 | infer=57.7ms track=2.5ms acquire=0.1ms
2026-10-01 10:22:31,218 [INFO] __main__: [prof node:node_02] disp 24.8 fps | acquire=0.1ms render=0.0ms publish=0.0ms
2026-10-01 10:22:31,218 [INFO] __main__: [prof node:node_02]   low<10: 1 frames, objs/frame=0.0, infer=35.2ms
2026-10-01 10:22:31,218 [INFO] __main__: [prof node:node_02]   high>15: 82 frames, objs/frame=33.1, infer=58.0ms
2026-10-01 10:22:31,365 [INFO] __main__: [prof node:node_01] ai 12.1 fps objs/frame=40.4 | infer=56.9ms track=2.8ms acquire=22.7ms
2026-10-01 10:22:31,365 [INFO] __main__: [prof node:node_01] disp 12.1 fps | acquire=0.0ms render=0.0ms publish=0.0ms
2026-10-01 10:22:31,365 [INFO] __main__: [prof node:node_01]   high>15: 61 frames, objs/frame=40.4, infer=56.9ms
2026-10-01 10:22:36,004 [INFO] __main__: [prof node:node_03] ai 17.0 fps objs/frame=27.0 | infer=55.5ms track=2.8ms acquire=0.4ms
2026-10-01 10:22:36,004 [INFO] __main__: [prof node:node_03] disp 24.8 fps | acquire=0.1ms render=0.0ms publish=0.0ms
2026-10-01 10:22:36,004 [INFO] __main__: [prof node:node_03]   high>15: 85 frames, objs/frame=27.0, infer=55.5ms
2026-10-01 10:22:36,247 [INFO] __main__: [prof node:node_02] ai 16.9 fps objs/frame=30.3 | infer=55.5ms track=2.2ms acquire=1.0ms
2026-10-01 10:22:36,247 [INFO] __main__: [prof node:node_02] disp 24.7 fps | acquire=0.0ms render=0.0ms publish=0.0ms
2026-10-01 10:22:36,247 [INFO] __main__: [prof node:node_02]   high>15: 85 frames, objs/frame=30.3, infer=55.5ms
2026-10-01 10:22:36,366 [INFO] __main__: [prof node:node_01] ai 12.0 fps objs/frame=37.7 | infer=56.2ms track=2.6ms acquire=24.1ms
2026-10-01 10:22:36,366 [INFO] __main__: [prof node:node_01] disp 12.0 fps | acquire=0.0ms render=0.0ms publish=0.0ms
2026-10-01 10:22:36,366 [INFO] __main__: [prof node:node_01]   high>15: 60 frames, objs/frame=37.7, infer=56.2ms
2026-10-01 10:22:41,014 [INFO] __main__: [prof node:node_03] ai 15.8 fps objs/frame=33.1 | infer=60.1ms track=2.9ms acquire=0.1ms
2026-10-01 10:22:41,014 [INFO] __main__: [prof node:node_03] disp 25.0 fps | acquire=0.0ms render=0.0ms publish=0.0ms
2026-10-01 10:22:41,014 [INFO] __main__: [prof node:node_03]   high>15: 79 frames, objs/frame=33.1, infer=60.1ms
2026-10-01 10:22:41,270 [INFO] __main__: [prof node:node_02] ai 15.1 fps objs/frame=35.4 | infer=62.6ms track=2.1ms acquire=1.1ms
2026-10-01 10:22:41,271 [INFO] __main__: [prof node:node_02] disp 24.3 fps | acquire=0.0ms render=0.0ms publish=0.0ms
2026-10-01 10:22:41,271 [INFO] __main__: [prof node:node_02]   high>15: 76 frames, objs/frame=35.4, infer=62.6ms
2026-10-01 10:22:41,467 [INFO] __main__: [prof node:node_01] ai 12.0 fps objs/frame=41.8 | infer=59.7ms track=2.8ms acquire=20.6ms
2026-10-01 10:22:41,467 [INFO] __main__: [prof node:node_01] disp 12.0 fps | acquire=0.0ms render=0.0ms publish=0.0ms
2026-10-01 10:22:41,469 [INFO] __main__: [prof node:node_01]   high>15: 61 frames, objs/frame=41.8, infer=59.7ms
2026-10-01 10:22:46,046 [INFO] __main__: [prof node:node_03] ai 15.3 fps objs/frame=41.0 | infer=61.0ms track=2.9ms acquire=1.0ms
2026-10-01 10:22:46,048 [INFO] __main__: [prof node:node_03] disp 24.7 fps | acquire=0.0ms render=0.0ms publish=0.0ms
2026-10-01 10:22:46,048 [INFO] __main__: [prof node:node_03]   high>15: 77 frames, objs/frame=41.0, infer=61.0ms
2026-10-01 10:22:46,324 [INFO] __main__: [prof node:node_02] ai 15.4 fps objs/frame=36.5 | infer=61.9ms track=2.1ms acquire=0.5ms
2026-10-01 10:22:46,324 [INFO] __main__: [prof node:node_02] disp 24.7 fps | acquire=0.0ms render=0.0ms publish=0.0ms
2026-10-01 10:22:46,331 [INFO] __main__: [prof node:node_02]   high>15: 78 frames, objs/frame=36.5, infer=61.9ms
2026-10-01 10:22:46,546 [INFO] __main__: [prof node:node_01] ai 12.0 fps objs/frame=41.3 | infer=59.3ms track=2.5ms acquire=21.1ms
2026-10-01 10:22:46,546 [INFO] __main__: [prof node:node_01] disp 12.0 fps | acquire=0.0ms render=0.0ms publish=0.0ms
2026-10-01 10:22:46,546 [INFO] __main__: [prof node:node_01]   high>15: 61 frames, objs/frame=41.3, infer=59.3ms
2026-10-01 10:22:51,052 [INFO] __main__: [prof node:node_03] ai 15.8 fps objs/frame=43.9 | infer=60.1ms track=2.6ms acquire=0.4ms
2026-10-01 10:22:51,059 [INFO] __main__: [prof node:node_03] disp 24.5 fps | acquire=0.0ms render=0.0ms publish=0.0ms
2026-10-01 10:22:51,059 [INFO] __main__: [prof node:node_03]   high>15: 79 frames, objs/frame=43.9, infer=60.1ms
2026-10-01 10:22:51,335 [INFO] __main__: [prof node:node_02] ai 15.6 fps objs/frame=29.9 | infer=60.8ms track=2.2ms acquire=0.8ms
2026-10-01 10:22:51,335 [INFO] __main__: [prof node:node_02] disp 24.6 fps | acquire=0.0ms render=0.0ms publish=0.0ms
2026-10-01 10:22:51,335 [INFO] __main__: [prof node:node_02]   high>15: 78 frames, objs/frame=29.9, infer=60.8ms
2026-10-01 10:22:51,553 [INFO] __main__: [prof node:node_01] ai 12.0 fps objs/frame=40.4 | infer=59.5ms track=2.6ms acquire=20.9ms
2026-10-01 10:22:51,553 [INFO] __main__: [prof node:node_01] disp 12.0 fps | acquire=0.0ms render=0.0ms publish=0.0ms
2026-10-01 10:22:51,553 [INFO] __main__: [prof node:node_01]   high>15: 60 frames, objs/frame=40.4, infer=59.5ms
2026-10-01 10:22:56,087 [INFO] __main__: [prof node:node_03] ai 16.1 fps objs/frame=40.1 | infer=59.8ms track=2.0ms acquire=0.0ms
2026-10-01 10:22:56,087 [INFO] __main__: [prof node:node_03] disp 24.8 fps | acquire=0.0ms render=0.0ms publish=0.0ms
2026-10-01 10:22:56,087 [INFO] __main__: [prof node:node_03]   high>15: 81 frames, objs/frame=40.1, infer=59.8ms
2026-10-01 10:22:56,392 [INFO] __main__: [prof node:node_02] ai 16.0 fps objs/frame=29.6 | infer=59.7ms track=2.4ms acquire=0.0ms
2026-10-01 10:22:56,392 [INFO] __main__: [prof node:node_02] disp 24.9 fps | acquire=0.0ms render=0.0ms publish=0.0ms
2026-10-01 10:22:56,394 [INFO] __main__: [prof node:node_02]   high>15: 81 frames, objs/frame=29.6, infer=59.7ms
2026-10-01 10:22:56,643 [INFO] __main__: [prof node:node_01] ai 12.0 fps objs/frame=44.4 | infer=58.3ms track=2.8ms acquire=22.1ms
2026-10-01 10:22:56,643 [INFO] __main__: [prof node:node_01] disp 12.2 fps | acquire=0.0ms render=0.0ms publish=0.0ms
2026-10-01 10:22:56,643 [INFO] __main__: [prof node:node_01]   high>15: 61 frames, objs/frame=44.4, infer=58.3ms
2026-10-01 10:23:01,112 [INFO] __main__: [prof node:node_03] ai 15.3 fps objs/frame=39.6 | infer=62.2ms track=2.1ms acquire=0.7ms
2026-10-01 10:23:01,112 [INFO] __main__: [prof node:node_03] disp 24.7 fps | acquire=0.0ms render=0.0ms publish=0.0ms
2026-10-01 10:23:01,112 [INFO] __main__: [prof node:node_03]   high>15: 77 frames, objs/frame=39.6, infer=62.2ms
2026-10-01 10:23:01,407 [INFO] __main__: [prof node:node_02] ai 15.5 fps objs/frame=32.4 | infer=61.0ms track=2.5ms acquire=0.5ms
2026-10-01 10:23:01,407 [INFO] __main__: [prof node:node_02] disp 24.9 fps | acquire=0.0ms render=0.0ms publish=0.0ms
2026-10-01 10:23:01,407 [INFO] __main__: [prof node:node_02]   low<10: 1 frames, objs/frame=0.0, infer=53.0ms
2026-10-01 10:23:01,407 [INFO] __main__: [prof node:node_02]   high>15: 77 frames, objs/frame=32.8, infer=61.1ms
2026-10-01 10:23:01,689 [INFO] __main__: [prof node:node_01] ai 12.1 fps objs/frame=44.0 | infer=59.8ms track=3.3ms acquire=19.1ms
2026-10-01 10:23:01,690 [INFO] __main__: [prof node:node_01] disp 11.9 fps | acquire=0.0ms render=0.0ms publish=0.0ms
2026-10-01 10:23:01,690 [INFO] __main__: [prof node:node_01]   high>15: 61 frames, objs/frame=44.0, infer=59.8ms
2026-10-01 10:23:06,143 [INFO] __main__: [prof node:node_03] ai 15.9 fps objs/frame=35.6 | infer=60.4ms track=1.9ms acquire=0.4ms
2026-10-01 10:23:06,143 [INFO] __main__: [prof node:node_03] disp 24.6 fps | acquire=0.0ms render=0.0ms publish=0.0ms
2026-10-01 10:23:06,143 [INFO] __main__: [prof node:node_03]   high>15: 80 frames, objs/frame=35.6, infer=60.4ms
2026-10-01 10:23:06,434 [INFO] __main__: [prof node:node_02] ai 15.9 fps objs/frame=32.5 | infer=59.4ms track=2.5ms acquire=0.7ms
2026-10-01 10:23:06,434 [INFO] __main__: [prof node:node_02] disp 24.7 fps | acquire=0.0ms render=0.0ms publish=0.0ms
2026-10-01 10:23:06,434 [INFO] __main__: [prof node:node_02]   high>15: 80 frames, objs/frame=32.5, infer=59.4ms
2026-10-01 10:23:06,719 [INFO] __main__: [prof node:node_01] ai 11.9 fps objs/frame=44.9 | infer=60.3ms track=3.1ms acquire=20.0ms
2026-10-01 10:23:06,719 [INFO] __main__: [prof node:node_01] disp 12.1 fps | acquire=0.0ms render=0.0ms publish=0.0ms
2026-10-01 10:23:06,719 [INFO] __main__: [prof node:node_01]   high>15: 60 frames, objs/frame=44.9, infer=60.3ms
2026-10-01 10:23:11,170 [INFO] __main__: [prof node:node_03] ai 15.7 fps objs/frame=35.2 | infer=61.0ms track=2.2ms acquire=0.2ms
2026-10-01 10:23:11,170 [INFO] __main__: [prof node:node_03] disp 24.9 fps | acquire=0.0ms render=0.0ms publish=0.0ms
2026-10-01 10:23:11,170 [INFO] __main__: [prof node:node_03]   high>15: 79 frames, objs/frame=35.2, infer=61.0ms
2026-10-01 10:23:11,434 [INFO] __main__: [prof node:node_02] ai 15.8 fps objs/frame=34.9 | infer=60.6ms track=2.3ms acquire=0.1ms
2026-10-01 10:23:11,434 [INFO] __main__: [prof node:node_02] disp 25.0 fps | acquire=0.0ms render=0.0ms publish=0.0ms
2026-10-01 10:23:11,434 [INFO] __main__: [prof node:node_02]   high>15: 79 frames, objs/frame=34.9, infer=60.6ms
2026-10-01 10:23:11,788 [INFO] __main__: [prof node:node_01] ai 12.0 fps objs/frame=44.6 | infer=58.2ms track=2.9ms acquire=21.6ms
2026-10-01 10:23:11,788 [INFO] __main__: [prof node:node_01] disp 11.8 fps | acquire=0.0ms render=0.0ms publish=0.0ms
2026-10-01 10:23:11,788 [INFO] __main__: [prof node:node_01]   high>15: 61 frames, objs/frame=44.6, infer=58.2ms
2026-10-01 10:23:16,239 [INFO] __main__: [prof node:node_03] ai 16.0 fps objs/frame=36.6 | infer=59.6ms track=2.4ms acquire=0.3ms
2026-10-01 10:23:16,240 [INFO] __main__: [prof node:node_03] disp 24.7 fps | acquire=0.0ms render=0.0ms publish=0.0ms
2026-10-01 10:23:16,240 [INFO] __main__: [prof node:node_03]   high>15: 81 frames, objs/frame=36.6, infer=59.6ms
2026-10-01 10:23:16,490 [INFO] __main__: [prof node:node_02] ai 15.6 fps objs/frame=33.2 | infer=59.7ms track=2.1ms acquire=1.9ms
2026-10-01 10:23:16,490 [INFO] __main__: [prof node:node_02] disp 24.1 fps | acquire=0.0ms render=0.0ms publish=0.0ms
2026-10-01 10:23:16,490 [INFO] __main__: [prof node:node_02]   high>15: 79 frames, objs/frame=33.2, infer=59.7ms
2026-10-01 10:23:16,857 [INFO] __main__: [prof node:node_01] ai 12.0 fps objs/frame=43.4 | infer=58.7ms track=2.7ms acquire=21.3ms
2026-10-01 10:23:16,857 [INFO] __main__: [prof node:node_01] disp 12.0 fps | acquire=0.0ms render=0.0ms publish=0.0ms
2026-10-01 10:23:16,864 [INFO] __main__: [prof node:node_01]   high>15: 61 frames, objs/frame=43.4, infer=58.7ms
2026-10-01 10:23:21,280 [INFO] __main__: [prof node:node_03] ai 14.9 fps objs/frame=40.8 | infer=61.0ms track=3.3ms acquire=2.5ms
2026-10-01 10:23:21,280 [INFO] __main__: [prof node:node_03] disp 24.0 fps | acquire=0.0ms render=0.0ms publish=0.0ms
2026-10-01 10:23:21,281 [INFO] __main__: [prof node:node_03]   high>15: 75 frames, objs/frame=40.8, infer=61.0ms
2026-10-01 10:23:21,538 [INFO] __main__: [prof node:node_02] ai 15.5 fps objs/frame=34.1 | infer=61.5ms track=1.8ms acquire=1.0ms
2026-10-01 10:23:21,538 [INFO] __main__: [prof node:node_02] disp 24.6 fps | acquire=0.0ms render=0.0ms publish=0.0ms
2026-10-01 10:23:21,538 [INFO] __main__: [prof node:node_02]   high>15: 78 frames, objs/frame=34.1, infer=61.5ms
2026-10-01 10:23:21,964 [INFO] __main__: [prof node:node_01] ai 12.0 fps objs/frame=44.7 | infer=61.8ms track=2.2ms acquire=19.3ms
2026-10-01 10:23:21,964 [INFO] __main__: [prof node:node_01] disp 12.0 fps | acquire=0.0ms render=0.0ms publish=0.0ms
2026-10-01 10:23:21,964 [INFO] __main__: [prof node:node_01]   high>15: 61 frames, objs/frame=44.7, infer=61.8ms
2026-10-01 10:23:26,333 [INFO] __main__: [prof node:node_03] ai 15.4 fps objs/frame=29.2 | infer=61.1ms track=3.4ms acquire=0.0ms
2026-10-01 10:23:26,333 [INFO] __main__: [prof node:node_03] disp 24.9 fps | acquire=0.0ms render=0.0ms publish=0.0ms
2026-10-01 10:23:26,336 [INFO] __main__: [prof node:node_03]   low<10: 1 frames, objs/frame=6.0, infer=63.1ms
2026-10-01 10:23:26,336 [INFO] __main__: [prof node:node_03]   high>15: 77 frames, objs/frame=29.5, infer=61.1ms
2026-10-01 10:23:26,585 [INFO] __main__: [prof node:node_02] ai 15.7 fps objs/frame=37.3 | infer=61.6ms track=2.0ms acquire=0.0ms
2026-10-01 10:23:26,585 [INFO] __main__: [prof node:node_02] disp 25.0 fps | acquire=0.0ms render=0.0ms publish=0.0ms
2026-10-01 10:23:26,585 [INFO] __main__: [prof node:node_02]   high>15: 79 frames, objs/frame=37.3, infer=61.6ms
2026-10-01 10:23:27,031 [INFO] __main__: [prof node:node_01] ai 12.0 fps objs/frame=42.5 | infer=58.6ms track=3.0ms acquire=20.9ms
2026-10-01 10:23:27,031 [INFO] __main__: [prof node:node_01] disp 12.0 fps | acquire=0.0ms render=0.0ms publish=0.0ms
2026-10-01 10:23:27,031 [INFO] __main__: [prof node:node_01]   high>15: 61 frames, objs/frame=42.5, infer=58.6ms
2026-10-01 10:23:31,336 [INFO] __main__: [prof node:node_03] ai 16.2 fps objs/frame=20.3 | infer=57.0ms track=2.4ms acquire=2.1ms
2026-10-01 10:23:31,336 [INFO] __main__: [prof node:node_03] disp 24.0 fps | acquire=0.0ms render=0.0ms publish=0.0ms
2026-10-01 10:23:31,336 [INFO] __main__: [prof node:node_03]   low<10: 1 frames, objs/frame=9.0, infer=51.1ms
2026-10-01 10:23:31,336 [INFO] __main__: [prof node:node_03]   high>15: 68 frames, objs/frame=21.6, infer=57.7ms
2026-10-01 10:23:31,627 [INFO] __main__: [prof node:node_02] ai 16.6 fps objs/frame=36.9 | infer=56.7ms track=2.2ms acquire=0.8ms
2026-10-01 10:23:31,634 [INFO] __main__: [prof node:node_02] disp 24.6 fps | acquire=0.0ms render=0.0ms publish=0.0ms
2026-10-01 10:23:31,634 [INFO] __main__: [prof node:node_02]   high>15: 84 frames, objs/frame=36.9, infer=56.7ms
2026-10-01 10:23:32,107 [INFO] __main__: [prof node:node_01] ai 12.0 fps objs/frame=46.3 | infer=54.2ms track=2.7ms acquire=25.9ms
2026-10-01 10:23:32,107 [INFO] __main__: [prof node:node_01] disp 12.0 fps | acquire=0.0ms render=0.0ms publish=0.0ms
2026-10-01 10:23:32,107 [INFO] __main__: [prof node:node_01]   high>15: 61 frames, objs/frame=46.3, infer=54.2ms
2026-10-01 10:23:36,380 [INFO] __main__: [prof node:node_03] ai 17.4 fps objs/frame=10.6 | infer=54.3ms track=1.5ms acquire=1.4ms
2026-10-01 10:23:36,380 [INFO] __main__: [prof node:node_03] disp 24.6 fps | acquire=0.0ms render=0.0ms publish=0.0ms
2026-10-01 10:23:36,380 [INFO] __main__: [prof node:node_03]   low<10: 37 frames, objs/frame=8.1, infer=52.9ms
2026-10-01 10:23:36,380 [INFO] __main__: [prof node:node_03]   high>15: 5 frames, objs/frame=16.8, infer=49.4ms
2026-10-01 10:23:36,648 [INFO] __main__: [prof node:node_02] ai 16.6 fps objs/frame=38.4 | infer=56.1ms track=2.0ms acquire=2.0ms
2026-10-01 10:23:36,648 [INFO] __main__: [prof node:node_02] disp 24.3 fps | acquire=0.0ms render=0.0ms publish=0.0ms
2026-10-01 10:23:36,648 [INFO] __main__: [prof node:node_02]   high>15: 83 frames, objs/frame=38.4, infer=56.1ms
2026-10-01 10:23:37,136 [INFO] __main__: [prof node:node_01] ai 11.9 fps objs/frame=49.8 | infer=56.3ms track=3.0ms acquire=24.0ms
2026-10-01 10:23:37,137 [INFO] __main__: [prof node:node_01] disp 11.9 fps | acquire=0.0ms render=0.0ms publish=0.0ms
2026-10-01 10:23:37,138 [INFO] __main__: [prof node:node_01]   high>15: 60 frames, objs/frame=49.8, infer=56.3ms
2026-10-01 10:23:41,413 [INFO] __main__: [prof node:node_03] ai 16.9 fps objs/frame=16.2 | infer=56.6ms track=1.4ms acquire=1.1ms
2026-10-01 10:23:41,413 [INFO] __main__: [prof node:node_03] disp 24.6 fps | acquire=0.0ms render=0.0ms publish=0.0ms
2026-10-01 10:23:41,413 [INFO] __main__: [prof node:node_03]   low<10: 3 frames, objs/frame=8.0, infer=58.8ms
2026-10-01 10:23:41,413 [INFO] __main__: [prof node:node_03]   high>15: 47 frames, objs/frame=19.1, infer=58.8ms
2026-10-01 10:23:41,676 [INFO] __main__: [prof node:node_02] ai 15.9 fps objs/frame=32.2 | infer=58.7ms track=1.7ms acquire=2.2ms
2026-10-01 10:23:41,676 [INFO] __main__: [prof node:node_02] disp 24.3 fps | acquire=0.0ms render=0.0ms publish=0.0ms
2026-10-01 10:23:41,676 [INFO] __main__: [prof node:node_02]   low<10: 2 frames, objs/frame=0.0, infer=49.5ms
2026-10-01 10:23:41,676 [INFO] __main__: [prof node:node_02]   high>15: 78 frames, objs/frame=33.1, infer=58.9ms
2026-10-01 10:23:42,207 [INFO] __main__: [prof node:node_01] ai 12.0 fps objs/frame=54.4 | infer=59.1ms track=3.2ms acquire=20.4ms
2026-10-01 10:23:42,207 [INFO] __main__: [prof node:node_01] disp 12.0 fps | acquire=0.0ms render=0.0ms publish=0.0ms
2026-10-01 10:23:42,208 [INFO] __main__: [prof node:node_01]   high>15: 61 frames, objs/frame=54.4, infer=59.1ms
2026-10-01 10:23:46,440 [INFO] __main__: [prof node:node_03] ai 16.5 fps objs/frame=9.2 | infer=58.0ms track=1.0ms acquire=1.3ms
2026-10-01 10:23:46,441 [INFO] __main__: [prof node:node_03] disp 24.7 fps | acquire=0.0ms render=0.0ms publish=0.0ms
2026-10-01 10:23:46,441 [INFO] __main__: [prof node:node_03]   low<10: 50 frames, objs/frame=7.9, infer=60.0ms
2026-10-01 10:23:46,683 [INFO] __main__: [prof node:node_02] ai 15.6 fps objs/frame=36.0 | infer=59.3ms track=2.0ms acquire=2.5ms
2026-10-01 10:23:46,683 [INFO] __main__: [prof node:node_02] disp 23.8 fps | acquire=0.0ms render=0.0ms publish=0.0ms
2026-10-01 10:23:46,683 [INFO] __main__: [prof node:node_02]   high>15: 78 frames, objs/frame=36.0, infer=59.3ms
2026-10-01 10:23:47,210 [INFO] __main__: [prof node:node_01] ai 12.0 fps objs/frame=56.1 | infer=58.3ms track=3.1ms acquire=21.6ms
2026-10-01 10:23:47,210 [INFO] __main__: [prof node:node_01] disp 12.0 fps | acquire=0.0ms render=0.0ms publish=0.0ms
2026-10-01 10:23:47,210 [INFO] __main__: [prof node:node_01]   high>15: 60 frames, objs/frame=56.1, infer=58.3ms
2026-10-01 10:23:51,502 [INFO] __main__: [prof node:node_03] ai 15.0 fps objs/frame=22.9 | infer=63.0ms track=1.8ms acquire=1.5ms
2026-10-01 10:23:51,502 [INFO] __main__: [prof node:node_03] disp 24.5 fps | acquire=0.0ms render=0.0ms publish=0.0ms
2026-10-01 10:23:51,502 [INFO] __main__: [prof node:node_03]   low<10: 1 frames, objs/frame=9.0, infer=67.5ms
2026-10-01 10:23:51,502 [INFO] __main__: [prof node:node_03]   high>15: 72 frames, objs/frame=23.5, infer=62.6ms
2026-10-01 10:23:51,752 [INFO] __main__: [prof node:node_02] ai 15.2 fps objs/frame=32.7 | infer=62.6ms track=2.1ms acquire=0.9ms
2026-10-01 10:23:51,752 [INFO] __main__: [prof node:node_02] disp 24.7 fps | acquire=0.0ms render=0.0ms publish=0.0ms
2026-10-01 10:23:51,752 [INFO] __main__: [prof node:node_02]   high>15: 77 frames, objs/frame=32.7, infer=62.6ms
2026-10-01 10:23:52,217 [INFO] __main__: [prof node:node_01] ai 12.0 fps objs/frame=56.0 | infer=61.9ms track=3.3ms acquire=17.8ms
2026-10-01 10:23:52,224 [INFO] __main__: [prof node:node_01] disp 12.0 fps | acquire=0.0ms render=0.0ms publish=0.0ms
2026-10-01 10:23:52,224 [INFO] __main__: [prof node:node_01]   high>15: 60 frames, objs/frame=56.0, infer=61.9ms
2026-10-01 10:23:56,564 [INFO] __main__: [prof node:node_03] ai 15.2 fps objs/frame=30.2 | infer=62.0ms track=2.5ms acquire=1.0ms
2026-10-01 10:23:56,571 [INFO] __main__: [prof node:node_03] disp 24.5 fps | acquire=0.0ms render=0.0ms publish=0.0ms
2026-10-01 10:23:56,571 [INFO] __main__: [prof node:node_03]   low<10: 1 frames, objs/frame=1.0, infer=68.2ms
2026-10-01 10:23:56,573 [INFO] __main__: [prof node:node_03]   high>15: 76 frames, objs/frame=30.6, infer=61.9ms
2026-10-01 10:23:56,808 [INFO] __main__: [prof node:node_02] ai 15.4 fps objs/frame=35.9 | infer=62.2ms track=2.1ms acquire=0.1ms
2026-10-01 10:23:56,810 [INFO] __main__: [prof node:node_02] disp 24.9 fps | acquire=0.0ms render=0.0ms publish=0.0ms
2026-10-01 10:23:56,810 [INFO] __main__: [prof node:node_02]   low<10: 1 frames, objs/frame=0.0, infer=63.4ms
2026-10-01 10:23:56,811 [INFO] __main__: [prof node:node_02]   high>15: 77 frames, objs/frame=36.4, infer=62.2ms
2026-10-01 10:23:57,293 [INFO] __main__: [prof node:node_01] ai 12.0 fps objs/frame=46.2 | infer=60.5ms track=2.9ms acquire=19.3ms
2026-10-01 10:23:57,293 [INFO] __main__: [prof node:node_01] disp 12.0 fps | acquire=0.0ms render=0.0ms publish=0.0ms
2026-10-01 10:23:57,293 [INFO] __main__: [prof node:node_01]   low<10: 1 frames, objs/frame=0.0, infer=54.2ms
2026-10-01 10:23:57,294 [INFO] __main__: [prof node:node_01]   high>15: 60 frames, objs/frame=47.0, infer=60.7ms
2026-10-01 10:24:01,599 [INFO] __main__: [prof node:node_03] ai 15.5 fps objs/frame=25.7 | infer=61.7ms track=2.2ms acquire=0.3ms
2026-10-01 10:24:01,599 [INFO] __main__: [prof node:node_03] disp 25.1 fps | acquire=0.0ms render=0.0ms publish=0.0ms
2026-10-01 10:24:01,599 [INFO] __main__: [prof node:node_03]   low<10: 1 frames, objs/frame=0.0, infer=63.6ms
2026-10-01 10:24:01,599 [INFO] __main__: [prof node:node_03]   high>15: 77 frames, objs/frame=26.0, infer=61.7ms
2026-10-01 10:24:01,870 [INFO] __main__: [prof node:node_02] ai 15.0 fps objs/frame=42.7 | infer=62.9ms track=2.5ms acquire=1.0ms
2026-10-01 10:24:01,870 [INFO] __main__: [prof node:node_02] disp 24.7 fps | acquire=0.0ms render=0.0ms publish=0.0ms
2026-10-01 10:24:01,876 [INFO] __main__: [prof node:node_02]   high>15: 76 frames, objs/frame=42.7, infer=62.9ms
2026-10-01 10:24:02,321 [INFO] __main__: [prof node:node_01] ai 11.9 fps objs/frame=47.1 | infer=62.1ms track=3.1ms acquire=18.2ms
2026-10-01 10:24:02,321 [INFO] __main__: [prof node:node_01] disp 12.1 fps | acquire=0.0ms render=0.0ms publish=0.0ms
2026-10-01 10:24:02,328 [INFO] __main__: [prof node:node_01]   low<10: 1 frames, objs/frame=2.0, infer=83.6ms
2026-10-01 10:24:02,328 [INFO] __main__: [prof node:node_01]   high>15: 59 frames, objs/frame=47.8, infer=61.8ms
2026-10-01 10:24:06,649 [INFO] __main__: [prof node:node_03] ai 13.9 fps objs/frame=36.3 | infer=67.5ms track=3.1ms acquire=1.2ms
2026-10-01 10:24:06,649 [INFO] __main__: [prof node:node_03] disp 24.3 fps | acquire=0.0ms render=0.0ms publish=0.0ms
2026-10-01 10:24:06,649 [INFO] __main__: [prof node:node_03]   high>15: 70 frames, objs/frame=36.3, infer=67.5ms
2026-10-01 10:24:06,918 [INFO] __main__: [prof node:node_02] ai 14.3 fps objs/frame=38.4 | infer=65.8ms track=3.8ms acquire=0.2ms
2026-10-01 10:24:06,918 [INFO] __main__: [prof node:node_02] disp 24.6 fps | acquire=0.0ms render=0.0ms publish=0.0ms
2026-10-01 10:24:06,918 [INFO] __main__: [prof node:node_02]   low<10: 1 frames, objs/frame=0.0, infer=32.6ms
2026-10-01 10:24:06,918 [INFO] __main__: [prof node:node_02]   high>15: 71 frames, objs/frame=38.9, infer=66.3ms
2026-10-01 10:24:07,383 [INFO] __main__: [prof node:node_01] ai 12.1 fps objs/frame=46.7 | infer=62.3ms track=3.4ms acquire=16.8ms
2026-10-01 10:24:07,383 [INFO] __main__: [prof node:node_01] disp 11.9 fps | acquire=0.0ms render=0.0ms publish=0.0ms
2026-10-01 10:24:07,383 [INFO] __main__: [prof node:node_01]   high>15: 61 frames, objs/frame=46.7, infer=62.3ms
2026-10-01 10:24:11,673 [INFO] __main__: [prof node:node_03] ai 14.1 fps objs/frame=39.8 | infer=66.8ms track=3.5ms acquire=0.1ms
2026-10-01 10:24:11,673 [INFO] __main__: [prof node:node_03] disp 24.9 fps | acquire=0.0ms render=0.0ms publish=0.0ms
2026-10-01 10:24:11,675 [INFO] __main__: [prof node:node_03]   high>15: 71 frames, objs/frame=39.8, infer=66.8ms
2026-10-01 10:24:11,980 [INFO] __main__: [prof node:node_02] ai 14.0 fps objs/frame=35.6 | infer=66.4ms track=4.1ms acquire=0.5ms
2026-10-01 10:24:11,980 [INFO] __main__: [prof node:node_02] disp 24.9 fps | acquire=0.0ms render=0.0ms publish=0.0ms
2026-10-01 10:24:11,987 [INFO] __main__: [prof node:node_02]   high>15: 71 frames, objs/frame=35.6, infer=66.4ms
2026-10-01 10:24:12,381 [INFO] __main__: [prof node:node_01] ai 12.0 fps objs/frame=47.9 | infer=62.1ms track=4.0ms acquire=16.9ms
2026-10-01 10:24:12,381 [INFO] __main__: [prof node:node_01] disp 12.0 fps | acquire=0.0ms render=0.0ms publish=0.0ms
2026-10-01 10:24:12,389 [INFO] __main__: [prof node:node_01]   high>15: 60 frames, objs/frame=47.9, infer=62.1ms
2026-10-01 10:24:16,675 [INFO] __main__: [prof node:node_03] ai 15.0 fps objs/frame=30.9 | infer=62.8ms track=3.0ms acquire=0.6ms
2026-10-01 10:24:16,675 [INFO] __main__: [prof node:node_03] disp 24.6 fps | acquire=0.0ms render=0.0ms publish=0.0ms
2026-10-01 10:24:16,675 [INFO] __main__: [prof node:node_03]   high>15: 74 frames, objs/frame=31.2, infer=62.9ms
2026-10-01 10:24:17,004 [INFO] __main__: [prof node:node_02] ai 15.1 fps objs/frame=32.1 | infer=61.8ms track=3.1ms acquire=0.8ms
2026-10-01 10:24:17,004 [INFO] __main__: [prof node:node_02] disp 24.7 fps | acquire=0.0ms render=0.0ms publish=0.0ms
2026-10-01 10:24:17,004 [INFO] __main__: [prof node:node_02]   high>15: 76 frames, objs/frame=32.1, infer=61.8ms
2026-10-01 10:24:17,459 [INFO] __main__: [prof node:node_01] ai 12.0 fps objs/frame=41.0 | infer=58.5ms track=4.4ms acquire=19.8ms
2026-10-01 10:24:17,459 [INFO] __main__: [prof node:node_01] disp 12.0 fps | acquire=0.0ms render=0.0ms publish=0.0ms
2026-10-01 10:24:17,459 [INFO] __main__: [prof node:node_01]   high>15: 61 frames, objs/frame=41.0, infer=58.5ms
2026-10-01 10:24:21,688 [INFO] __main__: [prof node:node_03] ai 16.0 fps objs/frame=29.6 | infer=57.0ms track=2.6ms acquire=2.7ms
2026-10-01 10:24:21,688 [INFO] __main__: [prof node:node_03] disp 23.9 fps | acquire=0.0ms render=0.0ms publish=0.0ms
2026-10-01 10:24:21,688 [INFO] __main__: [prof node:node_03]   high>15: 80 frames, objs/frame=29.6, infer=57.0ms
2026-10-01 10:24:22,042 [INFO] __main__: [prof node:node_02] ai 16.3 fps objs/frame=26.3 | infer=56.4ms track=2.6ms acquire=2.1ms
2026-10-01 10:24:22,042 [INFO] __main__: [prof node:node_02] disp 24.0 fps | acquire=0.0ms render=0.0ms publish=0.0ms
2026-10-01 10:24:22,042 [INFO] __main__: [prof node:node_02]   high>15: 82 frames, objs/frame=26.3, infer=56.4ms
2026-10-01 10:24:22,523 [INFO] __main__: [prof node:node_01] ai 12.0 fps objs/frame=45.0 | infer=55.9ms track=3.4ms acquire=23.3ms
2026-10-01 10:24:22,523 [INFO] __main__: [prof node:node_01] disp 12.0 fps | acquire=0.0ms render=0.0ms publish=0.0ms
2026-10-01 10:24:22,523 [INFO] __main__: [prof node:node_01]   high>15: 61 frames, objs/frame=45.0, infer=55.9ms
2026-10-01 10:24:26,743 [INFO] __main__: [prof node:node_03] ai 16.0 fps objs/frame=36.5 | infer=59.6ms track=2.4ms acquire=0.0ms
2026-10-01 10:24:26,743 [INFO] __main__: [prof node:node_03] disp 24.9 fps | acquire=0.0ms render=0.0ms publish=0.0ms
2026-10-01 10:24:26,743 [INFO] __main__: [prof node:node_03]   low<10: 1 frames, objs/frame=0.0, infer=37.3ms
2026-10-01 10:24:26,743 [INFO] __main__: [prof node:node_03]   high>15: 80 frames, objs/frame=37.0, infer=59.9ms
2026-10-01 10:24:27,063 [INFO] __main__: [prof node:node_02] ai 16.1 fps objs/frame=33.1 | infer=59.0ms track=2.5ms acquire=0.1ms
2026-10-01 10:24:27,063 [INFO] __main__: [prof node:node_02] disp 24.5 fps | acquire=0.0ms render=0.0ms publish=0.0ms
2026-10-01 10:24:27,063 [INFO] __main__: [prof node:node_02]   high>15: 81 frames, objs/frame=33.1, infer=59.0ms
2026-10-01 10:24:27,543 [INFO] __main__: [prof node:node_01] ai 12.0 fps objs/frame=34.3 | infer=57.4ms track=3.0ms acquire=22.9ms
2026-10-01 10:24:27,543 [INFO] __main__: [prof node:node_01] disp 12.0 fps | acquire=0.0ms render=0.0ms publish=0.0ms
2026-10-01 10:24:27,543 [INFO] __main__: [prof node:node_01]   high>15: 60 frames, objs/frame=34.3, infer=57.4ms
2026-10-01 10:24:31,751 [INFO] __main__: [prof node:node_03] ai 16.2 fps objs/frame=34.3 | infer=58.2ms track=2.5ms acquire=0.9ms
2026-10-01 10:24:31,751 [INFO] __main__: [prof node:node_03] disp 24.7 fps | acquire=0.0ms render=0.0ms publish=0.0ms
2026-10-01 10:24:31,751 [INFO] __main__: [prof node:node_03]   high>15: 81 frames, objs/frame=34.3, infer=58.2ms
2026-10-01 10:24:32,095 [INFO] __main__: [prof node:node_02] ai 15.9 fps objs/frame=33.8 | infer=59.0ms track=2.5ms acquire=1.0ms
2026-10-01 10:24:32,097 [INFO] __main__: [prof node:node_02] disp 25.0 fps | acquire=0.0ms render=0.0ms publish=0.0ms
2026-10-01 10:24:32,098 [INFO] __main__: [prof node:node_02]   high>15: 80 frames, objs/frame=33.8, infer=59.0ms
2026-10-01 10:24:32,549 [INFO] __main__: [prof node:node_01] ai 12.0 fps objs/frame=34.5 | infer=56.6ms track=2.7ms acquire=23.9ms
2026-10-01 10:24:32,549 [INFO] __main__: [prof node:node_01] disp 12.0 fps | acquire=0.0ms render=0.0ms publish=0.0ms
2026-10-01 10:24:32,549 [INFO] __main__: [prof node:node_01]   high>15: 60 frames, objs/frame=34.5, infer=56.6ms
2026-10-01 10:24:36,820 [INFO] __main__: [prof node:node_03] ai 17.0 fps objs/frame=34.4 | infer=56.4ms track=2.2ms acquire=0.1ms
2026-10-01 10:24:36,820 [INFO] __main__: [prof node:node_03] disp 24.9 fps | acquire=0.0ms render=0.0ms publish=0.0ms
2026-10-01 10:24:36,820 [INFO] __main__: [prof node:node_03]   high>15: 86 frames, objs/frame=34.4, infer=56.4ms
2026-10-01 10:24:37,147 [INFO] __main__: [prof node:node_02] ai 17.0 fps objs/frame=33.2 | infer=55.7ms track=2.6ms acquire=0.1ms
2026-10-01 10:24:37,147 [INFO] __main__: [prof node:node_02] disp 24.5 fps | acquire=0.0ms render=0.0ms publish=0.0ms
2026-10-01 10:24:37,147 [INFO] __main__: [prof node:node_02]   low<10: 1 frames, objs/frame=0.0, infer=62.0ms
2026-10-01 10:24:37,147 [INFO] __main__: [prof node:node_02]   high>15: 85 frames, objs/frame=33.6, infer=55.7ms
2026-10-01 10:24:37,612 [INFO] __main__: [prof node:node_01] ai 12.1 fps objs/frame=26.8 | infer=53.8ms track=2.3ms acquire=26.5ms
2026-10-01 10:24:37,612 [INFO] __main__: [prof node:node_01] disp 12.1 fps | acquire=0.0ms render=0.0ms publish=0.0ms
2026-10-01 10:24:37,612 [INFO] __main__: [prof node:node_01]   high>15: 61 frames, objs/frame=26.8, infer=53.8ms
2026-10-01 10:24:41,834 [INFO] __main__: [prof node:node_03] ai 17.2 fps objs/frame=38.6 | infer=55.7ms track=1.8ms acquire=0.6ms
2026-10-01 10:24:41,834 [INFO] __main__: [prof node:node_03] disp 24.7 fps | acquire=0.0ms render=0.0ms publish=0.0ms
2026-10-01 10:24:41,834 [INFO] __main__: [prof node:node_03]   high>15: 86 frames, objs/frame=38.6, infer=55.7ms
2026-10-01 10:24:42,154 [INFO] __main__: [prof node:node_02] ai 17.2 fps objs/frame=34.6 | infer=54.7ms track=2.5ms acquire=0.7ms
2026-10-01 10:24:42,154 [INFO] __main__: [prof node:node_02] disp 25.2 fps | acquire=0.0ms render=0.0ms publish=0.0ms
2026-10-01 10:24:42,154 [INFO] __main__: [prof node:node_02]   high>15: 86 frames, objs/frame=34.6, infer=54.7ms
2026-10-01 10:24:42,688 [INFO] __main__: [prof node:node_01] ai 12.0 fps objs/frame=17.8 | infer=52.4ms track=1.7ms acquire=28.9ms
2026-10-01 10:24:42,688 [INFO] __main__: [prof node:node_01] disp 12.0 fps | acquire=0.0ms render=0.0ms publish=0.0ms
2026-10-01 10:24:42,688 [INFO] __main__: [prof node:node_01]   high>15: 40 frames, objs/frame=19.8, infer=52.7ms
2026-10-01 10:24:46,885 [INFO] __main__: [prof node:node_03] ai 18.6 fps objs/frame=34.7 | infer=51.1ms track=1.6ms acquire=0.8ms
2026-10-01 10:24:46,885 [INFO] __main__: [prof node:node_03] disp 24.9 fps | acquire=0.0ms render=0.0ms publish=0.0ms
2026-10-01 10:24:46,885 [INFO] __main__: [prof node:node_03]   high>15: 94 frames, objs/frame=34.7, infer=51.1ms
2026-10-01 10:24:47,172 [INFO] __main__: [prof node:node_02] ai 18.9 fps objs/frame=24.5 | infer=50.3ms track=2.0ms acquire=0.3ms
2026-10-01 10:24:47,173 [INFO] __main__: [prof node:node_02] disp 24.7 fps | acquire=0.0ms render=0.0ms publish=0.0ms
2026-10-01 10:24:47,173 [INFO] __main__: [prof node:node_02]   high>15: 93 frames, objs/frame=24.7, infer=50.5ms
2026-10-01 10:24:47,702 [INFO] __main__: [prof node:node_01] ai 12.0 fps objs/frame=22.8 | infer=49.2ms track=1.5ms acquire=32.6ms
2026-10-01 10:24:47,708 [INFO] __main__: [prof node:node_01] disp 12.0 fps | acquire=0.0ms render=0.0ms publish=0.0ms
2026-10-01 10:24:47,709 [INFO] __main__: [prof node:node_01]   high>15: 58 frames, objs/frame=23.1, infer=49.4ms
2026-10-01 10:24:51,910 [INFO] __main__: [prof node:node_03] ai 19.9 fps objs/frame=32.4 | infer=47.9ms track=1.6ms acquire=0.6ms
2026-10-01 10:24:51,910 [INFO] __main__: [prof node:node_03] disp 24.9 fps | acquire=0.0ms render=0.0ms publish=0.0ms
2026-10-01 10:24:51,910 [INFO] __main__: [prof node:node_03]   high>15: 100 frames, objs/frame=32.4, infer=47.9ms
2026-10-01 10:24:52,195 [INFO] __main__: [prof node:node_02] ai 19.3 fps objs/frame=17.8 | infer=48.1ms track=1.6ms acquire=1.8ms
2026-10-01 10:24:52,195 [INFO] __main__: [prof node:node_02] disp 24.5 fps | acquire=0.0ms render=0.0ms publish=0.0ms
2026-10-01 10:24:52,195 [INFO] __main__: [prof node:node_02]   high>15: 81 frames, objs/frame=18.5, infer=48.7ms
2026-10-01 10:24:52,776 [INFO] __main__: [prof node:node_01] ai 12.0 fps objs/frame=23.0 | infer=48.4ms track=1.6ms acquire=32.7ms
2026-10-01 10:24:52,777 [INFO] __main__: [prof node:node_01] disp 12.0 fps | acquire=0.0ms render=0.0ms publish=0.0ms
2026-10-01 10:24:52,777 [INFO] __main__: [prof node:node_01]   low<10: 1 frames, objs/frame=0.0, infer=35.7ms
2026-10-01 10:24:52,777 [INFO] __main__: [prof node:node_01]   high>15: 55 frames, objs/frame=24.2, infer=48.6ms
2026-10-01 10:24:56,918 [INFO] __main__: [prof node:node_03] ai 19.2 fps objs/frame=31.8 | infer=49.0ms track=2.4ms acquire=0.5ms
2026-10-01 10:24:56,918 [INFO] __main__: [prof node:node_03] disp 25.0 fps | acquire=0.0ms render=0.0ms publish=0.0ms
2026-10-01 10:24:56,918 [INFO] __main__: [prof node:node_03]   high>15: 96 frames, objs/frame=31.8, infer=49.0ms
2026-10-01 10:24:57,229 [INFO] __main__: [prof node:node_02] ai 18.9 fps objs/frame=19.9 | infer=50.2ms track=1.8ms acquire=0.8ms
2026-10-01 10:24:57,229 [INFO] __main__: [prof node:node_02] disp 25.0 fps | acquire=0.0ms render=0.0ms publish=0.0ms
2026-10-01 10:24:57,229 [INFO] __main__: [prof node:node_02]   high>15: 90 frames, objs/frame=20.2, infer=50.3ms
2026-10-01 10:24:57,785 [INFO] __main__: [prof node:node_01] ai 12.0 fps objs/frame=30.7 | infer=49.8ms track=2.1ms acquire=31.2ms
2026-10-01 10:24:57,785 [INFO] __main__: [prof node:node_01] disp 12.0 fps | acquire=0.0ms render=0.0ms publish=0.0ms
2026-10-01 10:24:57,785 [INFO] __main__: [prof node:node_01]   high>15: 60 frames, objs/frame=30.7, infer=49.8ms
2026-10-01 10:25:01,937 [INFO] __main__: [prof node:node_03] ai 19.1 fps objs/frame=20.7 | infer=48.4ms track=2.3ms acquire=1.4ms
2026-10-01 10:25:01,937 [INFO] __main__: [prof node:node_03] disp 24.9 fps | acquire=0.0ms render=0.0ms publish=0.0ms
2026-10-01 10:25:01,944 [INFO] __main__: [prof node:node_03]   high>15: 95 frames, objs/frame=20.8, infer=48.3ms
2026-10-01 10:25:02,250 [INFO] __main__: [prof node:node_02] ai 19.3 fps objs/frame=21.2 | infer=48.5ms track=1.7ms acquire=1.3ms
2026-10-01 10:25:02,250 [INFO] __main__: [prof node:node_02] disp 24.5 fps | acquire=0.0ms render=0.0ms publish=0.0ms
2026-10-01 10:25:02,250 [INFO] __main__: [prof node:node_02]   low<10: 1 frames, objs/frame=0.0, infer=30.2ms
2026-10-01 10:25:02,250 [INFO] __main__: [prof node:node_02]   high>15: 90 frames, objs/frame=21.9, infer=48.2ms
2026-10-01 10:25:02,847 [INFO] __main__: [prof node:node_01] ai 12.1 fps objs/frame=33.4 | infer=47.1ms track=2.5ms acquire=33.0ms
2026-10-01 10:25:02,847 [INFO] __main__: [prof node:node_01] disp 12.1 fps | acquire=0.0ms render=0.0ms publish=0.0ms
2026-10-01 10:25:02,847 [INFO] __main__: [prof node:node_01]   high>15: 61 frames, objs/frame=33.4, infer=47.1ms
2026-10-01 10:25:07,007 [INFO] __main__: [prof node:node_03] ai 18.9 fps objs/frame=25.5 | infer=49.5ms track=2.3ms acquire=0.7ms
2026-10-01 10:25:07,007 [INFO] __main__: [prof node:node_03] disp 24.7 fps | acquire=0.0ms render=0.0ms publish=0.0ms
2026-10-01 10:25:07,007 [INFO] __main__: [prof node:node_03]   high>15: 90 frames, objs/frame=26.3, infer=49.6ms
2026-10-01 10:25:07,257 [INFO] __main__: [prof node:node_02] ai 19.0 fps objs/frame=17.1 | infer=49.9ms track=1.8ms acquire=0.7ms
2026-10-01 10:25:07,257 [INFO] __main__: [prof node:node_02] disp 24.8 fps | acquire=0.0ms render=0.0ms publish=0.0ms
2026-10-01 10:25:07,263 [INFO] __main__: [prof node:node_02]   low<10: 2 frames, objs/frame=0.0, infer=47.3ms
2026-10-01 10:25:07,263 [INFO] __main__: [prof node:node_02]   high>15: 71 frames, objs/frame=18.4, infer=50.0ms
2026-10-01 10:25:07,951 [INFO] __main__: [prof node:node_01] ai 11.9 fps objs/frame=28.1 | infer=49.5ms track=2.4ms acquire=31.4ms
2026-10-01 10:25:07,951 [INFO] __main__: [prof node:node_01] disp 11.9 fps | acquire=0.0ms render=0.0ms publish=0.0ms
2026-10-01 10:25:07,951 [INFO] __main__: [prof node:node_01]   high>15: 61 frames, objs/frame=28.1, infer=49.5ms
2026-10-01 10:25:12,072 [INFO] __main__: [prof node:node_03] ai 17.4 fps objs/frame=37.4 | infer=53.8ms track=2.7ms acquire=0.8ms
2026-10-01 10:25:12,072 [INFO] __main__: [prof node:node_03] disp 24.5 fps | acquire=0.0ms render=0.0ms publish=0.0ms
2026-10-01 10:25:12,072 [INFO] __main__: [prof node:node_03]   low<10: 1 frames, objs/frame=0.0, infer=56.9ms
2026-10-01 10:25:12,072 [INFO] __main__: [prof node:node_03]   high>15: 87 frames, objs/frame=37.9, infer=53.7ms
2026-10-01 10:25:12,258 [INFO] __main__: [prof node:node_02] ai 17.2 fps objs/frame=23.4 | infer=54.5ms track=2.0ms acquire=1.4ms
2026-10-01 10:25:12,263 [INFO] __main__: [prof node:node_02] disp 24.6 fps | acquire=0.0ms render=0.0ms publish=0.0ms
2026-10-01 10:25:12,264 [INFO] __main__: [prof node:node_02]   high>15: 86 frames, objs/frame=23.4, infer=54.5ms
2026-10-01 10:25:13,034 [INFO] __main__: [prof node:node_01] ai 12.0 fps objs/frame=30.3 | infer=55.1ms track=2.1ms acquire=25.7ms
2026-10-01 10:25:13,034 [INFO] __main__: [prof node:node_01] disp 12.0 fps | acquire=0.0ms render=0.0ms publish=0.0ms
2026-10-01 10:25:13,034 [INFO] __main__: [prof node:node_01]   low<10: 1 frames, objs/frame=1.0, infer=48.8ms
2026-10-01 10:25:13,034 [INFO] __main__: [prof node:node_01]   high>15: 60 frames, objs/frame=30.8, infer=55.2ms
2026-10-01 10:25:17,084 [INFO] __main__: [prof node:node_03] ai 17.2 fps objs/frame=37.6 | infer=54.9ms track=3.0ms acquire=0.1ms
2026-10-01 10:25:17,084 [INFO] __main__: [prof node:node_03] disp 24.9 fps | acquire=0.0ms render=0.0ms publish=0.0ms
2026-10-01 10:25:17,084 [INFO] __main__: [prof node:node_03]   high>15: 86 frames, objs/frame=37.6, infer=54.9ms
2026-10-01 10:25:17,309 [INFO] __main__: [prof node:node_02] ai 16.4 fps objs/frame=24.2 | infer=56.2ms track=2.0ms acquire=2.3ms
2026-10-01 10:25:17,309 [INFO] __main__: [prof node:node_02] disp 24.0 fps | acquire=0.0ms render=0.0ms publish=0.0ms
2026-10-01 10:25:17,309 [INFO] __main__: [prof node:node_02]   high>15: 83 frames, objs/frame=24.2, infer=56.2ms
2026-10-01 10:25:18,115 [INFO] __main__: [prof node:node_01] ai 12.0 fps objs/frame=31.0 | infer=51.4ms track=2.1ms acquire=29.2ms
2026-10-01 10:25:18,116 [INFO] __main__: [prof node:node_01] disp 12.0 fps | acquire=0.0ms render=0.0ms publish=0.0ms
2026-10-01 10:25:18,116 [INFO] __main__: [prof node:node_01]   high>15: 61 frames, objs/frame=31.0, infer=51.4ms
2026-10-01 10:25:22,091 [INFO] __main__: [prof node:node_03] ai 16.8 fps objs/frame=34.8 | infer=54.7ms track=2.8ms acquire=1.9ms
2026-10-01 10:25:22,091 [INFO] __main__: [prof node:node_03] disp 24.5 fps | acquire=0.1ms render=0.0ms publish=0.0ms
2026-10-01 10:25:22,091 [INFO] __main__: [prof node:node_03]   high>15: 84 frames, objs/frame=34.8, infer=54.7ms
2026-10-01 10:25:22,358 [INFO] __main__: [prof node:node_02] ai 17.2 fps objs/frame=21.4 | infer=54.9ms track=2.0ms acquire=0.7ms
2026-10-01 10:25:22,360 [INFO] __main__: [prof node:node_02] disp 24.8 fps | acquire=0.0ms render=0.0ms publish=0.0ms
2026-10-01 10:25:22,361 [INFO] __main__: [prof node:node_02]   high>15: 82 frames, objs/frame=21.8, infer=54.9ms
2026-10-01 10:25:23,124 [INFO] __main__: [prof node:node_01] ai 12.0 fps objs/frame=36.4 | infer=57.7ms track=2.2ms acquire=23.1ms
2026-10-01 10:25:23,124 [INFO] __main__: [prof node:node_01] disp 12.0 fps | acquire=0.0ms render=0.0ms publish=0.0ms
2026-10-01 10:25:23,124 [INFO] __main__: [prof node:node_01]   high>15: 60 frames, objs/frame=36.4, infer=57.7ms
2026-10-01 10:25:27,161 [INFO] __main__: [prof node:node_03] ai 17.4 fps objs/frame=26.8 | infer=53.8ms track=3.0ms acquire=0.5ms
2026-10-01 10:25:27,161 [INFO] __main__: [prof node:node_03] disp 24.5 fps | acquire=0.0ms render=0.0ms publish=0.0ms
2026-10-01 10:25:27,161 [INFO] __main__: [prof node:node_03]   high>15: 88 frames, objs/frame=26.8, infer=53.8ms
2026-10-01 10:25:27,381 [INFO] __main__: [prof node:node_02] ai 17.3 fps objs/frame=20.1 | infer=55.2ms track=2.1ms acquire=0.3ms
2026-10-01 10:25:27,381 [INFO] __main__: [prof node:node_02] disp 24.9 fps | acquire=0.0ms render=0.0ms publish=0.0ms
2026-10-01 10:25:27,381 [INFO] __main__: [prof node:node_02]   high>15: 85 frames, objs/frame=20.2, infer=54.9ms
2026-10-01 10:25:28,166 [INFO] __main__: [prof node:node_01] ai 12.1 fps objs/frame=34.8 | infer=51.3ms track=2.3ms acquire=28.6ms
2026-10-01 10:25:28,166 [INFO] __main__: [prof node:node_01] disp 12.1 fps | acquire=0.0ms render=0.0ms publish=0.0ms
2026-10-01 10:25:28,172 [INFO] __main__: [prof node:node_01]   high>15: 61 frames, objs/frame=34.8, infer=51.3ms
2026-10-01 10:25:32,172 [INFO] __main__: [prof node:node_03] ai 18.3 fps objs/frame=18.1 | infer=45.9ms track=2.3ms acquire=6.1ms
2026-10-01 10:25:32,172 [INFO] __main__: [prof node:node_03] disp 22.9 fps | acquire=0.0ms render=0.0ms publish=0.0ms
2026-10-01 10:25:32,172 [INFO] __main__: [prof node:node_03]   high>15: 87 frames, objs/frame=18.3, infer=45.2ms
2026-10-01 10:25:32,429 [INFO] __main__: [prof node:node_02] ai 15.6 fps objs/frame=21.9 | infer=50.1ms track=2.3ms acquire=11.2ms
2026-10-01 10:25:32,429 [INFO] __main__: [prof node:node_02] disp 20.8 fps | acquire=0.0ms render=0.0ms publish=0.0ms
2026-10-01 10:25:32,429 [INFO] __main__: [prof node:node_02]   high>15: 79 frames, objs/frame=21.9, infer=50.1ms
2026-10-01 10:25:33,242 [INFO] __main__: [prof node:node_01] ai 11.4 fps objs/frame=41.5 | infer=49.8ms track=2.5ms acquire=34.7ms
2026-10-01 10:25:33,242 [INFO] __main__: [prof node:node_01] disp 11.4 fps | acquire=0.0ms render=0.0ms publish=0.0ms
2026-10-01 10:25:33,242 [INFO] __main__: [prof node:node_01]   high>15: 58 frames, objs/frame=41.5, infer=49.8ms
2026-10-01 10:25:37,180 [INFO] __main__: [prof node:node_03] ai 17.8 fps objs/frame=15.2 | infer=53.1ms track=1.7ms acquire=1.3ms
2026-10-01 10:25:37,180 [INFO] __main__: [prof node:node_03] disp 24.8 fps | acquire=0.0ms render=0.0ms publish=0.0ms
2026-10-01 10:25:37,186 [INFO] __main__: [prof node:node_03]   low<10: 5 frames, objs/frame=6.8, infer=58.4ms
2026-10-01 10:25:37,186 [INFO] __main__: [prof node:node_03]   high>15: 44 frames, objs/frame=18.1, infer=53.4ms
2026-10-01 10:25:37,444 [INFO] __main__: [prof node:node_02] ai 18.2 fps objs/frame=24.5 | infer=51.9ms track=2.3ms acquire=0.6ms
2026-10-01 10:25:37,444 [INFO] __main__: [prof node:node_02] disp 24.7 fps | acquire=0.0ms render=0.0ms publish=0.0ms
2026-10-01 10:25:37,446 [INFO] __main__: [prof node:node_02]   low<10: 1 frames, objs/frame=3.0, infer=56.3ms
2026-10-01 10:25:37,446 [INFO] __main__: [prof node:node_02]   high>15: 90 frames, objs/frame=24.7, infer=51.8ms
2026-10-01 10:25:38,255 [INFO] __main__: [prof node:node_01] ai 12.0 fps objs/frame=42.2 | infer=55.1ms track=2.5ms acquire=25.4ms
2026-10-01 10:25:38,256 [INFO] __main__: [prof node:node_01] disp 12.0 fps | acquire=0.0ms render=0.0ms publish=0.0ms
2026-10-01 10:25:38,257 [INFO] __main__: [prof node:node_01]   high>15: 60 frames, objs/frame=42.2, infer=55.1ms
2026-10-01 10:25:42,198 [INFO] __main__: [prof node:node_03] ai 18.3 fps objs/frame=14.0 | infer=51.5ms track=1.5ms acquire=1.3ms
2026-10-01 10:25:42,200 [INFO] __main__: [prof node:node_03] disp 24.5 fps | acquire=0.0ms render=0.0ms publish=0.0ms
2026-10-01 10:25:42,200 [INFO] __main__: [prof node:node_03]   low<10: 2 frames, objs/frame=8.5, infer=63.5ms
2026-10-01 10:25:42,200 [INFO] __main__: [prof node:node_03]   high>15: 23 frames, objs/frame=16.9, infer=49.9ms
2026-10-01 10:25:42,457 [INFO] __main__: [prof node:node_02] ai 18.8 fps objs/frame=25.4 | infer=50.0ms track=2.2ms acquire=0.8ms
2026-10-01 10:25:42,457 [INFO] __main__: [prof node:node_02] disp 24.7 fps | acquire=0.0ms render=0.0ms publish=0.0ms
2026-10-01 10:25:42,457 [INFO] __main__: [prof node:node_02]   high>15: 94 frames, objs/frame=25.4, infer=50.0ms
2026-10-01 10:25:43,308 [INFO] __main__: [prof node:node_01] ai 12.1 fps objs/frame=34.4 | infer=49.4ms track=2.5ms acquire=30.6ms
2026-10-01 10:25:43,308 [INFO] __main__: [prof node:node_01] disp 12.1 fps | acquire=0.0ms render=0.0ms publish=0.0ms
2026-10-01 10:25:43,311 [INFO] __main__: [prof node:node_01]   high>15: 61 frames, objs/frame=34.4, infer=49.4ms
2026-10-01 10:25:47,221 [INFO] __main__: [prof node:node_03] ai 17.7 fps objs/frame=19.1 | infer=51.4ms track=2.0ms acquire=2.7ms
2026-10-01 10:25:47,221 [INFO] __main__: [prof node:node_03] disp 23.7 fps | acquire=0.0ms render=0.0ms publish=0.0ms
2026-10-01 10:25:47,221 [INFO] __main__: [prof node:node_03]   low<10: 2 frames, objs/frame=4.5, infer=44.4ms
2026-10-01 10:25:47,221 [INFO] __main__: [prof node:node_03]   high>15: 60 frames, objs/frame=22.4, infer=54.2ms
2026-10-01 10:25:47,484 [INFO] __main__: [prof node:node_02] ai 18.3 fps objs/frame=26.9 | infer=50.3ms track=2.0ms acquire=2.0ms
2026-10-01 10:25:47,484 [INFO] __main__: [prof node:node_02] disp 24.5 fps | acquire=0.0ms render=0.0ms publish=0.0ms
2026-10-01 10:25:47,484 [INFO] __main__: [prof node:node_02]   high>15: 92 frames, objs/frame=26.9, infer=50.3ms
2026-10-01 10:25:48,324 [INFO] __main__: [prof node:node_01] ai 12.0 fps objs/frame=38.5 | infer=51.8ms track=2.7ms acquire=28.6ms
2026-10-01 10:25:48,326 [INFO] __main__: [prof node:node_01] disp 12.0 fps | acquire=0.0ms render=0.0ms publish=0.0ms
2026-10-01 10:25:48,326 [INFO] __main__: [prof node:node_01]   high>15: 60 frames, objs/frame=38.5, infer=51.8ms
2026-10-01 10:25:52,264 [INFO] __main__: [prof node:node_03] ai 16.5 fps objs/frame=25.8 | infer=56.6ms track=2.7ms acquire=1.2ms
2026-10-01 10:25:52,264 [INFO] __main__: [prof node:node_03] disp 24.4 fps | acquire=0.0ms render=0.0ms publish=0.0ms
2026-10-01 10:25:52,264 [INFO] __main__: [prof node:node_03]   high>15: 83 frames, objs/frame=25.8, infer=56.6ms
2026-10-01 10:25:52,544 [INFO] __main__: [prof node:node_02] ai 16.8 fps objs/frame=28.4 | infer=56.3ms track=2.3ms acquire=0.7ms
2026-10-01 10:25:52,544 [INFO] __main__: [prof node:node_02] disp 24.9 fps | acquire=0.0ms render=0.0ms publish=0.0ms
2026-10-01 10:25:52,544 [INFO] __main__: [prof node:node_02]   high>15: 85 frames, objs/frame=28.4, infer=56.3ms
2026-10-01 10:25:53,404 [INFO] __main__: [prof node:node_01] ai 12.0 fps objs/frame=44.9 | infer=56.1ms track=2.5ms acquire=24.2ms
2026-10-01 10:25:53,404 [INFO] __main__: [prof node:node_01] disp 12.0 fps | acquire=0.0ms render=0.0ms publish=0.0ms
2026-10-01 10:25:53,404 [INFO] __main__: [prof node:node_01]   low<10: 1 frames, objs/frame=0.0, infer=61.6ms
2026-10-01 10:25:53,404 [INFO] __main__: [prof node:node_01]   high>15: 60 frames, objs/frame=45.6, infer=56.0ms
2026-10-01 10:25:57,283 [INFO] __main__: [prof node:node_03] ai 16.3 fps objs/frame=23.2 | infer=57.0ms track=2.6ms acquire=1.4ms
2026-10-01 10:25:57,283 [INFO] __main__: [prof node:node_03] disp 24.5 fps | acquire=0.1ms render=0.0ms publish=0.0ms
2026-10-01 10:25:57,283 [INFO] __main__: [prof node:node_03]   high>15: 82 frames, objs/frame=23.2, infer=57.0ms
2026-10-01 10:25:57,560 [INFO] __main__: [prof node:node_02] ai 16.5 fps objs/frame=32.5 | infer=56.7ms track=2.6ms acquire=0.8ms
2026-10-01 10:25:57,560 [INFO] __main__: [prof node:node_02] disp 24.3 fps | acquire=0.1ms render=0.0ms publish=0.0ms
2026-10-01 10:25:57,560 [INFO] __main__: [prof node:node_02]   high>15: 83 frames, objs/frame=32.5, infer=56.7ms
2026-10-01 10:25:58,479 [INFO] __main__: [prof node:node_01] ai 12.0 fps objs/frame=44.0 | infer=55.9ms track=2.6ms acquire=24.3ms
2026-10-01 10:25:58,484 [INFO] __main__: [prof node:node_01] disp 12.0 fps | acquire=0.0ms render=0.0ms publish=0.0ms
2026-10-01 10:25:58,484 [INFO] __main__: [prof node:node_01]   high>15: 61 frames, objs/frame=44.0, infer=55.9ms
2026-10-01 10:26:02,308 [INFO] __main__: [prof node:node_03] ai 15.9 fps objs/frame=22.3 | infer=60.3ms track=2.1ms acquire=0.2ms
2026-10-01 10:26:02,308 [INFO] __main__: [prof node:node_03] disp 24.7 fps | acquire=0.1ms render=0.0ms publish=0.0ms
2026-10-01 10:26:02,309 [INFO] __main__: [prof node:node_03]   high>15: 79 frames, objs/frame=22.4, infer=60.2ms
2026-10-01 10:26:02,583 [INFO] __main__: [prof node:node_02] ai 15.9 fps objs/frame=35.0 | infer=59.5ms track=2.7ms acquire=0.2ms
2026-10-01 10:26:02,583 [INFO] __main__: [prof node:node_02] disp 24.7 fps | acquire=0.1ms render=0.0ms publish=0.0ms
2026-10-01 10:26:02,583 [INFO] __main__: [prof node:node_02]   high>15: 80 frames, objs/frame=35.0, infer=59.5ms
2026-10-01 10:26:03,567 [INFO] __main__: [prof node:node_01] ai 12.0 fps objs/frame=41.5 | infer=57.1ms track=3.6ms acquire=22.2ms
2026-10-01 10:26:03,574 [INFO] __main__: [prof node:node_01] disp 12.0 fps | acquire=0.0ms render=0.0ms publish=0.0ms
2026-10-01 10:26:03,574 [INFO] __main__: [prof node:node_01]   high>15: 61 frames, objs/frame=41.5, infer=57.1ms
2026-10-01 10:26:07,347 [INFO] __main__: [prof node:node_03] ai 17.1 fps objs/frame=17.7 | infer=54.5ms track=1.7ms acquire=2.3ms
2026-10-01 10:26:07,351 [INFO] __main__: [prof node:node_03] disp 24.4 fps | acquire=0.0ms render=0.0ms publish=0.0ms
2026-10-01 10:26:07,351 [INFO] __main__: [prof node:node_03]   high>15: 67 frames, objs/frame=18.7, infer=55.8ms
2026-10-01 10:26:07,595 [INFO] __main__: [prof node:node_02] ai 16.6 fps objs/frame=31.4 | infer=54.9ms track=2.8ms acquire=2.3ms
2026-10-01 10:26:07,595 [INFO] __main__: [prof node:node_02] disp 24.4 fps | acquire=0.0ms render=0.0ms publish=0.0ms
2026-10-01 10:26:07,596 [INFO] __main__: [prof node:node_02]   high>15: 83 frames, objs/frame=31.4, infer=54.9ms
2026-10-01 10:26:08,665 [INFO] __main__: [prof node:node_01] ai 12.0 fps objs/frame=44.1 | infer=54.6ms track=3.4ms acquire=25.2ms
2026-10-01 10:26:08,671 [INFO] __main__: [prof node:node_01] disp 12.0 fps | acquire=0.0ms render=0.0ms publish=0.0ms
2026-10-01 10:26:08,672 [INFO] __main__: [prof node:node_01]   high>15: 61 frames, objs/frame=44.1, infer=54.6ms
2026-10-01 10:26:12,359 [INFO] __main__: [prof node:node_03] ai 16.8 fps objs/frame=16.9 | infer=57.2ms track=1.8ms acquire=0.5ms
2026-10-01 10:26:12,359 [INFO] __main__: [prof node:node_03] disp 24.8 fps | acquire=0.1ms render=0.0ms publish=0.0ms
2026-10-01 10:26:12,359 [INFO] __main__: [prof node:node_03]   low<10: 2 frames, objs/frame=3.5, infer=63.4ms
2026-10-01 10:26:12,359 [INFO] __main__: [prof node:node_03]   high>15: 53 frames, objs/frame=19.2, infer=56.5ms
2026-10-01 10:26:12,644 [INFO] __main__: [prof node:node_02] ai 17.2 fps objs/frame=28.5 | infer=55.3ms track=2.5ms acquire=0.0ms
2026-10-01 10:26:12,644 [INFO] __main__: [prof node:node_02] disp 24.7 fps | acquire=0.0ms render=0.0ms publish=0.0ms
2026-10-01 10:26:12,644 [INFO] __main__: [prof node:node_02]   high>15: 87 frames, objs/frame=28.5, infer=55.3ms
2026-10-01 10:26:13,741 [INFO] __main__: [prof node:node_01] ai 12.0 fps objs/frame=45.6 | infer=56.9ms track=3.0ms acquire=22.8ms
2026-10-01 10:26:13,741 [INFO] __main__: [prof node:node_01] disp 12.0 fps | acquire=0.0ms render=0.0ms publish=0.0ms
2026-10-01 10:26:13,741 [INFO] __main__: [prof node:node_01]   high>15: 61 frames, objs/frame=45.6, infer=56.9ms
2026-10-01 10:26:17,387 [INFO] __main__: [prof node:node_03] ai 17.1 fps objs/frame=20.0 | infer=56.4ms track=1.8ms acquire=0.0ms
2026-10-01 10:26:17,388 [INFO] __main__: [prof node:node_03] disp 24.7 fps | acquire=0.0ms render=0.0ms publish=0.0ms
2026-10-01 10:26:17,388 [INFO] __main__: [prof node:node_03]   high>15: 79 frames, objs/frame=20.5, infer=56.7ms
2026-10-01 10:26:17,698 [INFO] __main__: [prof node:node_02] ai 17.0 fps objs/frame=27.1 | infer=55.1ms track=2.2ms acquire=1.0ms
2026-10-01 10:26:17,699 [INFO] __main__: [prof node:node_02] disp 24.8 fps | acquire=0.0ms render=0.0ms publish=0.0ms
2026-10-01 10:26:17,699 [INFO] __main__: [prof node:node_02]   high>15: 86 frames, objs/frame=27.1, infer=55.1ms
2026-10-01 10:26:18,834 [INFO] __main__: [prof node:node_01] ai 12.0 fps objs/frame=44.1 | infer=54.6ms track=3.5ms acquire=24.9ms
2026-10-01 10:26:18,834 [INFO] __main__: [prof node:node_01] disp 12.0 fps | acquire=0.0ms render=0.0ms publish=0.0ms
2026-10-01 10:26:18,834 [INFO] __main__: [prof node:node_01]   high>15: 61 frames, objs/frame=44.1, infer=54.6ms
2026-10-01 10:26:22,393 [INFO] __main__: [prof node:node_03] ai 17.0 fps objs/frame=23.2 | infer=56.1ms track=1.8ms acquire=0.8ms
2026-10-01 10:26:22,393 [INFO] __main__: [prof node:node_03] disp 24.8 fps | acquire=0.0ms render=0.0ms publish=0.0ms
2026-10-01 10:26:22,393 [INFO] __main__: [prof node:node_03]   high>15: 83 frames, objs/frame=23.4, infer=56.5ms
2026-10-01 10:26:22,755 [INFO] __main__: [prof node:node_02] ai 16.2 fps objs/frame=29.6 | infer=57.7ms track=2.5ms acquire=1.2ms
2026-10-01 10:26:22,755 [INFO] __main__: [prof node:node_02] disp 24.3 fps | acquire=0.0ms render=0.0ms publish=0.0ms
2026-10-01 10:26:22,755 [INFO] __main__: [prof node:node_02]   high>15: 82 frames, objs/frame=29.6, infer=57.7ms
2026-10-01 10:26:23,894 [INFO] __main__: [prof node:node_01] ai 12.0 fps objs/frame=44.8 | infer=57.2ms track=3.8ms acquire=21.6ms
2026-10-01 10:26:23,900 [INFO] __main__: [prof node:node_01] disp 12.0 fps | acquire=0.0ms render=0.0ms publish=0.0ms
2026-10-01 10:26:23,901 [INFO] __main__: [prof node:node_01]   high>15: 61 frames, objs/frame=44.8, infer=57.2ms
2026-10-01 10:26:27,449 [INFO] __main__: [prof node:node_03] ai 16.2 fps objs/frame=21.3 | infer=60.0ms track=1.4ms acquire=0.0ms
2026-10-01 10:26:27,449 [INFO] __main__: [prof node:node_03] disp 24.9 fps | acquire=0.1ms render=0.0ms publish=0.0ms
2026-10-01 10:26:27,449 [INFO] __main__: [prof node:node_03]   high>15: 81 frames, objs/frame=21.4, infer=60.0ms
2026-10-01 10:26:27,777 [INFO] __main__: [prof node:node_02] ai 16.3 fps objs/frame=29.6 | infer=58.5ms track=2.4ms acquire=0.0ms
2026-10-01 10:26:27,777 [INFO] __main__: [prof node:node_02] disp 25.1 fps | acquire=0.1ms render=0.0ms publish=0.0ms
2026-10-01 10:26:27,777 [INFO] __main__: [prof node:node_02]   high>15: 82 frames, objs/frame=29.6, infer=58.5ms
2026-10-01 10:26:28,991 [INFO] __main__: [prof node:node_01] ai 12.0 fps objs/frame=49.9 | infer=55.7ms track=4.1ms acquire=23.2ms
2026-10-01 10:26:28,991 [INFO] __main__: [prof node:node_01] disp 12.0 fps | acquire=0.0ms render=0.0ms publish=0.0ms
2026-10-01 10:26:28,991 [INFO] __main__: [prof node:node_01]   high>15: 61 frames, objs/frame=49.9, infer=55.7ms
2026-10-01 10:26:32,455 [INFO] __main__: [prof node:node_03] ai 15.0 fps objs/frame=32.3 | infer=63.8ms track=1.9ms acquire=0.9ms
2026-10-01 10:26:32,455 [INFO] __main__: [prof node:node_03] disp 24.8 fps | acquire=0.1ms render=0.0ms publish=0.0ms
2026-10-01 10:26:32,455 [INFO] __main__: [prof node:node_03]   high>15: 75 frames, objs/frame=32.3, infer=63.8ms
2026-10-01 10:26:32,803 [INFO] __main__: [prof node:node_02] ai 14.5 fps objs/frame=30.0 | infer=64.8ms track=2.4ms acquire=1.3ms
2026-10-01 10:26:32,803 [INFO] __main__: [prof node:node_02] disp 24.5 fps | acquire=0.1ms render=0.0ms publish=0.0ms
2026-10-01 10:26:32,803 [INFO] __main__: [prof node:node_02]   high>15: 73 frames, objs/frame=30.0, infer=64.8ms
2026-10-01 10:26:33,991 [INFO] __main__: [prof node:node_01] ai 12.0 fps objs/frame=54.3 | infer=62.8ms track=3.5ms acquire=16.5ms
2026-10-01 10:26:33,991 [INFO] __main__: [prof node:node_01] disp 12.0 fps | acquire=0.0ms render=0.0ms publish=0.0ms
2026-10-01 10:26:33,991 [INFO] __main__: [prof node:node_01]   low<10: 1 frames, objs/frame=0.0, infer=44.8ms
2026-10-01 10:26:33,991 [INFO] __main__: [prof node:node_01]   high>15: 59 frames, objs/frame=55.2, infer=63.1ms
2026-10-01 10:26:37,497 [INFO] __main__: [prof node:node_03] ai 13.7 fps objs/frame=38.1 | infer=69.6ms track=3.1ms acquire=0.0ms
2026-10-01 10:26:37,497 [INFO] __main__: [prof node:node_03] disp 24.8 fps | acquire=0.1ms render=0.0ms publish=0.0ms
2026-10-01 10:26:37,497 [INFO] __main__: [prof node:node_03]   high>15: 69 frames, objs/frame=38.1, infer=69.6ms
2026-10-01 10:26:37,854 [INFO] __main__: [prof node:node_02] ai 13.9 fps objs/frame=33.4 | infer=69.1ms track=2.7ms acquire=0.0ms
2026-10-01 10:26:37,854 [INFO] __main__: [prof node:node_02] disp 24.4 fps | acquire=0.1ms render=0.0ms publish=0.0ms
2026-10-01 10:26:37,855 [INFO] __main__: [prof node:node_02]   high>15: 70 frames, objs/frame=33.4, infer=69.1ms
2026-10-01 10:26:39,073 [INFO] __main__: [prof node:node_01] ai 12.0 fps objs/frame=49.0 | infer=63.0ms track=3.2ms acquire=16.6ms
2026-10-01 10:26:39,073 [INFO] __main__: [prof node:node_01] disp 12.0 fps | acquire=0.0ms render=0.0ms publish=0.0ms
2026-10-01 10:26:39,074 [INFO] __main__: [prof node:node_01]   high>15: 61 frames, objs/frame=49.0, infer=63.0ms
2026-10-01 10:26:42,504 [INFO] __main__: [prof node:node_03] ai 15.0 fps objs/frame=30.3 | infer=63.3ms track=3.3ms acquire=0.0ms
2026-10-01 10:26:42,504 [INFO] __main__: [prof node:node_03] disp 25.0 fps | acquire=0.1ms render=0.0ms publish=0.0ms
2026-10-01 10:26:42,504 [INFO] __main__: [prof node:node_03]   low<10: 1 frames, objs/frame=0.0, infer=59.5ms
2026-10-01 10:26:42,504 [INFO] __main__: [prof node:node_03]   high>15: 74 frames, objs/frame=30.7, infer=63.3ms
2026-10-01 10:26:42,890 [INFO] __main__: [prof node:node_02] ai 14.9 fps objs/frame=29.5 | infer=64.4ms track=2.2ms acquire=0.2ms
2026-10-01 10:26:42,890 [INFO] __main__: [prof node:node_02] disp 25.0 fps | acquire=0.1ms render=0.0ms publish=0.0ms
2026-10-01 10:26:42,892 [INFO] __main__: [prof node:node_02]   high>15: 75 frames, objs/frame=29.5, infer=64.4ms
2026-10-01 10:26:44,073 [INFO] __main__: [prof node:node_01] ai 12.0 fps objs/frame=55.5 | infer=61.6ms track=3.0ms acquire=18.2ms
2026-10-01 10:26:44,073 [INFO] __main__: [prof node:node_01] disp 12.0 fps | acquire=0.0ms render=0.0ms publish=0.0ms
2026-10-01 10:26:44,073 [INFO] __main__: [prof node:node_01]   high>15: 60 frames, objs/frame=55.5, infer=61.6ms
2026-10-01 10:26:47,524 [INFO] __main__: [prof node:node_03] ai 15.6 fps objs/frame=24.7 | infer=61.5ms track=2.5ms acquire=0.0ms
2026-10-01 10:26:47,524 [INFO] __main__: [prof node:node_03] disp 24.9 fps | acquire=0.1ms render=0.0ms publish=0.0ms
2026-10-01 10:26:47,524 [INFO] __main__: [prof node:node_03]   high>15: 78 frames, objs/frame=24.7, infer=61.5ms
2026-10-01 10:26:47,886 [INFO] __main__: [prof node:node_02] ai 15.2 fps objs/frame=29.0 | infer=62.3ms track=2.0ms acquire=1.2ms
2026-10-01 10:26:47,892 [INFO] __main__: [prof node:node_02] disp 24.4 fps | acquire=0.1ms render=0.0ms publish=0.0ms
2026-10-01 10:26:47,892 [INFO] __main__: [prof node:node_02]   high>15: 76 frames, objs/frame=29.0, infer=62.3ms
2026-10-01 10:26:49,079 [INFO] __main__: [prof node:node_01] ai 12.0 fps objs/frame=54.2 | infer=60.8ms track=3.1ms acquire=19.1ms
2026-10-01 10:26:49,087 [INFO] __main__: [prof node:node_01] disp 12.0 fps | acquire=0.0ms render=0.0ms publish=0.0ms
2026-10-01 10:26:49,087 [INFO] __main__: [prof node:node_01]   low<10: 1 frames, objs/frame=0.0, infer=53.4ms
2026-10-01 10:26:49,087 [INFO] __main__: [prof node:node_01]   high>15: 59 frames, objs/frame=55.1, infer=60.9ms
2026-10-01 10:26:52,529 [INFO] __main__: [prof node:node_03] ai 14.8 fps objs/frame=19.4 | infer=64.5ms track=2.2ms acquire=0.8ms
2026-10-01 10:26:52,530 [INFO] __main__: [prof node:node_03] disp 25.0 fps | acquire=0.1ms render=0.0ms publish=0.0ms
2026-10-01 10:26:52,530 [INFO] __main__: [prof node:node_03]   high>15: 66 frames, objs/frame=20.1, infer=64.3ms
2026-10-01 10:26:52,929 [INFO] __main__: [prof node:node_02] ai 14.9 fps objs/frame=32.5 | infer=64.4ms track=2.3ms acquire=0.2ms
2026-10-01 10:26:52,929 [INFO] __main__: [prof node:node_02] disp 25.2 fps | acquire=0.1ms render=0.0ms publish=0.0ms
2026-10-01 10:26:52,929 [INFO] __main__: [prof node:node_02]   high>15: 75 frames, objs/frame=32.5, infer=64.4ms
2026-10-01 10:26:54,143 [INFO] __main__: [prof node:node_01] ai 12.1 fps objs/frame=58.7 | infer=62.4ms track=3.1ms acquire=16.9ms
2026-10-01 10:26:54,143 [INFO] __main__: [prof node:node_01] disp 12.1 fps | acquire=0.0ms render=0.0ms publish=0.0ms
2026-10-01 10:26:54,143 [INFO] __main__: [prof node:node_01]   high>15: 61 frames, objs/frame=58.7, infer=62.4ms
2026-10-01 10:26:57,531 [INFO] __main__: [prof node:node_03] ai 15.2 fps objs/frame=19.6 | infer=62.9ms track=1.9ms acquire=0.8ms
2026-10-01 10:26:57,537 [INFO] __main__: [prof node:node_03] disp 25.0 fps | acquire=0.1ms render=0.0ms publish=0.0ms
2026-10-01 10:26:57,537 [INFO] __main__: [prof node:node_03]   low<10: 2 frames, objs/frame=0.5, infer=34.5ms
2026-10-01 10:26:57,538 [INFO] __main__: [prof node:node_03]   high>15: 57 frames, objs/frame=21.9, infer=63.8ms
2026-10-01 10:26:57,941 [INFO] __main__: [prof node:node_02] ai 15.6 fps objs/frame=30.6 | infer=61.0ms track=2.0ms acquire=1.0ms
2026-10-01 10:26:57,941 [INFO] __main__: [prof node:node_02] disp 24.5 fps | acquire=0.1ms render=0.0ms publish=0.0ms
2026-10-01 10:26:57,941 [INFO] __main__: [prof node:node_02]   low<10: 1 frames, objs/frame=0.0, infer=63.2ms
2026-10-01 10:26:57,941 [INFO] __main__: [prof node:node_02]   high>15: 77 frames, objs/frame=31.0, infer=60.9ms
2026-10-01 10:26:59,164 [INFO] __main__: [prof node:node_01] ai 12.0 fps objs/frame=54.7 | infer=60.3ms track=3.1ms acquire=19.8ms
2026-10-01 10:26:59,164 [INFO] __main__: [prof node:node_01] disp 12.0 fps | acquire=0.0ms render=0.0ms publish=0.0ms
2026-10-01 10:26:59,165 [INFO] __main__: [prof node:node_01]   low<10: 1 frames, objs/frame=0.0, infer=52.7ms
2026-10-01 10:26:59,165 [INFO] __main__: [prof node:node_01]   high>15: 59 frames, objs/frame=55.6, infer=60.4ms
2026-10-01 10:27:02,579 [INFO] __main__: [prof node:node_03] ai 14.9 fps objs/frame=25.3 | infer=64.5ms track=2.2ms acquire=0.3ms
2026-10-01 10:27:02,579 [INFO] __main__: [prof node:node_03] disp 24.8 fps | acquire=0.1ms render=0.0ms publish=0.0ms
2026-10-01 10:27:02,579 [INFO] __main__: [prof node:node_03]   high>15: 74 frames, objs/frame=25.5, infer=64.4ms
2026-10-01 10:27:03,010 [INFO] __main__: [prof node:node_02] ai 14.8 fps objs/frame=32.5 | infer=64.6ms track=2.2ms acquire=0.5ms
2026-10-01 10:27:03,010 [INFO] __main__: [prof node:node_02] disp 24.9 fps | acquire=0.1ms render=0.0ms publish=0.0ms
2026-10-01 10:27:03,010 [INFO] __main__: [prof node:node_02]   high>15: 75 frames, objs/frame=32.5, infer=64.6ms
2026-10-01 10:27:04,163 [INFO] __main__: [prof node:node_01] ai 12.0 fps objs/frame=57.3 | infer=64.5ms track=3.1ms acquire=15.4ms
2026-10-01 10:27:04,163 [INFO] __main__: [prof node:node_01] disp 12.0 fps | acquire=0.0ms render=0.0ms publish=0.0ms
2026-10-01 10:27:04,169 [INFO] __main__: [prof node:node_01]   high>15: 60 frames, objs/frame=57.3, infer=64.5ms
2026-10-01 10:27:07,600 [INFO] __main__: [prof node:node_03] ai 15.1 fps objs/frame=25.9 | infer=63.0ms track=2.3ms acquire=0.5ms
2026-10-01 10:27:07,607 [INFO] __main__: [prof node:node_03] disp 24.5 fps | acquire=0.1ms render=0.0ms publish=0.0ms
2026-10-01 10:27:07,607 [INFO] __main__: [prof node:node_03]   high>15: 76 frames, objs/frame=25.9, infer=63.0ms
2026-10-01 10:27:08,012 [INFO] __main__: [prof node:node_02] ai 15.0 fps objs/frame=34.0 | infer=63.5ms track=2.3ms acquire=0.6ms
2026-10-01 10:27:08,012 [INFO] __main__: [prof node:node_02] disp 24.8 fps | acquire=0.1ms render=0.0ms publish=0.0ms
2026-10-01 10:27:08,016 [INFO] __main__: [prof node:node_02]   high>15: 75 frames, objs/frame=34.0, infer=63.5ms
2026-10-01 10:27:09,253 [INFO] __main__: [prof node:node_01] ai 12.0 fps objs/frame=52.0 | infer=61.3ms track=2.9ms acquire=18.7ms
2026-10-01 10:27:09,253 [INFO] __main__: [prof node:node_01] disp 12.0 fps | acquire=0.0ms render=0.0ms publish=0.0ms
2026-10-01 10:27:09,253 [INFO] __main__: [prof node:node_01]   high>15: 61 frames, objs/frame=52.0, infer=61.3ms
2026-10-01 10:27:12,611 [INFO] __main__: [prof node:node_03] ai 15.8 fps objs/frame=23.2 | infer=60.3ms track=2.3ms acquire=0.6ms
2026-10-01 10:27:12,611 [INFO] __main__: [prof node:node_03] disp 24.4 fps | acquire=0.1ms render=0.0ms publish=0.0ms
2026-10-01 10:27:12,611 [INFO] __main__: [prof node:node_03]   high>15: 78 frames, objs/frame=23.4, infer=60.2ms
2026-10-01 10:27:13,031 [INFO] __main__: [prof node:node_02] ai 15.5 fps objs/frame=32.9 | infer=60.4ms track=2.6ms acquire=1.0ms
2026-10-01 10:27:13,031 [INFO] __main__: [prof node:node_02] disp 24.7 fps | acquire=0.1ms render=0.0ms publish=0.0ms
2026-10-01 10:27:13,031 [INFO] __main__: [prof node:node_02]   high>15: 78 frames, objs/frame=32.9, infer=60.4ms
2026-10-01 10:27:14,315 [INFO] __main__: [prof node:node_01] ai 12.0 fps objs/frame=47.7 | infer=57.4ms track=3.1ms acquire=22.0ms
2026-10-01 10:27:14,315 [INFO] __main__: [prof node:node_01] disp 12.0 fps | acquire=0.0ms render=0.0ms publish=0.0ms
2026-10-01 10:27:14,315 [INFO] __main__: [prof node:node_01]   high>15: 61 frames, objs/frame=47.7, infer=57.4ms
2026-10-01 10:27:17,621 [INFO] __main__: [prof node:node_03] ai 17.8 fps objs/frame=18.1 | infer=53.3ms track=2.2ms acquire=0.5ms
2026-10-01 10:27:17,621 [INFO] __main__: [prof node:node_03] disp 24.5 fps | acquire=0.0ms render=0.0ms publish=0.0ms
2026-10-01 10:27:17,621 [INFO] __main__: [prof node:node_03]   low<10: 1 frames, objs/frame=0.0, infer=65.0ms
2026-10-01 10:27:17,621 [INFO] __main__: [prof node:node_03]   high>15: 77 frames, objs/frame=18.9, infer=53.0ms
2026-10-01 10:27:18,096 [INFO] __main__: [prof node:node_02] ai 16.8 fps objs/frame=23.0 | infer=54.1ms track=2.4ms acquire=2.8ms
2026-10-01 10:27:18,098 [INFO] __main__: [prof node:node_02] disp 23.9 fps | acquire=0.0ms render=0.0ms publish=0.0ms
2026-10-01 10:27:18,098 [INFO] __main__: [prof node:node_02]   high>15: 84 frames, objs/frame=23.1, infer=54.3ms
2026-10-01 10:27:19,326 [INFO] __main__: [prof node:node_01] ai 12.0 fps objs/frame=40.4 | infer=54.1ms track=4.0ms acquire=24.9ms
2026-10-01 10:27:19,329 [INFO] __main__: [prof node:node_01] disp 12.0 fps | acquire=0.0ms render=0.0ms publish=0.0ms
2026-10-01 10:27:19,329 [INFO] __main__: [prof node:node_01]   high>15: 60 frames, objs/frame=40.4, infer=54.1ms
2026-10-01 10:27:22,634 [INFO] __main__: [prof node:node_03] ai 17.2 fps objs/frame=17.7 | infer=55.5ms track=1.7ms acquire=0.9ms
2026-10-01 10:27:22,634 [INFO] __main__: [prof node:node_03] disp 24.5 fps | acquire=0.0ms render=0.0ms publish=0.0ms
2026-10-01 10:27:22,634 [INFO] __main__: [prof node:node_03]   low<10: 1 frames, objs/frame=0.0, infer=61.4ms
2026-10-01 10:27:22,634 [INFO] __main__: [prof node:node_03]   high>15: 64 frames, objs/frame=19.2, infer=56.5ms
2026-10-01 10:27:23,109 [INFO] __main__: [prof node:node_02] ai 17.2 fps objs/frame=32.7 | infer=54.8ms track=2.5ms acquire=0.7ms
2026-10-01 10:27:23,110 [INFO] __main__: [prof node:node_02] disp 24.9 fps | acquire=0.0ms render=0.0ms publish=0.0ms
2026-10-01 10:27:23,110 [INFO] __main__: [prof node:node_02]   high>15: 86 frames, objs/frame=32.7, infer=54.8ms
2026-10-01 10:27:24,421 [INFO] __main__: [prof node:node_01] ai 12.0 fps objs/frame=39.5 | infer=55.5ms track=3.8ms acquire=23.8ms
2026-10-01 10:27:24,421 [INFO] __main__: [prof node:node_01] disp 12.0 fps | acquire=0.0ms render=0.0ms publish=0.0ms
2026-10-01 10:27:24,421 [INFO] __main__: [prof node:node_01]   high>15: 61 frames, objs/frame=39.5, infer=55.5ms
2026-10-01 10:27:27,690 [INFO] __main__: [prof node:node_03] ai 16.6 fps objs/frame=28.4 | infer=57.1ms track=2.5ms acquire=0.4ms
2026-10-01 10:27:27,690 [INFO] __main__: [prof node:node_03] disp 24.7 fps | acquire=0.1ms render=0.0ms publish=0.0ms
2026-10-01 10:27:27,690 [INFO] __main__: [prof node:node_03]   high>15: 84 frames, objs/frame=28.4, infer=57.1ms
2026-10-01 10:27:28,162 [INFO] __main__: [prof node:node_02] ai 16.4 fps objs/frame=31.5 | infer=57.3ms track=2.5ms acquire=0.8ms
2026-10-01 10:27:28,162 [INFO] __main__: [prof node:node_02] disp 24.5 fps | acquire=0.0ms render=0.0ms publish=0.0ms
2026-10-01 10:27:28,162 [INFO] __main__: [prof node:node_02]   high>15: 83 frames, objs/frame=31.5, infer=57.3ms
2026-10-01 10:27:29,474 [INFO] __main__: [prof node:node_01] ai 12.1 fps objs/frame=32.8 | infer=53.3ms track=2.8ms acquire=26.2ms
2026-10-01 10:27:29,475 [INFO] __main__: [prof node:node_01] disp 12.1 fps | acquire=0.0ms render=0.0ms publish=0.0ms
2026-10-01 10:27:29,476 [INFO] __main__: [prof node:node_01]   high>15: 61 frames, objs/frame=32.8, infer=53.3ms
2026-10-01 10:27:32,724 [INFO] __main__: [prof node:node_03] ai 17.7 fps objs/frame=28.6 | infer=53.6ms track=2.6ms acquire=0.1ms
2026-10-01 10:27:32,724 [INFO] __main__: [prof node:node_03] disp 25.0 fps | acquire=0.0ms render=0.0ms publish=0.0ms
2026-10-01 10:27:32,724 [INFO] __main__: [prof node:node_03]   high>15: 89 frames, objs/frame=28.6, infer=53.6ms
2026-10-01 10:27:33,197 [INFO] __main__: [prof node:node_02] ai 17.9 fps objs/frame=19.7 | infer=53.5ms track=1.9ms acquire=0.3ms
2026-10-01 10:27:33,197 [INFO] __main__: [prof node:node_02] disp 24.6 fps | acquire=0.0ms render=0.0ms publish=0.0ms
2026-10-01 10:27:33,197 [INFO] __main__: [prof node:node_02]   low<10: 2 frames, objs/frame=4.5, infer=50.8ms
2026-10-01 10:27:33,197 [INFO] __main__: [prof node:node_02]   high>15: 57 frames, objs/frame=23.6, infer=54.2ms
2026-10-01 10:27:34,580 [INFO] __main__: [prof node:node_01] ai 11.9 fps objs/frame=30.8 | infer=51.3ms track=2.5ms acquire=29.5ms
2026-10-01 10:27:34,580 [INFO] __main__: [prof node:node_01] disp 12.1 fps | acquire=0.0ms render=0.0ms publish=0.0ms
2026-10-01 10:27:34,580 [INFO] __main__: [prof node:node_01]   high>15: 61 frames, objs/frame=30.8, infer=51.3ms
2026-10-01 10:27:37,766 [INFO] __main__: [prof node:node_03] ai 18.4 fps objs/frame=22.6 | infer=51.1ms track=2.3ms acquire=0.6ms
2026-10-01 10:27:37,770 [INFO] __main__: [prof node:node_03] disp 24.4 fps | acquire=0.0ms render=0.0ms publish=0.0ms
2026-10-01 10:27:37,770 [INFO] __main__: [prof node:node_03]   high>15: 92 frames, objs/frame=22.7, infer=51.3ms
2026-10-01 10:27:38,241 [INFO] __main__: [prof node:node_02] ai 18.4 fps objs/frame=20.3 | infer=51.9ms track=1.7ms acquire=0.4ms
2026-10-01 10:27:38,242 [INFO] __main__: [prof node:node_02] disp 24.8 fps | acquire=0.0ms render=0.0ms publish=0.0ms
2026-10-01 10:27:38,242 [INFO] __main__: [prof node:node_02]   low<10: 1 frames, objs/frame=0.0, infer=36.3ms
2026-10-01 10:27:38,243 [INFO] __main__: [prof node:node_02]   high>15: 88 frames, objs/frame=20.8, infer=51.9ms
2026-10-01 10:27:39,666 [INFO] __main__: [prof node:node_01] ai 12.0 fps objs/frame=29.9 | infer=50.7ms track=2.5ms acquire=29.7ms
2026-10-01 10:27:39,666 [INFO] __main__: [prof node:node_01] disp 11.8 fps | acquire=0.0ms render=0.0ms publish=0.0ms
2026-10-01 10:27:39,668 [INFO] __main__: [prof node:node_01]   high>15: 61 frames, objs/frame=29.9, infer=50.7ms
2026-10-01 10:27:42,785 [INFO] __main__: [prof node:node_03] ai 18.9 fps objs/frame=27.8 | infer=49.3ms track=2.1ms acquire=1.1ms
2026-10-01 10:27:42,786 [INFO] __main__: [prof node:node_03] disp 24.5 fps | acquire=0.0ms render=0.0ms publish=0.0ms
2026-10-01 10:27:42,786 [INFO] __main__: [prof node:node_03]   high>15: 95 frames, objs/frame=27.8, infer=49.3ms
2026-10-01 10:27:43,262 [INFO] __main__: [prof node:node_02] ai 19.1 fps objs/frame=18.6 | infer=49.2ms track=1.6ms acquire=1.2ms
2026-10-01 10:27:43,263 [INFO] __main__: [prof node:node_02] disp 24.5 fps | acquire=0.0ms render=0.0ms publish=0.0ms
2026-10-01 10:27:43,264 [INFO] __main__: [prof node:node_02]   high>15: 81 frames, objs/frame=19.2, infer=49.9ms
2026-10-01 10:27:44,668 [INFO] __main__: [prof node:node_01] ai 12.0 fps objs/frame=29.0 | infer=51.2ms track=2.4ms acquire=29.4ms
2026-10-01 10:27:44,668 [INFO] __main__: [prof node:node_01] disp 12.0 fps | acquire=0.0ms render=0.0ms publish=0.0ms
2026-10-01 10:27:44,668 [INFO] __main__: [prof node:node_01]   high>15: 60 frames, objs/frame=29.0, infer=51.2ms
2026-10-01 10:27:47,815 [INFO] __main__: [prof node:node_03] ai 17.5 fps objs/frame=39.9 | infer=53.7ms track=1.9ms acquire=1.3ms
2026-10-01 10:27:47,815 [INFO] __main__: [prof node:node_03] disp 24.2 fps | acquire=0.0ms render=0.0ms publish=0.0ms
2026-10-01 10:27:47,821 [INFO] __main__: [prof node:node_03]   high>15: 88 frames, objs/frame=39.9, infer=53.7ms
2026-10-01 10:27:48,280 [INFO] __main__: [prof node:node_02] ai 17.1 fps objs/frame=21.0 | infer=54.7ms track=1.8ms acquire=1.6ms
2026-10-01 10:27:48,280 [INFO] __main__: [prof node:node_02] disp 24.5 fps | acquire=0.0ms render=0.0ms publish=0.0ms
2026-10-01 10:27:48,280 [INFO] __main__: [prof node:node_02]   high>15: 74 frames, objs/frame=22.1, infer=55.8ms
2026-10-01 10:27:49,737 [INFO] __main__: [prof node:node_01] ai 12.0 fps objs/frame=29.1 | infer=54.6ms track=2.2ms acquire=25.8ms
2026-10-01 10:27:49,737 [INFO] __main__: [prof node:node_01] disp 12.0 fps | acquire=0.0ms render=0.0ms publish=0.0ms
2026-10-01 10:27:49,738 [INFO] __main__: [prof node:node_01]   high>15: 61 frames, objs/frame=29.1, infer=54.6ms
2026-10-01 10:27:52,879 [INFO] __main__: [prof node:node_03] ai 16.4 fps objs/frame=43.3 | infer=57.4ms track=2.5ms acquire=0.8ms
2026-10-01 10:27:52,879 [INFO] __main__: [prof node:node_03] disp 24.7 fps | acquire=0.0ms render=0.0ms publish=0.0ms
2026-10-01 10:27:52,879 [INFO] __main__: [prof node:node_03]   high>15: 83 frames, objs/frame=43.3, infer=57.4ms
2026-10-01 10:27:53,286 [INFO] __main__: [prof node:node_02] ai 16.6 fps objs/frame=27.4 | infer=57.1ms track=2.2ms acquire=0.7ms
2026-10-01 10:27:53,286 [INFO] __main__: [prof node:node_02] disp 24.6 fps | acquire=0.0ms render=0.0ms publish=0.0ms
2026-10-01 10:27:53,286 [INFO] __main__: [prof node:node_02]   high>15: 83 frames, objs/frame=27.4, infer=57.1ms
2026-10-01 10:27:54,748 [INFO] __main__: [prof node:node_01] ai 12.0 fps objs/frame=25.8 | infer=57.6ms track=1.9ms acquire=23.7ms
2026-10-01 10:27:54,748 [INFO] __main__: [prof node:node_01] disp 12.0 fps | acquire=0.0ms render=0.0ms publish=0.0ms
2026-10-01 10:27:54,748 [INFO] __main__: [prof node:node_01]   high>15: 60 frames, objs/frame=25.8, infer=57.6ms
2026-10-01 10:27:57,939 [INFO] __main__: [prof node:node_03] ai 15.6 fps objs/frame=43.7 | infer=60.6ms track=2.4ms acquire=0.8ms
2026-10-01 10:27:57,939 [INFO] __main__: [prof node:node_03] disp 24.7 fps | acquire=0.1ms render=0.0ms publish=0.0ms
2026-10-01 10:27:57,939 [INFO] __main__: [prof node:node_03]   high>15: 79 frames, objs/frame=43.7, infer=60.6ms
2026-10-01 10:27:58,342 [INFO] __main__: [prof node:node_02] ai 15.6 fps objs/frame=31.4 | infer=61.3ms track=2.3ms acquire=0.1ms
2026-10-01 10:27:58,342 [INFO] __main__: [prof node:node_02] disp 24.9 fps | acquire=0.1ms render=0.0ms publish=0.0ms
2026-10-01 10:27:58,342 [INFO] __main__: [prof node:node_02]   high>15: 79 frames, objs/frame=31.4, infer=61.3ms
2026-10-01 10:27:59,766 [INFO] __main__: [prof node:node_01] ai 11.9 fps objs/frame=35.0 | infer=57.9ms track=2.4ms acquire=23.0ms
2026-10-01 10:27:59,772 [INFO] __main__: [prof node:node_01] disp 12.1 fps | acquire=0.0ms render=0.0ms publish=0.0ms
2026-10-01 10:27:59,772 [INFO] __main__: [prof node:node_01]   high>15: 60 frames, objs/frame=35.0, infer=57.9ms
2026-10-01 10:28:02,967 [INFO] __main__: [prof node:node_03] ai 16.3 fps objs/frame=37.7 | infer=58.1ms track=2.0ms acquire=1.0ms
2026-10-01 10:28:02,967 [INFO] __main__: [prof node:node_03] disp 24.9 fps | acquire=0.1ms render=0.0ms publish=0.0ms
2026-10-01 10:28:02,967 [INFO] __main__: [prof node:node_03]   high>15: 82 frames, objs/frame=37.7, infer=58.1ms
2026-10-01 10:28:03,362 [INFO] __main__: [prof node:node_02] ai 15.9 fps objs/frame=32.6 | infer=59.0ms track=2.1ms acquire=1.3ms
2026-10-01 10:28:03,362 [INFO] __main__: [prof node:node_02] disp 24.5 fps | acquire=0.1ms render=0.0ms publish=0.0ms
2026-10-01 10:28:03,362 [INFO] __main__: [prof node:node_02]   high>15: 80 frames, objs/frame=32.6, infer=59.0ms
2026-10-01 10:28:04,818 [INFO] __main__: [prof node:node_01] ai 12.1 fps objs/frame=35.7 | infer=56.5ms track=2.3ms acquire=23.5ms
2026-10-01 10:28:04,818 [INFO] __main__: [prof node:node_01] disp 11.9 fps | acquire=0.0ms render=0.0ms publish=0.0ms
2026-10-01 10:28:04,818 [INFO] __main__: [prof node:node_01]   low<10: 2 frames, objs/frame=0.0, infer=45.5ms
2026-10-01 10:28:04,818 [INFO] __main__: [prof node:node_01]   high>15: 59 frames, objs/frame=36.9, infer=56.9ms
2026-10-01 10:28:08,015 [INFO] __main__: [prof node:node_03] ai 17.2 fps objs/frame=31.1 | infer=56.2ms track=1.6ms acquire=0.1ms
2026-10-01 10:28:08,022 [INFO] __main__: [prof node:node_03] disp 24.7 fps | acquire=0.0ms render=0.0ms publish=0.0ms
2026-10-01 10:28:08,022 [INFO] __main__: [prof node:node_03]   high>15: 87 frames, objs/frame=31.1, infer=56.2ms
2026-10-01 10:28:08,383 [INFO] __main__: [prof node:node_02] ai 17.1 fps objs/frame=28.9 | infer=56.1ms track=1.9ms acquire=0.0ms
2026-10-01 10:28:08,383 [INFO] __main__: [prof node:node_02] disp 24.9 fps | acquire=0.0ms render=0.0ms publish=0.0ms
2026-10-01 10:28:08,383 [INFO] __main__: [prof node:node_02]   high>15: 86 frames, objs/frame=28.9, infer=56.1ms
2026-10-01 10:28:09,820 [INFO] __main__: [prof node:node_01] ai 12.0 fps objs/frame=37.3 | infer=54.1ms track=2.7ms acquire=26.1ms
2026-10-01 10:28:09,820 [INFO] __main__: [prof node:node_01] disp 12.0 fps | acquire=0.0ms render=0.0ms publish=0.0ms
2026-10-01 10:28:09,820 [INFO] __main__: [prof node:node_01]   high>15: 60 frames, objs/frame=37.3, infer=54.1ms
2026-10-01 10:28:13,029 [INFO] __main__: [prof node:node_03] ai 16.0 fps objs/frame=38.8 | infer=58.0ms track=2.1ms acquire=2.1ms
2026-10-01 10:28:13,029 [INFO] __main__: [prof node:node_03] disp 23.8 fps | acquire=0.1ms render=0.0ms publish=0.0ms
2026-10-01 10:28:13,029 [INFO] __main__: [prof node:node_03]   high>15: 80 frames, objs/frame=38.8, infer=58.0ms
2026-10-01 10:28:13,446 [INFO] __main__: [prof node:node_02] ai 16.2 fps objs/frame=34.4 | infer=57.9ms track=2.2ms acquire=1.3ms
2026-10-01 10:28:13,446 [INFO] __main__: [prof node:node_02] disp 24.1 fps | acquire=0.0ms render=0.0ms publish=0.0ms
2026-10-01 10:28:13,446 [INFO] __main__: [prof node:node_02]   high>15: 82 frames, objs/frame=34.4, infer=57.9ms
2026-10-01 10:28:14,833 [INFO] __main__: [prof node:node_01] ai 12.0 fps objs/frame=32.4 | infer=57.6ms track=2.3ms acquire=23.3ms
2026-10-01 10:28:14,833 [INFO] __main__: [prof node:node_01] disp 12.0 fps | acquire=0.0ms render=0.0ms publish=0.0ms
2026-10-01 10:28:14,834 [INFO] __main__: [prof node:node_01]   high>15: 60 frames, objs/frame=32.4, infer=57.6ms
2026-10-01 10:28:18,036 [INFO] __main__: [prof node:node_03] ai 15.0 fps objs/frame=37.1 | infer=62.1ms track=3.4ms acquire=0.9ms
2026-10-01 10:28:18,036 [INFO] __main__: [prof node:node_03] disp 24.6 fps | acquire=0.1ms render=0.0ms publish=0.0ms
2026-10-01 10:28:18,036 [INFO] __main__: [prof node:node_03]   high>15: 75 frames, objs/frame=37.1, infer=62.1ms
2026-10-01 10:28:18,480 [INFO] __main__: [prof node:node_02] ai 15.1 fps objs/frame=36.4 | infer=62.7ms track=2.8ms acquire=0.3ms
2026-10-01 10:28:18,480 [INFO] __main__: [prof node:node_02] disp 24.8 fps | acquire=0.1ms render=0.0ms publish=0.0ms
2026-10-01 10:28:18,480 [INFO] __main__: [prof node:node_02]   high>15: 76 frames, objs/frame=36.4, infer=62.7ms
2026-10-01 10:28:19,910 [INFO] __main__: [prof node:node_01] ai 12.0 fps objs/frame=31.4 | infer=58.6ms track=2.5ms acquire=21.7ms
2026-10-01 10:28:19,910 [INFO] __main__: [prof node:node_01] disp 12.0 fps | acquire=0.0ms render=0.0ms publish=0.0ms
2026-10-01 10:28:19,910 [INFO] __main__: [prof node:node_01]   high>15: 61 frames, objs/frame=31.4, infer=58.6ms
2026-10-01 10:28:23,042 [INFO] __main__: [prof node:node_03] ai 16.0 fps objs/frame=32.8 | infer=57.8ms track=3.5ms acquire=1.0ms
2026-10-01 10:28:23,042 [INFO] __main__: [prof node:node_03] disp 24.8 fps | acquire=0.1ms render=0.0ms publish=0.0ms
2026-10-01 10:28:23,042 [INFO] __main__: [prof node:node_03]   high>15: 80 frames, objs/frame=32.8, infer=57.8ms
2026-10-01 10:28:23,515 [INFO] __main__: [prof node:node_02] ai 16.3 fps objs/frame=32.8 | infer=57.3ms track=2.6ms acquire=1.2ms
2026-10-01 10:28:23,515 [INFO] __main__: [prof node:node_02] disp 24.4 fps | acquire=0.1ms render=0.0ms publish=0.0ms
2026-10-01 10:28:23,515 [INFO] __main__: [prof node:node_02]   high>15: 82 frames, objs/frame=32.8, infer=57.3ms
2026-10-01 10:28:24,976 [INFO] __main__: [prof node:node_01] ai 12.0 fps objs/frame=30.1 | infer=54.9ms track=2.5ms acquire=25.2ms
2026-10-01 10:28:24,976 [INFO] __main__: [prof node:node_01] disp 12.0 fps | acquire=0.0ms render=0.0ms publish=0.0ms
2026-10-01 10:28:24,976 [INFO] __main__: [prof node:node_01]   high>15: 61 frames, objs/frame=30.1, infer=54.9ms
2026-10-01 10:28:28,098 [INFO] __main__: [prof node:node_03] ai 17.6 fps objs/frame=16.1 | infer=53.3ms track=2.1ms acquire=1.2ms
2026-10-01 10:28:28,098 [INFO] __main__: [prof node:node_03] disp 24.5 fps | acquire=0.0ms render=0.0ms publish=0.0ms
2026-10-01 10:28:28,098 [INFO] __main__: [prof node:node_03]   high>15: 44 frames, objs/frame=19.2, infer=52.2ms
2026-10-01 10:28:28,541 [INFO] __main__: [prof node:node_02] ai 17.9 fps objs/frame=35.6 | infer=52.5ms track=2.7ms acquire=0.3ms
2026-10-01 10:28:28,542 [INFO] __main__: [prof node:node_02] disp 25.1 fps | acquire=0.0ms render=0.0ms publish=0.0ms
2026-10-01 10:28:28,543 [INFO] __main__: [prof node:node_02]   low<10: 1 frames, objs/frame=0.0, infer=58.5ms
2026-10-01 10:28:28,543 [INFO] __main__: [prof node:node_02]   high>15: 89 frames, objs/frame=36.0, infer=52.4ms
2026-10-01 10:28:29,980 [INFO] __main__: [prof node:node_01] ai 12.0 fps objs/frame=32.0 | infer=52.7ms track=2.4ms acquire=27.9ms
2026-10-01 10:28:29,981 [INFO] __main__: [prof node:node_01] disp 12.0 fps | acquire=0.0ms render=0.0ms publish=0.0ms
2026-10-01 10:28:29,981 [INFO] __main__: [prof node:node_01]   high>15: 60 frames, objs/frame=32.0, infer=52.7ms
2026-10-01 10:28:33,126 [INFO] __main__: [prof node:node_03] ai 18.1 fps objs/frame=15.2 | infer=53.5ms track=1.4ms acquire=0.1ms
2026-10-01 10:28:33,126 [INFO] __main__: [prof node:node_03] disp 24.9 fps | acquire=0.0ms render=0.0ms publish=0.0ms
2026-10-01 10:28:33,126 [INFO] __main__: [prof node:node_03]   low<10: 2 frames, objs/frame=9.0, infer=64.8ms
2026-10-01 10:28:33,126 [INFO] __main__: [prof node:node_03]   high>15: 42 frames, objs/frame=18.1, infer=53.8ms
2026-10-01 10:28:33,557 [INFO] __main__: [prof node:node_02] ai 18.1 fps objs/frame=33.5 | infer=52.3ms track=2.4ms acquire=0.0ms
2026-10-01 10:28:33,557 [INFO] __main__: [prof node:node_02] disp 24.5 fps | acquire=0.0ms render=0.0ms publish=0.0ms
2026-10-01 10:28:33,558 [INFO] __main__: [prof node:node_02]   low<10: 1 frames, objs/frame=0.0, infer=35.3ms
2026-10-01 10:28:33,558 [INFO] __main__: [prof node:node_02]   high>15: 90 frames, objs/frame=33.9, infer=52.5ms
2026-10-01 10:28:34,996 [INFO] __main__: [prof node:node_01] ai 12.0 fps objs/frame=33.2 | infer=53.0ms track=2.1ms acquire=28.0ms
2026-10-01 10:28:34,997 [INFO] __main__: [prof node:node_01] disp 12.0 fps | acquire=0.0ms render=0.0ms publish=0.0ms
2026-10-01 10:28:34,997 [INFO] __main__: [prof node:node_01]   high>15: 60 frames, objs/frame=33.2, infer=53.0ms
2026-10-01 10:28:38,172 [INFO] __main__: [prof node:node_03] ai 18.2 fps objs/frame=13.5 | infer=52.3ms track=1.3ms acquire=1.0ms
2026-10-01 10:28:38,174 [INFO] __main__: [prof node:node_03] disp 24.8 fps | acquire=0.0ms render=0.0ms publish=0.0ms
2026-10-01 10:28:38,174 [INFO] __main__: [prof node:node_03]   low<10: 12 frames, objs/frame=8.2, infer=54.2ms
2026-10-01 10:28:38,174 [INFO] __main__: [prof node:node_03]   high>15: 21 frames, objs/frame=17.2, infer=55.3ms
2026-10-01 10:28:38,595 [INFO] __main__: [prof node:node_02] ai 18.4 fps objs/frame=33.7 | infer=50.9ms track=2.6ms acquire=0.4ms
2026-10-01 10:28:38,595 [INFO] __main__: [prof node:node_02] disp 25.0 fps | acquire=0.0ms render=0.0ms publish=0.0ms
2026-10-01 10:28:38,595 [INFO] __main__: [prof node:node_02]   high>15: 93 frames, objs/frame=33.7, infer=50.9ms
2026-10-01 10:28:40,084 [INFO] __main__: [prof node:node_01] ai 12.0 fps objs/frame=37.5 | infer=51.8ms track=2.2ms acquire=28.9ms
2026-10-01 10:28:40,084 [INFO] __main__: [prof node:node_01] disp 12.0 fps | acquire=0.0ms render=0.0ms publish=0.0ms
2026-10-01 10:28:40,084 [INFO] __main__: [prof node:node_01]   low<10: 1 frames, objs/frame=0.0, infer=53.6ms
2026-10-01 10:28:40,084 [INFO] __main__: [prof node:node_01]   high>15: 60 frames, objs/frame=38.1, infer=51.8ms
2026-10-01 10:28:43,186 [INFO] __main__: [prof node:node_03] ai 18.3 fps objs/frame=13.8 | infer=51.7ms track=1.4ms acquire=1.2ms
2026-10-01 10:28:43,186 [INFO] __main__: [prof node:node_03] disp 24.7 fps | acquire=0.0ms render=0.0ms publish=0.0ms
2026-10-01 10:28:43,186 [INFO] __main__: [prof node:node_03]   low<10: 6 frames, objs/frame=8.3, infer=60.7ms
2026-10-01 10:28:43,186 [INFO] __main__: [prof node:node_03]   high>15: 20 frames, objs/frame=17.1, infer=50.7ms
2026-10-01 10:28:43,604 [INFO] __main__: [prof node:node_02] ai 17.6 fps objs/frame=30.9 | infer=51.2ms track=2.2ms acquire=3.2ms
2026-10-01 10:28:43,604 [INFO] __main__: [prof node:node_02] disp 24.0 fps | acquire=0.0ms render=0.0ms publish=0.0ms
2026-10-01 10:28:43,604 [INFO] __main__: [prof node:node_02]   high>15: 88 frames, objs/frame=30.9, infer=51.2ms
2026-10-01 10:28:45,153 [INFO] __main__: [prof node:node_01] ai 12.0 fps objs/frame=41.5 | infer=51.4ms track=2.4ms acquire=28.8ms
2026-10-01 10:28:45,153 [INFO] __main__: [prof node:node_01] disp 12.0 fps | acquire=0.0ms render=0.0ms publish=0.0ms
2026-10-01 10:28:45,153 [INFO] __main__: [prof node:node_01]   high>15: 61 frames, objs/frame=41.5, infer=51.4ms
2026-10-01 10:28:48,206 [INFO] __main__: [prof node:node_03] ai 18.9 fps objs/frame=8.9 | infer=49.4ms track=1.3ms acquire=2.0ms
2026-10-01 10:28:48,206 [INFO] __main__: [prof node:node_03] disp 24.9 fps | acquire=0.0ms render=0.0ms publish=0.0ms
2026-10-01 10:28:48,206 [INFO] __main__: [prof node:node_03]   low<10: 60 frames, objs/frame=6.8, infer=48.4ms
2026-10-01 10:28:48,208 [INFO] __main__: [prof node:node_03]   high>15: 8 frames, objs/frame=17.1, infer=48.7ms
2026-10-01 10:28:48,604 [INFO] __main__: [prof node:node_02] ai 19.0 fps objs/frame=29.5 | infer=50.5ms track=1.9ms acquire=0.0ms
2026-10-01 10:28:48,614 [INFO] __main__: [prof node:node_02] disp 25.0 fps | acquire=0.0ms render=0.0ms publish=0.0ms
2026-10-01 10:28:48,614 [INFO] __main__: [prof node:node_02]   high>15: 95 frames, objs/frame=29.5, infer=50.5ms
2026-10-01 10:28:50,243 [INFO] __main__: [prof node:node_01] ai 12.0 fps objs/frame=41.0 | infer=53.0ms track=2.4ms acquire=27.6ms
2026-10-01 10:28:50,243 [INFO] __main__: [prof node:node_01] disp 12.0 fps | acquire=0.0ms render=0.0ms publish=0.0ms
2026-10-01 10:28:50,243 [INFO] __main__: [prof node:node_01]   high>15: 61 frames, objs/frame=41.0, infer=53.0ms
2026-10-01 10:28:53,229 [INFO] __main__: [prof node:node_03] ai 17.9 fps objs/frame=24.2 | infer=53.6ms track=1.9ms acquire=0.1ms
2026-10-01 10:28:53,229 [INFO] __main__: [prof node:node_03] disp 24.8 fps | acquire=0.0ms render=0.0ms publish=0.0ms
2026-10-01 10:28:53,229 [INFO] __main__: [prof node:node_03]   high>15: 88 frames, objs/frame=24.4, infer=53.5ms
2026-10-01 10:28:53,652 [INFO] __main__: [prof node:node_02] ai 17.7 fps objs/frame=27.3 | infer=53.9ms track=1.9ms acquire=0.5ms
2026-10-01 10:28:53,652 [INFO] __main__: [prof node:node_02] disp 24.8 fps | acquire=0.0ms render=0.0ms publish=0.0ms
2026-10-01 10:28:53,652 [INFO] __main__: [prof node:node_02]   high>15: 89 frames, objs/frame=27.3, infer=53.9ms
2026-10-01 10:28:55,251 [INFO] __main__: [prof node:node_01] ai 12.0 fps objs/frame=34.8 | infer=54.0ms track=2.6ms acquire=26.4ms
2026-10-01 10:28:55,251 [INFO] __main__: [prof node:node_01] disp 12.0 fps | acquire=0.0ms render=0.0ms publish=0.0ms
2026-10-01 10:28:55,256 [INFO] __main__: [prof node:node_01]   high>15: 60 frames, objs/frame=34.8, infer=54.0ms
2026-10-01 10:28:58,247 [INFO] __main__: [prof node:node_03] ai 16.8 fps objs/frame=33.0 | infer=54.5ms track=2.8ms acquire=2.1ms
2026-10-01 10:28:58,247 [INFO] __main__: [prof node:node_03] disp 24.3 fps | acquire=0.0ms render=0.0ms publish=0.0ms
2026-10-01 10:28:58,247 [INFO] __main__: [prof node:node_03]   high>15: 84 frames, objs/frame=33.0, infer=54.5ms
2026-10-01 10:28:58,704 [INFO] __main__: [prof node:node_02] ai 16.6 fps objs/frame=31.8 | infer=57.0ms track=1.6ms acquire=1.2ms
2026-10-01 10:28:58,704 [INFO] __main__: [prof node:node_02] disp 24.5 fps | acquire=0.0ms render=0.0ms publish=0.0ms
2026-10-01 10:28:58,707 [INFO] __main__: [prof node:node_02]   high>15: 84 frames, objs/frame=31.8, infer=57.0ms
2026-10-01 10:29:00,334 [INFO] __main__: [prof node:node_01] ai 12.0 fps objs/frame=35.8 | infer=55.5ms track=2.5ms acquire=24.9ms
2026-10-01 10:29:00,334 [INFO] __main__: [prof node:node_01] disp 12.0 fps | acquire=0.0ms render=0.0ms publish=0.0ms
2026-10-01 10:29:00,334 [INFO] __main__: [prof node:node_01]   high>15: 61 frames, objs/frame=35.8, infer=55.5ms
2026-10-01 10:29:03,261 [INFO] __main__: [prof node:node_03] ai 16.8 fps objs/frame=26.7 | infer=56.5ms track=2.8ms acquire=0.1ms
2026-10-01 10:29:03,263 [INFO] __main__: [prof node:node_03] disp 24.7 fps | acquire=0.1ms render=0.0ms publish=0.0ms
2026-10-01 10:29:03,263 [INFO] __main__: [prof node:node_03]   high>15: 83 frames, objs/frame=26.9, infer=56.7ms
2026-10-01 10:29:03,777 [INFO] __main__: [prof node:node_02] ai 16.6 fps objs/frame=29.8 | infer=58.3ms track=1.7ms acquire=0.1ms
2026-10-01 10:29:03,777 [INFO] __main__: [prof node:node_02] disp 25.0 fps | acquire=0.0ms render=0.0ms publish=0.0ms
2026-10-01 10:29:03,777 [INFO] __main__: [prof node:node_02]   high>15: 84 frames, objs/frame=29.8, infer=58.3ms
2026-10-01 10:29:05,335 [INFO] __main__: [prof node:node_01] ai 12.0 fps objs/frame=40.7 | infer=58.8ms track=2.2ms acquire=21.9ms
2026-10-01 10:29:05,335 [INFO] __main__: [prof node:node_01] disp 12.0 fps | acquire=0.0ms render=0.0ms publish=0.0ms
2026-10-01 10:29:05,335 [INFO] __main__: [prof node:node_01]   high>15: 60 frames, objs/frame=40.7, infer=58.8ms
2026-10-01 10:29:08,277 [INFO] __main__: [prof node:node_03] ai 14.9 fps objs/frame=42.7 | infer=61.7ms track=3.4ms acquire=1.5ms
2026-10-01 10:29:08,277 [INFO] __main__: [prof node:node_03] disp 24.3 fps | acquire=0.1ms render=0.0ms publish=0.0ms
2026-10-01 10:29:08,277 [INFO] __main__: [prof node:node_03]   high>15: 75 frames, objs/frame=42.7, infer=61.7ms
2026-10-01 10:29:08,784 [INFO] __main__: [prof node:node_02] ai 15.0 fps objs/frame=29.6 | infer=62.5ms track=2.5ms acquire=1.4ms
2026-10-01 10:29:08,784 [INFO] __main__: [prof node:node_02] disp 24.3 fps | acquire=0.1ms render=0.0ms publish=0.0ms
2026-10-01 10:29:08,790 [INFO] __main__: [prof node:node_02]   high>15: 75 frames, objs/frame=29.6, infer=62.5ms
2026-10-01 10:29:10,388 [INFO] __main__: [prof node:node_01] ai 12.1 fps objs/frame=40.7 | infer=56.2ms track=2.3ms acquire=24.0ms
2026-10-01 10:29:10,394 [INFO] __main__: [prof node:node_01] disp 12.1 fps | acquire=0.0ms render=0.0ms publish=0.0ms
2026-10-01 10:29:10,394 [INFO] __main__: [prof node:node_01]   high>15: 61 frames, objs/frame=40.7, infer=56.2ms
2026-10-01 10:29:13,284 [INFO] __main__: [prof node:node_03] ai 15.2 fps objs/frame=42.3 | infer=61.0ms track=4.1ms acquire=0.4ms
2026-10-01 10:29:13,284 [INFO] __main__: [prof node:node_03] disp 24.8 fps | acquire=0.1ms render=0.0ms publish=0.0ms
2026-10-01 10:29:13,284 [INFO] __main__: [prof node:node_03]   high>15: 76 frames, objs/frame=42.3, infer=61.0ms
2026-10-01 10:29:13,923 [INFO] __main__: [prof node:node_02] ai 14.8 fps objs/frame=30.5 | infer=63.0ms track=2.5ms acquire=1.6ms
2026-10-01 10:29:13,926 [INFO] __main__: [prof node:node_02] disp 24.5 fps | acquire=0.1ms render=0.0ms publish=0.0ms
2026-10-01 10:29:13,926 [INFO] __main__: [prof node:node_02]   high>15: 76 frames, objs/frame=30.5, infer=63.0ms
2026-10-01 10:29:15,402 [INFO] __main__: [prof node:node_01] ai 12.0 fps objs/frame=36.8 | infer=59.3ms track=2.6ms acquire=21.2ms
2026-10-01 10:29:15,402 [INFO] __main__: [prof node:node_01] disp 12.0 fps | acquire=0.0ms render=0.0ms publish=0.0ms
2026-10-01 10:29:15,402 [INFO] __main__: [prof node:node_01]   high>15: 60 frames, objs/frame=36.8, infer=59.3ms
2026-10-01 10:29:18,303 [INFO] __main__: [prof node:node_03] ai 15.2 fps objs/frame=41.2 | infer=59.2ms track=3.7ms acquire=2.8ms
2026-10-01 10:29:18,303 [INFO] __main__: [prof node:node_03] disp 24.1 fps | acquire=0.1ms render=0.0ms publish=0.0ms
2026-10-01 10:29:18,304 [INFO] __main__: [prof node:node_03]   high>15: 76 frames, objs/frame=41.2, infer=59.2ms
2026-10-01 10:29:18,971 [INFO] __main__: [prof node:node_02] ai 14.7 fps objs/frame=32.3 | infer=63.5ms track=2.6ms acquire=1.7ms
2026-10-01 10:29:18,974 [INFO] __main__: [prof node:node_02] disp 24.4 fps | acquire=0.1ms render=0.0ms publish=0.0ms
2026-10-01 10:29:18,974 [INFO] __main__: [prof node:node_02]   high>15: 74 frames, objs/frame=32.3, infer=63.5ms
2026-10-01 10:29:20,416 [INFO] __main__: [prof node:node_01] ai 12.0 fps objs/frame=37.5 | infer=58.5ms track=2.7ms acquire=22.0ms
2026-10-01 10:29:20,416 [INFO] __main__: [prof node:node_01] disp 12.2 fps | acquire=0.0ms render=0.0ms publish=0.0ms
2026-10-01 10:29:20,422 [INFO] __main__: [prof node:node_01]   high>15: 60 frames, objs/frame=37.5, infer=58.5ms
2026-10-01 10:29:23,371 [INFO] __main__: [prof node:node_03] ai 14.2 fps objs/frame=45.2 | infer=65.4ms track=3.9ms acquire=0.8ms
2026-10-01 10:29:23,371 [INFO] __main__: [prof node:node_03] disp 24.7 fps | acquire=0.1ms render=0.0ms publish=0.0ms
2026-10-01 10:29:23,371 [INFO] __main__: [prof node:node_03]   high>15: 72 frames, objs/frame=45.2, infer=65.4ms
2026-10-01 10:29:23,974 [INFO] __main__: [prof node:node_02] ai 14.6 fps objs/frame=30.1 | infer=65.1ms track=2.4ms acquire=0.7ms
2026-10-01 10:29:23,974 [INFO] __main__: [prof node:node_02] disp 24.8 fps | acquire=0.1ms render=0.0ms publish=0.0ms
2026-10-01 10:29:23,975 [INFO] __main__: [prof node:node_02]   high>15: 73 frames, objs/frame=30.1, infer=65.1ms
2026-10-01 10:29:25,497 [INFO] __main__: [prof node:node_01] ai 12.0 fps objs/frame=41.8 | infer=63.2ms track=2.7ms acquire=16.9ms
2026-10-01 10:29:25,497 [INFO] __main__: [prof node:node_01] disp 11.8 fps | acquire=0.0ms render=0.0ms publish=0.0ms
2026-10-01 10:29:25,498 [INFO] __main__: [prof node:node_01]   high>15: 61 frames, objs/frame=41.8, infer=63.2ms
2026-10-01 10:29:28,423 [INFO] __main__: [prof node:node_03] ai 14.2 fps objs/frame=41.9 | infer=66.0ms track=2.9ms acquire=1.0ms
2026-10-01 10:29:28,423 [INFO] __main__: [prof node:node_03] disp 24.3 fps | acquire=0.1ms render=0.0ms publish=0.0ms
2026-10-01 10:29:28,423 [INFO] __main__: [prof node:node_03]   low<10: 2 frames, objs/frame=0.0, infer=67.0ms
2026-10-01 10:29:28,423 [INFO] __main__: [prof node:node_03]   high>15: 70 frames, objs/frame=43.1, infer=66.0ms
2026-10-01 10:29:29,027 [INFO] __main__: [prof node:node_02] ai 14.8 fps objs/frame=30.6 | infer=64.9ms track=2.2ms acquire=0.0ms
2026-10-01 10:29:29,027 [INFO] __main__: [prof node:node_02] disp 24.9 fps | acquire=0.1ms render=0.0ms publish=0.0ms
2026-10-01 10:29:29,027 [INFO] __main__: [prof node:node_02]   high>15: 75 frames, objs/frame=30.6, infer=64.9ms
2026-10-01 10:29:30,575 [INFO] __main__: [prof node:node_01] ai 12.0 fps objs/frame=45.7 | infer=61.7ms track=2.9ms acquire=18.2ms
2026-10-01 10:29:30,581 [INFO] __main__: [prof node:node_01] disp 12.0 fps | acquire=0.0ms render=0.0ms publish=0.0ms
2026-10-01 10:29:30,582 [INFO] __main__: [prof node:node_01]   high>15: 61 frames, objs/frame=45.7, infer=61.7ms
2026-10-01 10:29:33,457 [INFO] __main__: [prof node:node_03] ai 14.5 fps objs/frame=37.2 | infer=65.3ms track=2.7ms acquire=0.8ms
2026-10-01 10:29:33,457 [INFO] __main__: [prof node:node_03] disp 24.4 fps | acquire=0.1ms render=0.0ms publish=0.0ms
2026-10-01 10:29:33,457 [INFO] __main__: [prof node:node_03]   high>15: 73 frames, objs/frame=37.2, infer=65.3ms
2026-10-01 10:29:34,031 [INFO] __main__: [prof node:node_02] ai 14.4 fps objs/frame=31.2 | infer=65.4ms track=2.2ms acquire=1.5ms
2026-10-01 10:29:34,040 [INFO] __main__: [prof node:node_02] disp 24.2 fps | acquire=0.1ms render=0.0ms publish=0.0ms
2026-10-01 10:29:34,040 [INFO] __main__: [prof node:node_02]   high>15: 72 frames, objs/frame=31.2, infer=65.4ms
2026-10-01 10:29:35,672 [INFO] __main__: [prof node:node_01] ai 12.0 fps objs/frame=49.7 | infer=63.5ms track=2.8ms acquire=16.7ms
2026-10-01 10:29:35,672 [INFO] __main__: [prof node:node_01] disp 12.2 fps | acquire=0.0ms render=0.0ms publish=0.0ms
2026-10-01 10:29:35,672 [INFO] __main__: [prof node:node_01]   high>15: 61 frames, objs/frame=49.7, infer=63.5ms
2026-10-01 10:29:38,511 [INFO] __main__: [prof node:node_03] ai 15.4 fps objs/frame=31.4 | infer=60.9ms track=2.2ms acquire=1.5ms
2026-10-01 10:29:38,511 [INFO] __main__: [prof node:node_03] disp 24.2 fps | acquire=0.1ms render=0.0ms publish=0.0ms
2026-10-01 10:29:38,511 [INFO] __main__: [prof node:node_03]   high>15: 78 frames, objs/frame=31.4, infer=60.9ms
2026-10-01 10:29:39,089 [INFO] __main__: [prof node:node_02] ai 16.0 fps objs/frame=34.7 | infer=59.4ms track=2.2ms acquire=0.5ms
2026-10-01 10:29:39,089 [INFO] __main__: [prof node:node_02] disp 24.7 fps | acquire=0.1ms render=0.0ms publish=0.0ms
2026-10-01 10:29:39,089 [INFO] __main__: [prof node:node_02]   high>15: 81 frames, objs/frame=34.7, infer=59.4ms
2026-10-01 10:29:40,735 [INFO] __main__: [prof node:node_01] ai 12.0 fps objs/frame=49.7 | infer=60.3ms track=2.3ms acquire=20.0ms
2026-10-01 10:29:40,735 [INFO] __main__: [prof node:node_01] disp 11.9 fps | acquire=0.0ms render=0.0ms publish=0.0ms
2026-10-01 10:29:40,735 [INFO] __main__: [prof node:node_01]   high>15: 61 frames, objs/frame=49.7, infer=60.3ms
2026-10-01 10:29:43,537 [INFO] __main__: [prof node:node_03] ai 15.3 fps objs/frame=32.2 | infer=62.4ms track=2.0ms acquire=0.7ms
2026-10-01 10:29:43,539 [INFO] __main__: [prof node:node_03] disp 24.9 fps | acquire=0.1ms render=0.0ms publish=0.0ms
2026-10-01 10:29:43,539 [INFO] __main__: [prof node:node_03]   high>15: 77 frames, objs/frame=32.2, infer=62.4ms
2026-10-01 10:29:44,102 [INFO] __main__: [prof node:node_02] ai 15.2 fps objs/frame=31.1 | infer=62.6ms track=2.5ms acquire=0.5ms
2026-10-01 10:29:44,109 [INFO] __main__: [prof node:node_02] disp 24.7 fps | acquire=0.1ms render=0.0ms publish=0.0ms
2026-10-01 10:29:44,109 [INFO] __main__: [prof node:node_02]   high>15: 75 frames, objs/frame=31.3, infer=62.5ms
2026-10-01 10:29:45,825 [INFO] __main__: [prof node:node_01] ai 12.0 fps objs/frame=45.3 | infer=60.1ms track=2.4ms acquire=20.6ms
2026-10-01 10:29:45,825 [INFO] __main__: [prof node:node_01] disp 12.0 fps | acquire=0.0ms render=0.0ms publish=0.0ms
2026-10-01 10:29:45,825 [INFO] __main__: [prof node:node_01]   high>15: 61 frames, objs/frame=45.3, infer=60.1ms
2026-10-01 10:29:48,552 [INFO] __main__: [prof node:node_03] ai 14.6 fps objs/frame=37.6 | infer=64.8ms track=2.3ms acquire=1.2ms
2026-10-01 10:29:48,554 [INFO] __main__: [prof node:node_03] disp 24.5 fps | acquire=0.1ms render=0.0ms publish=0.0ms
2026-10-01 10:29:48,554 [INFO] __main__: [prof node:node_03]   high>15: 73 frames, objs/frame=37.6, infer=64.8ms
2026-10-01 10:29:49,109 [INFO] __main__: [prof node:node_02] ai 14.6 fps objs/frame=37.8 | infer=64.9ms track=2.1ms acquire=1.1ms
2026-10-01 10:29:49,109 [INFO] __main__: [prof node:node_02] disp 24.6 fps | acquire=0.1ms render=0.0ms publish=0.0ms
2026-10-01 10:29:49,109 [INFO] __main__: [prof node:node_02]   high>15: 73 frames, objs/frame=37.8, infer=64.9ms
2026-10-01 10:29:50,834 [INFO] __main__: [prof node:node_01] ai 12.0 fps objs/frame=47.8 | infer=62.2ms track=2.5ms acquire=18.3ms
2026-10-01 10:29:50,836 [INFO] __main__: [prof node:node_01] disp 12.0 fps | acquire=0.0ms render=0.0ms publish=0.0ms
2026-10-01 10:29:50,837 [INFO] __main__: [prof node:node_01]   high>15: 60 frames, objs/frame=47.8, infer=62.2ms
2026-10-01 10:29:53,581 [INFO] __main__: [prof node:node_03] ai 14.7 fps objs/frame=39.4 | infer=64.5ms track=2.4ms acquire=0.7ms
2026-10-01 10:29:53,581 [INFO] __main__: [prof node:node_03] disp 24.9 fps | acquire=0.1ms render=0.0ms publish=0.0ms
2026-10-01 10:29:53,581 [INFO] __main__: [prof node:node_03]   high>15: 74 frames, objs/frame=39.4, infer=64.5ms
2026-10-01 10:29:54,137 [INFO] __main__: [prof node:node_02] ai 14.9 fps objs/frame=31.7 | infer=64.4ms track=1.9ms acquire=0.4ms
2026-10-01 10:29:54,137 [INFO] __main__: [prof node:node_02] disp 24.7 fps | acquire=0.1ms render=0.0ms publish=0.0ms
2026-10-01 10:29:54,137 [INFO] __main__: [prof node:node_02]   high>15: 75 frames, objs/frame=31.7, infer=64.4ms
2026-10-01 10:29:55,908 [INFO] __main__: [prof node:node_01] ai 12.0 fps objs/frame=48.9 | infer=62.7ms track=2.6ms acquire=17.4ms
2026-10-01 10:29:55,908 [INFO] __main__: [prof node:node_01] disp 12.0 fps | acquire=0.0ms render=0.0ms publish=0.0ms
2026-10-01 10:29:55,908 [INFO] __main__: [prof node:node_01]   high>15: 61 frames, objs/frame=48.9, infer=62.7ms
2026-10-01 10:29:58,602 [INFO] __main__: [prof node:node_03] ai 14.9 fps objs/frame=38.0 | infer=62.5ms track=3.1ms acquire=1.0ms
2026-10-01 10:29:58,602 [INFO] __main__: [prof node:node_03] disp 24.3 fps | acquire=0.1ms render=0.0ms publish=0.0ms
2026-10-01 10:29:58,602 [INFO] __main__: [prof node:node_03]   high>15: 75 frames, objs/frame=38.0, infer=62.5ms
2026-10-01 10:29:59,171 [INFO] __main__: [prof node:node_02] ai 15.1 fps objs/frame=29.1 | infer=62.2ms track=2.0ms acquire=1.8ms
2026-10-01 10:29:59,171 [INFO] __main__: [prof node:node_02] disp 24.0 fps | acquire=0.1ms render=0.0ms publish=0.0ms
2026-10-01 10:29:59,171 [INFO] __main__: [prof node:node_02]   high>15: 76 frames, objs/frame=29.1, infer=62.2ms
2026-10-01 10:30:00,985 [INFO] __main__: [prof node:node_01] ai 12.0 fps objs/frame=48.5 | infer=60.6ms track=2.8ms acquire=19.4ms
2026-10-01 10:30:00,986 [INFO] __main__: [prof node:node_01] disp 12.0 fps | acquire=0.0ms render=0.0ms publish=0.0ms
2026-10-01 10:30:00,987 [INFO] __main__: [prof node:node_01]   high>15: 61 frames, objs/frame=48.5, infer=60.6ms
2026-10-01 10:30:03,608 [INFO] __main__: [prof node:node_03] ai 15.6 fps objs/frame=25.5 | infer=60.2ms track=2.8ms acquire=0.9ms
2026-10-01 10:30:03,608 [INFO] __main__: [prof node:node_03] disp 24.6 fps | acquire=0.1ms render=0.0ms publish=0.0ms
2026-10-01 10:30:03,608 [INFO] __main__: [prof node:node_03]   high>15: 78 frames, objs/frame=25.5, infer=60.2ms
2026-10-01 10:30:04,192 [INFO] __main__: [prof node:node_02] ai 15.7 fps objs/frame=27.9 | infer=61.0ms track=2.0ms acquire=0.2ms
2026-10-01 10:30:04,192 [INFO] __main__: [prof node:node_02] disp 24.9 fps | acquire=0.1ms render=0.0ms publish=0.0ms
2026-10-01 10:30:04,192 [INFO] __main__: [prof node:node_02]   high>15: 79 frames, objs/frame=27.9, infer=61.0ms
2026-10-01 10:30:05,992 [INFO] __main__: [prof node:node_01] ai 12.0 fps objs/frame=49.8 | infer=59.3ms track=2.9ms acquire=20.8ms
2026-10-01 10:30:05,992 [INFO] __main__: [prof node:node_01] disp 12.0 fps | acquire=0.0ms render=0.0ms publish=0.0ms
2026-10-01 10:30:05,992 [INFO] __main__: [prof node:node_01]   high>15: 60 frames, objs/frame=49.8, infer=59.3ms
2026-10-01 10:30:08,609 [INFO] __main__: [prof node:node_03] ai 16.2 fps objs/frame=25.3 | infer=57.9ms track=2.2ms acquire=1.4ms
2026-10-01 10:30:08,609 [INFO] __main__: [prof node:node_03] disp 24.4 fps | acquire=0.1ms render=0.0ms publish=0.0ms
2026-10-01 10:30:08,609 [INFO] __main__: [prof node:node_03]   low<10: 1 frames, objs/frame=0.0, infer=32.3ms
2026-10-01 10:30:08,609 [INFO] __main__: [prof node:node_03]   high>15: 79 frames, objs/frame=25.8, infer=58.2ms
2026-10-01 10:30:09,192 [INFO] __main__: [prof node:node_02] ai 16.6 fps objs/frame=28.2 | infer=57.1ms track=2.0ms acquire=0.9ms
2026-10-01 10:30:09,198 [INFO] __main__: [prof node:node_02] disp 24.6 fps | acquire=0.0ms render=0.0ms publish=0.0ms
2026-10-01 10:30:09,198 [INFO] __main__: [prof node:node_02]   high>15: 83 frames, objs/frame=28.2, infer=57.1ms
2026-10-01 10:30:10,991 [INFO] __main__: [prof node:node_01] ai 12.0 fps objs/frame=48.3 | infer=58.9ms track=2.8ms acquire=21.2ms
2026-10-01 10:30:10,997 [INFO] __main__: [prof node:node_01] disp 12.0 fps | acquire=0.0ms render=0.0ms publish=0.0ms
2026-10-01 10:30:10,998 [INFO] __main__: [prof node:node_01]   high>15: 60 frames, objs/frame=48.3, infer=58.9ms
2026-10-01 10:30:13,632 [INFO] __main__: [prof node:node_03] ai 16.1 fps objs/frame=29.2 | infer=58.1ms track=2.6ms acquire=1.0ms
2026-10-01 10:30:13,634 [INFO] __main__: [prof node:node_03] disp 24.5 fps | acquire=0.1ms render=0.0ms publish=0.0ms
2026-10-01 10:30:13,634 [INFO] __main__: [prof node:node_03]   high>15: 81 frames, objs/frame=29.2, infer=58.1ms
2026-10-01 10:30:14,268 [INFO] __main__: [prof node:node_02] ai 16.4 fps objs/frame=30.4 | infer=58.5ms track=2.0ms acquire=0.2ms
2026-10-01 10:30:14,268 [INFO] __main__: [prof node:node_02] disp 24.8 fps | acquire=0.1ms render=0.0ms publish=0.0ms
2026-10-01 10:30:14,268 [INFO] __main__: [prof node:node_02]   high>15: 83 frames, objs/frame=30.4, infer=58.5ms
2026-10-01 10:30:16,060 [INFO] __main__: [prof node:node_01] ai 12.0 fps objs/frame=47.6 | infer=59.5ms track=2.8ms acquire=20.4ms
2026-10-01 10:30:16,060 [INFO] __main__: [prof node:node_01] disp 12.0 fps | acquire=0.0ms render=0.0ms publish=0.0ms
2026-10-01 10:30:16,060 [INFO] __main__: [prof node:node_01]   high>15: 61 frames, objs/frame=47.6, infer=59.5ms
2026-10-01 10:30:18,707 [INFO] __main__: [prof node:node_03] ai 16.0 fps objs/frame=28.9 | infer=59.3ms track=2.4ms acquire=0.7ms
2026-10-01 10:30:18,707 [INFO] __main__: [prof node:node_03] disp 24.8 fps | acquire=0.1ms render=0.0ms publish=0.0ms
2026-10-01 10:30:18,708 [INFO] __main__: [prof node:node_03]   high>15: 81 frames, objs/frame=28.9, infer=59.3ms
2026-10-01 10:30:19,275 [INFO] __main__: [prof node:node_02] ai 16.0 fps objs/frame=34.1 | infer=59.3ms track=2.6ms acquire=0.4ms
2026-10-01 10:30:19,275 [INFO] __main__: [prof node:node_02] disp 24.8 fps | acquire=0.1ms render=0.0ms publish=0.0ms
2026-10-01 10:30:19,277 [INFO] __main__: [prof node:node_02]   high>15: 80 frames, objs/frame=34.1, infer=59.3ms
2026-10-01 10:30:21,067 [INFO] __main__: [prof node:node_01] ai 12.0 fps objs/frame=41.2 | infer=58.2ms track=2.7ms acquire=22.0ms
2026-10-01 10:30:21,067 [INFO] __main__: [prof node:node_01] disp 12.0 fps | acquire=0.0ms render=0.0ms publish=0.0ms
2026-10-01 10:30:21,067 [INFO] __main__: [prof node:node_01]   high>15: 60 frames, objs/frame=41.2, infer=58.2ms
2026-10-01 10:30:23,705 [INFO] __main__: [prof node:node_03] ai 16.6 fps objs/frame=26.1 | infer=57.3ms track=2.5ms acquire=0.2ms
2026-10-01 10:30:23,705 [INFO] __main__: [prof node:node_03] disp 24.6 fps | acquire=0.1ms render=0.0ms publish=0.0ms
2026-10-01 10:30:23,712 [INFO] __main__: [prof node:node_03]   high>15: 83 frames, objs/frame=26.1, infer=57.3ms
2026-10-01 10:30:24,313 [INFO] __main__: [prof node:node_02] ai 16.7 fps objs/frame=31.2 | infer=55.9ms track=3.0ms acquire=0.8ms
2026-10-01 10:30:24,313 [INFO] __main__: [prof node:node_02] disp 24.6 fps | acquire=0.0ms render=0.0ms publish=0.0ms
2026-10-01 10:30:24,314 [INFO] __main__: [prof node:node_02]   high>15: 84 frames, objs/frame=31.2, infer=55.9ms
2026-10-01 10:30:26,087 [INFO] __main__: [prof node:node_01] ai 12.0 fps objs/frame=35.7 | infer=53.9ms track=2.9ms acquire=26.4ms
2026-10-01 10:30:26,087 [INFO] __main__: [prof node:node_01] disp 12.0 fps | acquire=0.0ms render=0.0ms publish=0.0ms
2026-10-01 10:30:26,087 [INFO] __main__: [prof node:node_01]   low<10: 1 frames, objs/frame=0.0, infer=39.5ms
2026-10-01 10:30:26,087 [INFO] __main__: [prof node:node_01]   high>15: 59 frames, objs/frame=36.3, infer=54.1ms
2026-10-01 10:30:28,740 [INFO] __main__: [prof node:node_03] ai 17.3 fps objs/frame=23.1 | infer=55.4ms track=2.2ms acquire=0.1ms
2026-10-01 10:30:28,746 [INFO] __main__: [prof node:node_03] disp 24.8 fps | acquire=0.0ms render=0.0ms publish=0.0ms
2026-10-01 10:30:28,747 [INFO] __main__: [prof node:node_03]   high>15: 72 frames, objs/frame=24.9, infer=55.3ms
2026-10-01 10:30:29,322 [INFO] __main__: [prof node:node_02] ai 17.4 fps objs/frame=24.0 | infer=54.1ms track=2.5ms acquire=0.6ms
2026-10-01 10:30:29,322 [INFO] __main__: [prof node:node_02] disp 25.0 fps | acquire=0.0ms render=0.0ms publish=0.0ms
2026-10-01 10:30:29,322 [INFO] __main__: [prof node:node_02]   high>15: 87 frames, objs/frame=24.0, infer=54.1ms
2026-10-01 10:30:31,142 [INFO] __main__: [prof node:node_01] ai 12.1 fps objs/frame=39.1 | infer=52.5ms track=3.7ms acquire=26.3ms
2026-10-01 10:30:31,145 [INFO] __main__: [prof node:node_01] disp 12.1 fps | acquire=0.0ms render=0.0ms publish=0.0ms
2026-10-01 10:30:31,145 [INFO] __main__: [prof node:node_01]   high>15: 61 frames, objs/frame=39.1, infer=52.5ms
2026-10-01 10:30:33,761 [INFO] __main__: [prof node:node_03] ai 18.3 fps objs/frame=14.8 | infer=51.3ms track=1.4ms acquire=1.7ms
2026-10-01 10:30:33,761 [INFO] __main__: [prof node:node_03] disp 24.3 fps | acquire=0.0ms render=0.0ms publish=0.0ms
2026-10-01 10:30:33,761 [INFO] __main__: [prof node:node_03]   high>15: 29 frames, objs/frame=17.6, infer=49.1ms
2026-10-01 10:30:34,351 [INFO] __main__: [prof node:node_02] ai 19.3 fps objs/frame=21.6 | infer=48.8ms track=2.1ms acquire=0.8ms
2026-10-01 10:30:34,351 [INFO] __main__: [prof node:node_02] disp 24.6 fps | acquire=0.0ms render=0.0ms publish=0.0ms
2026-10-01 10:30:34,351 [INFO] __main__: [prof node:node_02]   high>15: 68 frames, objs/frame=24.9, infer=50.5ms
2026-10-01 10:30:36,219 [INFO] __main__: [prof node:node_01] ai 12.0 fps objs/frame=30.9 | infer=48.6ms track=3.1ms acquire=31.1ms
2026-10-01 10:30:36,219 [INFO] __main__: [prof node:node_01] disp 12.0 fps | acquire=0.0ms render=0.0ms publish=0.0ms
2026-10-01 10:30:36,219 [INFO] __main__: [prof node:node_01]   high>15: 61 frames, objs/frame=30.9, infer=48.6ms
2026-10-01 10:30:38,790 [INFO] __main__: [prof node:node_03] ai 19.7 fps objs/frame=16.1 | infer=48.5ms track=1.3ms acquire=0.9ms
2026-10-01 10:30:38,790 [INFO] __main__: [prof node:node_03] disp 24.9 fps | acquire=0.0ms render=0.0ms publish=0.0ms
2026-10-01 10:30:38,790 [INFO] __main__: [prof node:node_03]   high>15: 41 frames, objs/frame=20.1, infer=48.6ms
2026-10-01 10:30:39,358 [INFO] __main__: [prof node:node_02] ai 19.2 fps objs/frame=20.7 | infer=48.8ms track=1.7ms acquire=1.3ms
2026-10-01 10:30:39,358 [INFO] __main__: [prof node:node_02] disp 24.2 fps | acquire=0.0ms render=0.0ms publish=0.0ms
2026-10-01 10:30:39,358 [INFO] __main__: [prof node:node_02]   high>15: 95 frames, objs/frame=20.8, infer=48.9ms
2026-10-01 10:30:41,304 [INFO] __main__: [prof node:node_01] ai 12.0 fps objs/frame=27.0 | infer=47.6ms track=2.5ms acquire=32.8ms
2026-10-01 10:30:41,304 [INFO] __main__: [prof node:node_01] disp 12.0 fps | acquire=0.0ms render=0.0ms publish=0.0ms
2026-10-01 10:30:41,304 [INFO] __main__: [prof node:node_01]   high>15: 60 frames, objs/frame=27.2, infer=47.7ms
2026-10-01 10:30:43,815 [INFO] __main__: [prof node:node_03] ai 19.3 fps objs/frame=24.5 | infer=48.2ms track=1.9ms acquire=1.5ms
2026-10-01 10:30:43,816 [INFO] __main__: [prof node:node_03] disp 24.9 fps | acquire=0.0ms render=0.0ms publish=0.0ms
2026-10-01 10:30:43,816 [INFO] __main__: [prof node:node_03]   high>15: 96 frames, objs/frame=24.6, infer=48.1ms
2026-10-01 10:30:44,406 [INFO] __main__: [prof node:node_02] ai 19.2 fps objs/frame=19.9 | infer=47.8ms track=1.8ms acquire=2.2ms
2026-10-01 10:30:44,406 [INFO] __main__: [prof node:node_02] disp 24.6 fps | acquire=0.0ms render=0.0ms publish=0.0ms
2026-10-01 10:30:44,406 [INFO] __main__: [prof node:node_02]   high>15: 89 frames, objs/frame=20.4, infer=47.5ms
2026-10-01 10:30:46,316 [INFO] __main__: [prof node:node_01] ai 12.0 fps objs/frame=19.1 | infer=49.8ms track=1.6ms acquire=31.7ms
2026-10-01 10:30:46,317 [INFO] __main__: [prof node:node_01] disp 12.0 fps | acquire=0.0ms render=0.0ms publish=0.0ms
2026-10-01 10:30:46,317 [INFO] __main__: [prof node:node_01]   high>15: 36 frames, objs/frame=23.5, infer=51.4ms
2026-10-01 10:30:48,829 [INFO] __main__: [prof node:node_03] ai 18.1 fps objs/frame=33.0 | infer=51.5ms track=2.9ms acquire=0.4ms
2026-10-01 10:30:48,829 [INFO] __main__: [prof node:node_03] disp 24.7 fps | acquire=0.0ms render=0.0ms publish=0.0ms
2026-10-01 10:30:48,829 [INFO] __main__: [prof node:node_03]   high>15: 91 frames, objs/frame=33.0, infer=51.5ms
2026-10-01 10:30:49,427 [INFO] __main__: [prof node:node_02] ai 18.3 fps objs/frame=16.0 | infer=52.5ms track=1.7ms acquire=0.1ms
2026-10-01 10:30:49,427 [INFO] __main__: [prof node:node_02] disp 24.9 fps | acquire=0.0ms render=0.0ms publish=0.0ms
2026-10-01 10:30:49,427 [INFO] __main__: [prof node:node_02]   high>15: 54 frames, objs/frame=17.9, infer=53.4ms
2026-10-01 10:30:51,378 [INFO] __main__: [prof node:node_01] ai 12.0 fps objs/frame=31.3 | infer=49.7ms track=1.6ms acquire=31.3ms
2026-10-01 10:30:51,378 [INFO] __main__: [prof node:node_01] disp 12.0 fps | acquire=0.0ms render=0.0ms publish=0.0ms
2026-10-01 10:30:51,378 [INFO] __main__: [prof node:node_01]   low<10: 2 frames, objs/frame=1.5, infer=42.2ms
2026-10-01 10:30:51,378 [INFO] __main__: [prof node:node_01]   high>15: 59 frames, objs/frame=32.3, infer=49.9ms
2026-10-01 10:30:53,837 [INFO] __main__: [prof node:node_03] ai 19.6 fps objs/frame=23.2 | infer=45.3ms track=2.2ms acquire=3.5ms
2026-10-01 10:30:53,837 [INFO] __main__: [prof node:node_03] disp 24.1 fps | acquire=0.0ms render=0.0ms publish=0.0ms
2026-10-01 10:30:53,837 [INFO] __main__: [prof node:node_03]   high>15: 98 frames, objs/frame=23.2, infer=45.3ms
2026-10-01 10:30:54,433 [INFO] __main__: [prof node:node_02] ai 20.2 fps objs/frame=14.3 | infer=45.4ms track=1.3ms acquire=2.6ms
2026-10-01 10:30:54,433 [INFO] __main__: [prof node:node_02] disp 24.2 fps | acquire=0.0ms render=0.0ms publish=0.0ms
2026-10-01 10:30:54,433 [INFO] __main__: [prof node:node_02]   high>15: 28 frames, objs/frame=17.2, infer=49.7ms
2026-10-01 10:30:56,399 [INFO] __main__: [prof node:node_01] ai 12.0 fps objs/frame=32.9 | infer=45.9ms track=2.0ms acquire=35.4ms
2026-10-01 10:30:56,399 [INFO] __main__: [prof node:node_01] disp 12.0 fps | acquire=0.0ms render=0.0ms publish=0.0ms
2026-10-01 10:30:56,399 [INFO] __main__: [prof node:node_01]   high>15: 60 frames, objs/frame=32.9, infer=45.9ms
2026-10-01 10:30:58,854 [INFO] __main__: [prof node:node_03] ai 18.9 fps objs/frame=22.3 | infer=48.1ms track=2.0ms acquire=2.4ms
2026-10-01 10:30:58,854 [INFO] __main__: [prof node:node_03] disp 24.1 fps | acquire=0.0ms render=0.0ms publish=0.0ms
2026-10-01 10:30:58,854 [INFO] __main__: [prof node:node_03]   high>15: 95 frames, objs/frame=22.3, infer=48.1ms
2026-10-01 10:30:59,454 [INFO] __main__: [prof node:node_02] ai 19.5 fps objs/frame=16.4 | infer=47.5ms track=1.5ms acquire=1.9ms
2026-10-01 10:30:59,454 [INFO] __main__: [prof node:node_02] disp 24.7 fps | acquire=0.0ms render=0.0ms publish=0.0ms
2026-10-01 10:30:59,454 [INFO] __main__: [prof node:node_02]   low<10: 1 frames, objs/frame=0.0, infer=35.1ms
2026-10-01 10:30:59,454 [INFO] __main__: [prof node:node_02]   high>15: 53 frames, objs/frame=18.9, infer=52.0ms
2026-10-01 10:31:01,407 [INFO] __main__: [prof node:node_01] ai 12.0 fps objs/frame=31.3 | infer=50.2ms track=2.3ms acquire=30.5ms
2026-10-01 10:31:01,407 [INFO] __main__: [prof node:node_01] disp 12.0 fps | acquire=0.0ms render=0.0ms publish=0.0ms
2026-10-01 10:31:01,407 [INFO] __main__: [prof node:node_01]   high>15: 60 frames, objs/frame=31.3, infer=50.2ms
2026-10-01 10:31:03,857 [INFO] __main__: [prof node:node_03] ai 19.0 fps objs/frame=22.4 | infer=49.1ms track=1.8ms acquire=1.6ms
2026-10-01 10:31:03,857 [INFO] __main__: [prof node:node_03] disp 24.2 fps | acquire=0.0ms render=0.0ms publish=0.0ms
2026-10-01 10:31:03,857 [INFO] __main__: [prof node:node_03]   high>15: 95 frames, objs/frame=22.4, infer=49.1ms
2026-10-01 10:31:04,489 [INFO] __main__: [prof node:node_02] ai 18.9 fps objs/frame=23.0 | infer=48.2ms track=2.0ms acquire=2.6ms
2026-10-01 10:31:04,490 [INFO] __main__: [prof node:node_02] disp 23.8 fps | acquire=0.0ms render=0.0ms publish=0.0ms
2026-10-01 10:31:04,490 [INFO] __main__: [prof node:node_02]   low<10: 1 frames, objs/frame=1.0, infer=52.5ms
2026-10-01 10:31:04,490 [INFO] __main__: [prof node:node_02]   high>15: 94 frames, objs/frame=23.2, infer=48.1ms
2026-10-01 10:31:06,488 [INFO] __main__: [prof node:node_01] ai 12.0 fps objs/frame=34.9 | infer=49.7ms track=2.3ms acquire=30.9ms
2026-10-01 10:31:06,489 [INFO] __main__: [prof node:node_01] disp 12.0 fps | acquire=0.0ms render=0.0ms publish=0.0ms
2026-10-01 10:31:06,490 [INFO] __main__: [prof node:node_01]   high>15: 61 frames, objs/frame=34.9, infer=49.7ms
2026-10-01 10:31:08,870 [INFO] __main__: [prof node:node_03] ai 17.8 fps objs/frame=20.9 | infer=52.4ms track=1.6ms acquire=2.1ms
2026-10-01 10:31:08,871 [INFO] __main__: [prof node:node_03] disp 24.2 fps | acquire=0.0ms render=0.0ms publish=0.0ms
2026-10-01 10:31:08,871 [INFO] __main__: [prof node:node_03]   low<10: 1 frames, objs/frame=0.0, infer=61.3ms
2026-10-01 10:31:08,871 [INFO] __main__: [prof node:node_03]   high>15: 87 frames, objs/frame=21.2, infer=52.2ms
2026-10-01 10:31:09,522 [INFO] __main__: [prof node:node_02] ai 18.3 fps objs/frame=23.0 | infer=52.1ms track=1.9ms acquire=0.5ms
2026-10-01 10:31:09,522 [INFO] __main__: [prof node:node_02] disp 25.0 fps | acquire=0.0ms render=0.0ms publish=0.0ms
2026-10-01 10:31:09,522 [INFO] __main__: [prof node:node_02]   low<10: 1 frames, objs/frame=0.0, infer=59.7ms
2026-10-01 10:31:09,524 [INFO] __main__: [prof node:node_02]   high>15: 91 frames, objs/frame=23.3, infer=52.0ms
2026-10-01 10:31:11,566 [INFO] __main__: [prof node:node_01] ai 12.0 fps objs/frame=39.2 | infer=53.1ms track=2.8ms acquire=26.9ms
2026-10-01 10:31:11,566 [INFO] __main__: [prof node:node_01] disp 12.0 fps | acquire=0.0ms render=0.0ms publish=0.0ms
2026-10-01 10:31:11,567 [INFO] __main__: [prof node:node_01]   high>15: 61 frames, objs/frame=39.2, infer=53.1ms
2026-10-01 10:31:13,870 [INFO] __main__: [prof node:node_03] ai 19.0 fps objs/frame=18.0 | infer=50.1ms track=1.5ms acquire=0.8ms
2026-10-01 10:31:13,870 [INFO] __main__: [prof node:node_03] disp 24.4 fps | acquire=0.0ms render=0.0ms publish=0.0ms
2026-10-01 10:31:13,870 [INFO] __main__: [prof node:node_03]   low<10: 1 frames, objs/frame=1.0, infer=31.6ms
2026-10-01 10:31:13,870 [INFO] __main__: [prof node:node_03]   high>15: 89 frames, objs/frame=18.3, infer=50.2ms
2026-10-01 10:31:14,526 [INFO] __main__: [prof node:node_02] ai 19.8 fps objs/frame=19.0 | infer=48.2ms track=1.8ms acquire=0.3ms
2026-10-01 10:31:14,526 [INFO] __main__: [prof node:node_02] disp 25.0 fps | acquire=0.0ms render=0.0ms publish=0.0ms
2026-10-01 10:31:14,526 [INFO] __main__: [prof node:node_02]   high>15: 98 frames, objs/frame=19.1, infer=48.0ms
2026-10-01 10:31:16,663 [INFO] __main__: [prof node:node_01] ai 12.0 fps objs/frame=33.4 | infer=48.4ms track=2.5ms acquire=32.3ms
2026-10-01 10:31:16,663 [INFO] __main__: [prof node:node_01] disp 12.0 fps | acquire=0.0ms render=0.0ms publish=0.0ms
2026-10-01 10:31:16,663 [INFO] __main__: [prof node:node_01]   low<10: 1 frames, objs/frame=0.0, infer=48.3ms
2026-10-01 10:31:16,663 [INFO] __main__: [prof node:node_01]   high>15: 60 frames, objs/frame=33.9, infer=48.4ms
2026-10-01 10:31:18,912 [INFO] __main__: [prof node:node_03] ai 18.7 fps objs/frame=21.5 | infer=49.0ms track=1.6ms acquire=2.7ms
2026-10-01 10:31:18,912 [INFO] __main__: [prof node:node_03] disp 23.8 fps | acquire=0.0ms render=0.0ms publish=0.0ms
2026-10-01 10:31:18,912 [INFO] __main__: [prof node:node_03]   high>15: 94 frames, objs/frame=21.5, infer=49.0ms
2026-10-01 10:31:19,536 [INFO] __main__: [prof node:node_02] ai 19.3 fps objs/frame=20.2 | infer=47.7ms track=1.7ms acquire=2.0ms
2026-10-01 10:31:19,543 [INFO] __main__: [prof node:node_02] disp 24.3 fps | acquire=0.0ms render=0.0ms publish=0.0ms
2026-10-01 10:31:19,544 [INFO] __main__: [prof node:node_02]   high>15: 97 frames, objs/frame=20.2, infer=47.7ms
2026-10-01 10:31:21,739 [INFO] __main__: [prof node:node_01] ai 12.0 fps objs/frame=38.5 | infer=52.7ms track=2.3ms acquire=27.8ms
2026-10-01 10:31:21,739 [INFO] __main__: [prof node:node_01] disp 12.0 fps | acquire=0.0ms render=0.0ms publish=0.0ms
2026-10-01 10:31:21,739 [INFO] __main__: [prof node:node_01]   high>15: 61 frames, objs/frame=38.5, infer=52.7ms
2026-10-01 10:31:23,923 [INFO] __main__: [prof node:node_03] ai 17.2 fps objs/frame=34.6 | infer=56.0ms track=1.9ms acquire=0.2ms
2026-10-01 10:31:23,925 [INFO] __main__: [prof node:node_03] disp 24.5 fps | acquire=0.0ms render=0.0ms publish=0.0ms
2026-10-01 10:31:23,925 [INFO] __main__: [prof node:node_03]   high>15: 86 frames, objs/frame=34.6, infer=56.0ms
2026-10-01 10:31:24,607 [INFO] __main__: [prof node:node_02] ai 16.6 fps objs/frame=22.5 | infer=57.1ms track=1.9ms acquire=1.0ms
2026-10-01 10:31:24,607 [INFO] __main__: [prof node:node_02] disp 24.7 fps | acquire=0.0ms render=0.0ms publish=0.0ms
2026-10-01 10:31:24,607 [INFO] __main__: [prof node:node_02]   high>15: 84 frames, objs/frame=22.5, infer=57.1ms
2026-10-01 10:31:26,793 [INFO] __main__: [prof node:node_01] ai 12.1 fps objs/frame=35.3 | infer=52.8ms track=2.5ms acquire=27.0ms
2026-10-01 10:31:26,793 [INFO] __main__: [prof node:node_01] disp 12.1 fps | acquire=0.0ms render=0.0ms publish=0.0ms
2026-10-01 10:31:26,793 [INFO] __main__: [prof node:node_01]   low<10: 1 frames, objs/frame=3.0, infer=53.8ms
2026-10-01 10:31:26,793 [INFO] __main__: [prof node:node_01]   high>15: 60 frames, objs/frame=35.9, infer=52.7ms
2026-10-01 10:31:28,951 [INFO] __main__: [prof node:node_03] ai 16.1 fps objs/frame=43.6 | infer=55.2ms track=2.2ms acquire=4.4ms
2026-10-01 10:31:28,951 [INFO] __main__: [prof node:node_03] disp 23.0 fps | acquire=0.0ms render=0.0ms publish=0.0ms
2026-10-01 10:31:28,961 [INFO] __main__: [prof node:node_03]   high>15: 81 frames, objs/frame=43.6, infer=55.2ms
2026-10-01 10:31:29,641 [INFO] __main__: [prof node:node_02] ai 15.5 fps objs/frame=27.7 | infer=56.1ms track=2.4ms acquire=5.7ms
2026-10-01 10:31:29,641 [INFO] __main__: [prof node:node_02] disp 23.0 fps | acquire=0.0ms render=0.0ms publish=0.0ms
2026-10-01 10:31:29,641 [INFO] __main__: [prof node:node_02]   high>15: 78 frames, objs/frame=27.7, infer=56.1ms
2026-10-01 10:31:31,814 [INFO] __main__: [prof node:node_01] ai 11.9 fps objs/frame=34.5 | infer=60.7ms track=2.2ms acquire=20.4ms
2026-10-01 10:31:31,814 [INFO] __main__: [prof node:node_01] disp 11.9 fps | acquire=0.0ms render=0.0ms publish=0.0ms
2026-10-01 10:31:31,814 [INFO] __main__: [prof node:node_01]   high>15: 60 frames, objs/frame=34.5, infer=60.7ms
2026-10-01 10:31:33,973 [INFO] __main__: [prof node:node_03] ai 15.7 fps objs/frame=46.3 | infer=59.8ms track=3.4ms acquire=0.0ms
2026-10-01 10:31:33,973 [INFO] __main__: [prof node:node_03] disp 24.9 fps | acquire=0.1ms render=0.0ms publish=0.0ms
2026-10-01 10:31:33,977 [INFO] __main__: [prof node:node_03]   high>15: 79 frames, objs/frame=46.3, infer=59.8ms
2026-10-01 10:31:34,694 [INFO] __main__: [prof node:node_02] ai 15.4 fps objs/frame=24.3 | infer=60.7ms track=2.0ms acquire=1.8ms
2026-10-01 10:31:34,695 [INFO] __main__: [prof node:node_02] disp 24.1 fps | acquire=0.1ms render=0.0ms publish=0.0ms
2026-10-01 10:31:34,695 [INFO] __main__: [prof node:node_02]   low<10: 1 frames, objs/frame=2.0, infer=74.5ms
2026-10-01 10:31:34,695 [INFO] __main__: [prof node:node_02]   high>15: 77 frames, objs/frame=24.6, infer=60.5ms
2026-10-01 10:31:36,835 [INFO] __main__: [prof node:node_01] ai 12.0 fps objs/frame=37.8 | infer=57.0ms track=2.5ms acquire=23.7ms
2026-10-01 10:31:36,835 [INFO] __main__: [prof node:node_01] disp 12.0 fps | acquire=0.0ms render=0.0ms publish=0.0ms
2026-10-01 10:31:36,835 [INFO] __main__: [prof node:node_01]   high>15: 60 frames, objs/frame=37.8, infer=57.0ms
2026-10-01 10:31:39,031 [INFO] __main__: [prof node:node_03] ai 16.4 fps objs/frame=34.2 | infer=56.3ms track=3.9ms acquire=0.4ms
2026-10-01 10:31:39,031 [INFO] __main__: [prof node:node_03] disp 24.3 fps | acquire=0.0ms render=0.0ms publish=0.0ms
2026-10-01 10:31:39,031 [INFO] __main__: [prof node:node_03]   high>15: 83 frames, objs/frame=34.2, infer=56.3ms
2026-10-01 10:31:39,696 [INFO] __main__: [prof node:node_02] ai 16.8 fps objs/frame=25.9 | infer=57.0ms track=2.1ms acquire=0.2ms
2026-10-01 10:31:39,696 [INFO] __main__: [prof node:node_02] disp 25.0 fps | acquire=0.0ms render=0.0ms publish=0.0ms
2026-10-01 10:31:39,696 [INFO] __main__: [prof node:node_02]   high>15: 84 frames, objs/frame=25.9, infer=57.0ms
2026-10-01 10:31:41,912 [INFO] __main__: [prof node:node_01] ai 12.0 fps objs/frame=38.1 | infer=55.6ms track=2.5ms acquire=24.7ms
2026-10-01 10:31:41,912 [INFO] __main__: [prof node:node_01] disp 12.0 fps | acquire=0.0ms render=0.0ms publish=0.0ms
2026-10-01 10:31:41,912 [INFO] __main__: [prof node:node_01]   high>15: 61 frames, objs/frame=38.1, infer=55.6ms
2026-10-01 10:31:44,057 [INFO] __main__: [prof node:node_03] ai 17.1 fps objs/frame=22.3 | infer=53.3ms track=2.8ms acquire=2.1ms
2026-10-01 10:31:44,057 [INFO] __main__: [prof node:node_03] disp 24.7 fps | acquire=0.0ms render=0.0ms publish=0.0ms
2026-10-01 10:31:44,057 [INFO] __main__: [prof node:node_03]   low<10: 1 frames, objs/frame=0.0, infer=32.9ms
2026-10-01 10:31:44,057 [INFO] __main__: [prof node:node_03]   high>15: 85 frames, objs/frame=22.5, infer=53.5ms
2026-10-01 10:31:44,724 [INFO] __main__: [prof node:node_02] ai 16.9 fps objs/frame=24.9 | infer=54.8ms track=2.1ms acquire=2.0ms
2026-10-01 10:31:44,724 [INFO] __main__: [prof node:node_02] disp 24.4 fps | acquire=0.0ms render=0.0ms publish=0.0ms
2026-10-01 10:31:44,724 [INFO] __main__: [prof node:node_02]   high>15: 85 frames, objs/frame=24.9, infer=54.8ms
2026-10-01 10:31:46,980 [INFO] __main__: [prof node:node_01] ai 12.0 fps objs/frame=39.3 | infer=54.5ms track=2.8ms acquire=25.4ms
2026-10-01 10:31:46,980 [INFO] __main__: [prof node:node_01] disp 12.0 fps | acquire=0.0ms render=0.0ms publish=0.0ms
2026-10-01 10:31:46,980 [INFO] __main__: [prof node:node_01]   high>15: 61 frames, objs/frame=39.3, infer=54.5ms
2026-10-01 10:31:49,073 [INFO] __main__: [prof node:node_03] ai 17.9 fps objs/frame=20.7 | infer=53.3ms track=1.9ms acquire=0.3ms
2026-10-01 10:31:49,074 [INFO] __main__: [prof node:node_03] disp 24.9 fps | acquire=0.0ms render=0.0ms publish=0.0ms
2026-10-01 10:31:49,074 [INFO] __main__: [prof node:node_03]   high>15: 84 frames, objs/frame=21.1, infer=53.4ms
2026-10-01 10:31:49,731 [INFO] __main__: [prof node:node_02] ai 18.4 fps objs/frame=27.6 | infer=51.3ms track=2.1ms acquire=0.7ms
2026-10-01 10:31:49,731 [INFO] __main__: [prof node:node_02] disp 24.8 fps | acquire=0.0ms render=0.0ms publish=0.0ms
2026-10-01 10:31:49,731 [INFO] __main__: [prof node:node_02]   high>15: 92 frames, objs/frame=27.6, infer=51.3ms
2026-10-01 10:31:51,994 [INFO] __main__: [prof node:node_01] ai 12.0 fps objs/frame=36.4 | infer=52.2ms track=2.5ms acquire=28.4ms
2026-10-01 10:31:51,994 [INFO] __main__: [prof node:node_01] disp 12.0 fps | acquire=0.0ms render=0.0ms publish=0.0ms
2026-10-01 10:31:51,994 [INFO] __main__: [prof node:node_01]   high>15: 60 frames, objs/frame=36.4, infer=52.2ms
2026-10-01 10:31:54,119 [INFO] __main__: [prof node:node_03] ai 18.2 fps objs/frame=19.0 | infer=52.4ms track=1.3ms acquire=0.9ms
2026-10-01 10:31:54,119 [INFO] __main__: [prof node:node_03] disp 24.7 fps | acquire=0.0ms render=0.0ms publish=0.0ms
2026-10-01 10:31:54,119 [INFO] __main__: [prof node:node_03]   high>15: 77 frames, objs/frame=19.9, infer=52.5ms
2026-10-01 10:31:54,778 [INFO] __main__: [prof node:node_02] ai 18.0 fps objs/frame=29.4 | infer=51.7ms track=2.4ms acquire=1.0ms
2026-10-01 10:31:54,779 [INFO] __main__: [prof node:node_02] disp 24.6 fps | acquire=0.0ms render=0.0ms publish=0.0ms
2026-10-01 10:31:54,779 [INFO] __main__: [prof node:node_02]   low<10: 1 frames, objs/frame=0.0, infer=48.9ms
2026-10-01 10:31:54,779 [INFO] __main__: [prof node:node_02]   high>15: 90 frames, objs/frame=29.7, infer=51.8ms
2026-10-01 10:31:57,005 [INFO] __main__: [prof node:node_01] ai 12.0 fps objs/frame=37.5 | infer=53.8ms track=2.6ms acquire=26.7ms
2026-10-01 10:31:57,005 [INFO] __main__: [prof node:node_01] disp 12.0 fps | acquire=0.0ms render=0.0ms publish=0.0ms
2026-10-01 10:31:57,007 [INFO] __main__: [prof node:node_01]   high>15: 60 frames, objs/frame=37.5, infer=53.8ms
2026-10-01 10:31:59,140 [INFO] __main__: [prof node:node_03] ai 17.5 fps objs/frame=26.3 | infer=54.9ms track=1.8ms acquire=0.1ms
2026-10-01 10:31:59,145 [INFO] __main__: [prof node:node_03] disp 24.7 fps | acquire=0.0ms render=0.0ms publish=0.0ms
2026-10-01 10:31:59,145 [INFO] __main__: [prof node:node_03]   high>15: 88 frames, objs/frame=26.3, infer=54.9ms
2026-10-01 10:31:59,807 [INFO] __main__: [prof node:node_02] ai 17.5 fps objs/frame=28.0 | infer=54.8ms track=1.8ms acquire=0.2ms
2026-10-01 10:31:59,807 [INFO] __main__: [prof node:node_02] disp 24.8 fps | acquire=0.0ms render=0.0ms publish=0.0ms
2026-10-01 10:31:59,807 [INFO] __main__: [prof node:node_02]   low<10: 1 frames, objs/frame=0.0, infer=58.6ms
2026-10-01 10:31:59,807 [INFO] __main__: [prof node:node_02]   high>15: 87 frames, objs/frame=28.4, infer=54.8ms
2026-10-01 10:32:02,098 [INFO] __main__: [prof node:node_01] ai 12.0 fps objs/frame=34.4 | infer=52.2ms track=2.5ms acquire=28.2ms
2026-10-01 10:32:02,098 [INFO] __main__: [prof node:node_01] disp 12.0 fps | acquire=0.0ms render=0.0ms publish=0.0ms
2026-10-01 10:32:02,098 [INFO] __main__: [prof node:node_01]   high>15: 61 frames, objs/frame=34.4, infer=52.2ms
2026-10-01 10:32:04,181 [INFO] __main__: [prof node:node_03] ai 18.4 fps objs/frame=26.3 | infer=51.7ms track=2.1ms acquire=0.2ms
2026-10-01 10:32:04,181 [INFO] __main__: [prof node:node_03] disp 24.8 fps | acquire=0.0ms render=0.0ms publish=0.0ms
2026-10-01 10:32:04,188 [INFO] __main__: [prof node:node_03]   high>15: 93 frames, objs/frame=26.3, infer=51.7ms
2026-10-01 10:32:04,919 [INFO] __main__: [prof node:node_02] ai 18.0 fps objs/frame=23.1 | infer=51.6ms track=1.8ms acquire=1.9ms
2026-10-01 10:32:04,919 [INFO] __main__: [prof node:node_02] disp 24.4 fps | acquire=0.0ms render=0.0ms publish=0.0ms
2026-10-01 10:32:04,929 [INFO] __main__: [prof node:node_02]   low<10: 1 frames, objs/frame=0.0, infer=53.8ms
2026-10-01 10:32:04,929 [INFO] __main__: [prof node:node_02]   high>15: 91 frames, objs/frame=23.3, infer=51.6ms
2026-10-01 10:32:07,157 [INFO] __main__: [prof node:node_01] ai 12.1 fps objs/frame=34.1 | infer=52.0ms track=2.3ms acquire=28.2ms
2026-10-01 10:32:07,158 [INFO] __main__: [prof node:node_01] disp 12.1 fps | acquire=0.0ms render=0.0ms publish=0.0ms
2026-10-01 10:32:07,158 [INFO] __main__: [prof node:node_01]   high>15: 60 frames, objs/frame=34.5, infer=52.1ms
2026-10-01 10:32:09,188 [INFO] __main__: [prof node:node_03] ai 18.8 fps objs/frame=21.4 | infer=50.4ms track=1.8ms acquire=0.7ms
2026-10-01 10:32:09,189 [INFO] __main__: [prof node:node_03] disp 25.2 fps | acquire=0.0ms render=0.0ms publish=0.0ms
2026-10-01 10:32:09,189 [INFO] __main__: [prof node:node_03]   low<10: 1 frames, objs/frame=0.0, infer=38.3ms
2026-10-01 10:32:09,189 [INFO] __main__: [prof node:node_03]   high>15: 93 frames, objs/frame=21.6, infer=50.6ms
2026-10-01 10:32:09,941 [INFO] __main__: [prof node:node_02] ai 18.5 fps objs/frame=27.2 | infer=51.4ms track=1.9ms acquire=0.3ms
2026-10-01 10:32:09,941 [INFO] __main__: [prof node:node_02] disp 24.9 fps | acquire=0.0ms render=0.0ms publish=0.0ms
2026-10-01 10:32:09,941 [INFO] __main__: [prof node:node_02]   low<10: 1 frames, objs/frame=0.0, infer=59.3ms
2026-10-01 10:32:09,941 [INFO] __main__: [prof node:node_02]   high>15: 91 frames, objs/frame=27.6, infer=51.6ms
2026-10-01 10:32:12,162 [INFO] __main__: [prof node:node_01] ai 12.0 fps objs/frame=39.7 | infer=53.4ms track=2.3ms acquire=27.2ms
2026-10-01 10:32:12,162 [INFO] __main__: [prof node:node_01] disp 12.0 fps | acquire=0.0ms render=0.0ms publish=0.0ms
2026-10-01 10:32:12,162 [INFO] __main__: [prof node:node_01]   high>15: 60 frames, objs/frame=39.7, infer=53.4ms
2026-10-01 10:32:14,202 [INFO] __main__: [prof node:node_03] ai 16.9 fps objs/frame=21.6 | infer=56.4ms track=1.8ms acquire=0.5ms
2026-10-01 10:32:14,208 [INFO] __main__: [prof node:node_03] disp 24.7 fps | acquire=0.1ms render=0.0ms publish=0.0ms
2026-10-01 10:32:14,209 [INFO] __main__: [prof node:node_03]   high>15: 85 frames, objs/frame=21.6, infer=56.4ms
2026-10-01 10:32:14,945 [INFO] __main__: [prof node:node_02] ai 17.0 fps objs/frame=31.6 | infer=55.6ms track=2.2ms acquire=0.7ms
2026-10-01 10:32:14,946 [INFO] __main__: [prof node:node_02] disp 24.6 fps | acquire=0.0ms render=0.0ms publish=0.0ms
2026-10-01 10:32:14,946 [INFO] __main__: [prof node:node_02]   high>15: 85 frames, objs/frame=31.6, infer=55.6ms
2026-10-01 10:32:17,161 [INFO] __main__: [prof node:node_01] ai 12.0 fps objs/frame=39.0 | infer=54.2ms track=2.5ms acquire=26.1ms
2026-10-01 10:32:17,161 [INFO] __main__: [prof node:node_01] disp 12.0 fps | acquire=0.0ms render=0.0ms publish=0.0ms
2026-10-01 10:32:17,161 [INFO] __main__: [prof node:node_01]   high>15: 60 frames, objs/frame=39.0, infer=54.2ms
2026-10-01 10:32:19,210 [INFO] __main__: [prof node:node_03] ai 17.6 fps objs/frame=21.6 | infer=53.3ms track=1.6ms acquire=1.7ms
2026-10-01 10:32:19,210 [INFO] __main__: [prof node:node_03] disp 24.8 fps | acquire=0.0ms render=0.0ms publish=0.0ms
2026-10-01 10:32:19,210 [INFO] __main__: [prof node:node_03]   high>15: 83 frames, objs/frame=22.0, infer=53.1ms
2026-10-01 10:32:19,972 [INFO] __main__: [prof node:node_02] ai 17.3 fps objs/frame=32.7 | infer=53.9ms track=2.1ms acquire=1.4ms
2026-10-01 10:32:19,972 [INFO] __main__: [prof node:node_02] disp 24.7 fps | acquire=0.0ms render=0.0ms publish=0.0ms
2026-10-01 10:32:19,972 [INFO] __main__: [prof node:node_02]   high>15: 87 frames, objs/frame=32.7, infer=53.9ms
2026-10-01 10:32:22,239 [INFO] __main__: [prof node:node_01] ai 12.0 fps objs/frame=40.6 | infer=56.7ms track=3.3ms acquire=22.7ms
2026-10-01 10:32:22,239 [INFO] __main__: [prof node:node_01] disp 12.0 fps | acquire=0.0ms render=0.0ms publish=0.0ms
2026-10-01 10:32:22,239 [INFO] __main__: [prof node:node_01]   high>15: 61 frames, objs/frame=40.6, infer=56.7ms
2026-10-01 10:32:24,258 [INFO] __main__: [prof node:node_03] ai 16.4 fps objs/frame=24.7 | infer=57.7ms track=2.0ms acquire=0.9ms
2026-10-01 10:32:24,258 [INFO] __main__: [prof node:node_03] disp 24.6 fps | acquire=0.0ms render=0.0ms publish=0.0ms
2026-10-01 10:32:24,258 [INFO] __main__: [prof node:node_03]   low<10: 1 frames, objs/frame=0.0, infer=38.6ms
2026-10-01 10:32:24,258 [INFO] __main__: [prof node:node_03]   high>15: 82 frames, objs/frame=25.0, infer=57.9ms
2026-10-01 10:32:25,014 [INFO] __main__: [prof node:node_02] ai 16.5 fps objs/frame=30.1 | infer=58.1ms track=2.0ms acquire=0.3ms
2026-10-01 10:32:25,014 [INFO] __main__: [prof node:node_02] disp 25.0 fps | acquire=0.1ms render=0.0ms publish=0.0ms
2026-10-01 10:32:25,014 [INFO] __main__: [prof node:node_02]   low<10: 1 frames, objs/frame=6.0, infer=54.2ms
2026-10-01 10:32:25,014 [INFO] __main__: [prof node:node_02]   high>15: 82 frames, objs/frame=30.4, infer=58.2ms
2026-10-01 10:32:27,250 [INFO] __main__: [prof node:node_01] ai 12.0 fps objs/frame=46.1 | infer=56.3ms track=2.8ms acquire=23.9ms
2026-10-01 10:32:27,251 [INFO] __main__: [prof node:node_01] disp 12.0 fps | acquire=0.0ms render=0.0ms publish=0.0ms
2026-10-01 10:32:27,251 [INFO] __main__: [prof node:node_01]   high>15: 60 frames, objs/frame=46.1, infer=56.3ms
2026-10-01 10:32:29,277 [INFO] __main__: [prof node:node_03] ai 16.9 fps objs/frame=22.8 | infer=55.5ms track=2.4ms acquire=0.9ms
2026-10-01 10:32:29,277 [INFO] __main__: [prof node:node_03] disp 24.7 fps | acquire=0.0ms render=0.0ms publish=0.0ms
2026-10-01 10:32:29,277 [INFO] __main__: [prof node:node_03]   high>15: 85 frames, objs/frame=22.8, infer=55.5ms
2026-10-01 10:32:30,029 [INFO] __main__: [prof node:node_02] ai 16.8 fps objs/frame=29.5 | infer=55.3ms track=1.8ms acquire=2.2ms
2026-10-01 10:32:30,029 [INFO] __main__: [prof node:node_02] disp 24.1 fps | acquire=0.1ms render=0.0ms publish=0.0ms
2026-10-01 10:32:30,029 [INFO] __main__: [prof node:node_02]   low<10: 1 frames, objs/frame=0.0, infer=56.9ms
2026-10-01 10:32:30,029 [INFO] __main__: [prof node:node_02]   high>15: 83 frames, objs/frame=29.9, infer=55.3ms
2026-10-01 10:32:32,264 [INFO] __main__: [prof node:node_01] ai 12.0 fps objs/frame=50.6 | infer=57.0ms track=3.2ms acquire=22.9ms
2026-10-01 10:32:32,264 [INFO] __main__: [prof node:node_01] disp 12.0 fps | acquire=0.0ms render=0.0ms publish=0.0ms
2026-10-01 10:32:32,264 [INFO] __main__: [prof node:node_01]   high>15: 60 frames, objs/frame=50.6, infer=57.0ms
2026-10-01 10:32:34,306 [INFO] __main__: [prof node:node_03] ai 15.5 fps objs/frame=23.4 | infer=61.1ms track=2.1ms acquire=1.1ms
2026-10-01 10:32:34,306 [INFO] __main__: [prof node:node_03] disp 24.4 fps | acquire=0.1ms render=0.0ms publish=0.0ms
2026-10-01 10:32:34,306 [INFO] __main__: [prof node:node_03]   low<10: 1 frames, objs/frame=3.0, infer=69.4ms
2026-10-01 10:32:34,306 [INFO] __main__: [prof node:node_03]   high>15: 76 frames, objs/frame=23.8, infer=61.1ms
2026-10-01 10:32:35,069 [INFO] __main__: [prof node:node_02] ai 15.3 fps objs/frame=31.1 | infer=63.0ms track=2.0ms acquire=0.2ms
2026-10-01 10:32:35,069 [INFO] __main__: [prof node:node_02] disp 24.8 fps | acquire=0.1ms render=0.0ms publish=0.0ms
2026-10-01 10:32:35,069 [INFO] __main__: [prof node:node_02]   high>15: 77 frames, objs/frame=31.1, infer=63.0ms
2026-10-01 10:32:37,344 [INFO] __main__: [prof node:node_01] ai 12.0 fps objs/frame=51.4 | infer=61.7ms track=3.8ms acquire=17.3ms
2026-10-01 10:32:37,345 [INFO] __main__: [prof node:node_01] disp 12.0 fps | acquire=0.0ms render=0.0ms publish=0.0ms
2026-10-01 10:32:37,346 [INFO] __main__: [prof node:node_01]   high>15: 61 frames, objs/frame=51.4, infer=61.7ms
2026-10-01 10:32:39,356 [INFO] __main__: [prof node:node_03] ai 15.5 fps objs/frame=33.5 | infer=61.8ms track=2.6ms acquire=0.0ms
2026-10-01 10:32:39,356 [INFO] __main__: [prof node:node_03] disp 24.8 fps | acquire=0.1ms render=0.0ms publish=0.0ms
2026-10-01 10:32:39,356 [INFO] __main__: [prof node:node_03]   high>15: 78 frames, objs/frame=33.5, infer=61.8ms
2026-10-01 10:32:40,145 [INFO] __main__: [prof node:node_02] ai 15.8 fps objs/frame=32.4 | infer=60.7ms track=1.9ms acquire=0.5ms
2026-10-01 10:32:40,145 [INFO] __main__: [prof node:node_02] disp 24.4 fps | acquire=0.1ms render=0.0ms publish=0.0ms
2026-10-01 10:32:40,147 [INFO] __main__: [prof node:node_02]   high>15: 80 frames, objs/frame=32.4, infer=60.7ms
2026-10-01 10:32:42,347 [INFO] __main__: [prof node:node_01] ai 12.0 fps objs/frame=46.1 | infer=60.9ms track=2.9ms acquire=19.2ms
2026-10-01 10:32:42,353 [INFO] __main__: [prof node:node_01] disp 12.0 fps | acquire=0.0ms render=0.0ms publish=0.0ms
2026-10-01 10:32:42,353 [INFO] __main__: [prof node:node_01]   low<10: 1 frames, objs/frame=9.0, infer=63.3ms
2026-10-01 10:32:42,354 [INFO] __main__: [prof node:node_01]   high>15: 59 frames, objs/frame=46.7, infer=60.9ms
2026-10-01 10:32:44,374 [INFO] __main__: [prof node:node_03] ai 14.1 fps objs/frame=39.8 | infer=66.7ms track=2.9ms acquire=0.7ms
2026-10-01 10:32:44,374 [INFO] __main__: [prof node:node_03] disp 24.5 fps | acquire=0.1ms render=0.0ms publish=0.0ms
2026-10-01 10:32:44,374 [INFO] __main__: [prof node:node_03]   high>15: 71 frames, objs/frame=39.8, infer=66.7ms
2026-10-01 10:32:45,146 [INFO] __main__: [prof node:node_02] ai 14.2 fps objs/frame=35.5 | infer=68.1ms track=2.0ms acquire=0.0ms
2026-10-01 10:32:45,146 [INFO] __main__: [prof node:node_02] disp 25.0 fps | acquire=0.1ms render=0.0ms publish=0.0ms
2026-10-01 10:32:45,152 [INFO] __main__: [prof node:node_02]   high>15: 71 frames, objs/frame=35.5, infer=68.1ms
2026-10-01 10:32:47,423 [INFO] __main__: [prof node:node_01] ai 12.0 fps objs/frame=45.3 | infer=65.8ms track=2.9ms acquire=14.0ms
2026-10-01 10:32:47,423 [INFO] __main__: [prof node:node_01] disp 12.0 fps | acquire=0.0ms render=0.0ms publish=0.0ms
2026-10-01 10:32:47,423 [INFO] __main__: [prof node:node_01]   high>15: 61 frames, objs/frame=45.3, infer=65.8ms
2026-10-01 10:32:49,430 [INFO] __main__: [prof node:node_03] ai 13.8 fps objs/frame=44.3 | infer=68.4ms track=3.5ms acquire=0.0ms
2026-10-01 10:32:49,430 [INFO] __main__: [prof node:node_03] disp 24.9 fps | acquire=0.1ms render=0.0ms publish=0.0ms
2026-10-01 10:32:49,430 [INFO] __main__: [prof node:node_03]   high>15: 70 frames, objs/frame=44.3, infer=68.4ms
2026-10-01 10:32:50,214 [INFO] __main__: [prof node:node_02] ai 13.6 fps objs/frame=37.3 | infer=70.2ms track=2.4ms acquire=0.4ms
2026-10-01 10:32:50,215 [INFO] __main__: [prof node:node_02] disp 24.7 fps | acquire=0.1ms render=0.0ms publish=0.0ms
2026-10-01 10:32:50,215 [INFO] __main__: [prof node:node_02]   high>15: 69 frames, objs/frame=37.3, infer=70.2ms
2026-10-01 10:32:52,437 [INFO] __main__: [prof node:node_01] ai 12.0 fps objs/frame=44.8 | infer=65.4ms track=2.6ms acquire=15.0ms
2026-10-01 10:32:52,437 [INFO] __main__: [prof node:node_01] disp 12.0 fps | acquire=0.0ms render=0.0ms publish=0.0ms
2026-10-01 10:32:52,437 [INFO] __main__: [prof node:node_01]   high>15: 60 frames, objs/frame=44.8, infer=65.4ms
2026-10-01 10:32:54,450 [INFO] __main__: [prof node:node_03] ai 13.9 fps objs/frame=40.6 | infer=67.0ms track=3.1ms acquire=1.3ms
2026-10-01 10:32:54,450 [INFO] __main__: [prof node:node_03] disp 24.1 fps | acquire=0.1ms render=0.0ms publish=0.0ms
2026-10-01 10:32:54,450 [INFO] __main__: [prof node:node_03]   high>15: 70 frames, objs/frame=40.6, infer=67.0ms
2026-10-01 10:32:55,275 [INFO] __main__: [prof node:node_02] ai 14.0 fps objs/frame=35.7 | infer=66.8ms track=2.4ms acquire=1.7ms
2026-10-01 10:32:55,275 [INFO] __main__: [prof node:node_02] disp 24.1 fps | acquire=0.1ms render=0.0ms publish=0.0ms
2026-10-01 10:32:55,276 [INFO] __main__: [prof node:node_02]   high>15: 71 frames, objs/frame=35.7, infer=66.8ms
2026-10-01 10:32:57,520 [INFO] __main__: [prof node:node_01] ai 12.0 fps objs/frame=44.8 | infer=63.5ms track=3.1ms acquire=16.3ms
2026-10-01 10:32:57,520 [INFO] __main__: [prof node:node_01] disp 12.2 fps | acquire=0.0ms render=0.0ms publish=0.0ms
2026-10-01 10:32:57,520 [INFO] __main__: [prof node:node_01]   high>15: 61 frames, objs/frame=44.8, infer=63.5ms
2026-10-01 10:32:59,488 [INFO] __main__: [prof node:node_03] ai 14.9 fps objs/frame=37.4 | infer=62.6ms track=2.6ms acquire=1.7ms
2026-10-01 10:32:59,488 [INFO] __main__: [prof node:node_03] disp 24.2 fps | acquire=0.0ms render=0.0ms publish=0.0ms
2026-10-01 10:32:59,488 [INFO] __main__: [prof node:node_03]   high>15: 75 frames, objs/frame=37.4, infer=62.6ms
2026-10-01 10:33:00,290 [INFO] __main__: [prof node:node_02] ai 15.1 fps objs/frame=35.0 | infer=61.5ms track=2.5ms acquire=1.7ms
2026-10-01 10:33:00,294 [INFO] __main__: [prof node:node_02] disp 23.9 fps | acquire=0.0ms render=0.0ms publish=0.0ms
2026-10-01 10:33:00,294 [INFO] __main__: [prof node:node_02]   high>15: 76 frames, objs/frame=35.0, infer=61.5ms
2026-10-01 10:33:02,572 [INFO] __main__: [prof node:node_01] ai 12.1 fps objs/frame=52.1 | infer=61.8ms track=3.6ms acquire=17.0ms
2026-10-01 10:33:02,575 [INFO] __main__: [prof node:node_01] disp 11.9 fps | acquire=0.0ms render=0.0ms publish=0.0ms
2026-10-01 10:33:02,575 [INFO] __main__: [prof node:node_01]   low<10: 1 frames, objs/frame=0.0, infer=54.7ms
2026-10-01 10:33:02,576 [INFO] __main__: [prof node:node_01]   high>15: 60 frames, objs/frame=52.9, infer=61.9ms
2026-10-01 10:33:04,555 [INFO] __main__: [prof node:node_03] ai 14.2 fps objs/frame=33.4 | infer=67.7ms track=2.3ms acquire=0.2ms
2026-10-01 10:33:04,555 [INFO] __main__: [prof node:node_03] disp 24.9 fps | acquire=0.0ms render=0.0ms publish=0.0ms
2026-10-01 10:33:04,555 [INFO] __main__: [prof node:node_03]   low<10: 1 frames, objs/frame=3.0, infer=70.0ms
2026-10-01 10:33:04,555 [INFO] __main__: [prof node:node_03]   high>15: 71 frames, objs/frame=33.8, infer=67.7ms
2026-10-01 10:33:05,297 [INFO] __main__: [prof node:node_02] ai 14.4 fps objs/frame=35.4 | infer=66.4ms track=2.1ms acquire=0.7ms
2026-10-01 10:33:05,297 [INFO] __main__: [prof node:node_02] disp 24.6 fps | acquire=0.0ms render=0.0ms publish=0.0ms
2026-10-01 10:33:05,297 [INFO] __main__: [prof node:node_02]   high>15: 72 frames, objs/frame=35.4, infer=66.4ms
2026-10-01 10:33:07,681 [INFO] __main__: [prof node:node_01] ai 11.9 fps objs/frame=53.2 | infer=62.0ms track=3.6ms acquire=17.7ms
2026-10-01 10:33:07,681 [INFO] __main__: [prof node:node_01] disp 11.9 fps | acquire=0.0ms render=0.0ms publish=0.0ms
2026-10-01 10:33:07,681 [INFO] __main__: [prof node:node_01]   high>15: 61 frames, objs/frame=53.2, infer=62.0ms
2026-10-01 10:33:09,561 [INFO] __main__: [prof node:node_03] ai 15.0 fps objs/frame=35.1 | infer=62.4ms track=2.0ms acquire=2.1ms
2026-10-01 10:33:09,561 [INFO] __main__: [prof node:node_03] disp 24.2 fps | acquire=0.0ms render=0.0ms publish=0.0ms
2026-10-01 10:33:09,561 [INFO] __main__: [prof node:node_03]   low<10: 1 frames, objs/frame=8.0, infer=66.7ms
2026-10-01 10:33:09,561 [INFO] __main__: [prof node:node_03]   high>15: 74 frames, objs/frame=35.5, infer=62.3ms
2026-10-01 10:33:10,305 [INFO] __main__: [prof node:node_02] ai 15.2 fps objs/frame=32.7 | infer=63.0ms track=2.1ms acquire=0.5ms
2026-10-01 10:33:10,305 [INFO] __main__: [prof node:node_02] disp 24.6 fps | acquire=0.0ms render=0.0ms publish=0.0ms
2026-10-01 10:33:10,305 [INFO] __main__: [prof node:node_02]   high>15: 76 frames, objs/frame=32.7, infer=63.0ms
2026-10-01 10:33:12,769 [INFO] __main__: [prof node:node_01] ai 12.0 fps objs/frame=51.5 | infer=62.0ms track=3.1ms acquire=17.9ms
2026-10-01 10:33:12,771 [INFO] __main__: [prof node:node_01] disp 12.2 fps | acquire=0.0ms render=0.0ms publish=0.0ms
2026-10-01 10:33:12,771 [INFO] __main__: [prof node:node_01]   high>15: 61 frames, objs/frame=51.5, infer=62.0ms
2026-10-01 10:33:14,560 [INFO] __main__: [prof node:node_03] ai 14.4 fps objs/frame=39.3 | infer=65.6ms track=2.6ms acquire=1.1ms
2026-10-01 10:33:14,570 [INFO] __main__: [prof node:node_03] disp 24.2 fps | acquire=0.0ms render=0.0ms publish=0.0ms
2026-10-01 10:33:14,570 [INFO] __main__: [prof node:node_03]   high>15: 71 frames, objs/frame=39.7, infer=65.7ms
2026-10-01 10:33:15,346 [INFO] __main__: [prof node:node_02] ai 14.3 fps objs/frame=34.7 | infer=66.4ms track=2.2ms acquire=1.0ms
2026-10-01 10:33:15,346 [INFO] __main__: [prof node:node_02] disp 24.4 fps | acquire=0.0ms render=0.0ms publish=0.0ms
2026-10-01 10:33:15,346 [INFO] __main__: [prof node:node_02]   high>15: 72 frames, objs/frame=34.7, infer=66.4ms
2026-10-01 10:33:17,832 [INFO] __main__: [prof node:node_01] ai 12.0 fps objs/frame=48.7 | infer=62.0ms track=2.7ms acquire=18.0ms
2026-10-01 10:33:17,832 [INFO] __main__: [prof node:node_01] disp 11.8 fps | acquire=0.0ms render=0.0ms publish=0.0ms
2026-10-01 10:33:17,832 [INFO] __main__: [prof node:node_01]   high>15: 61 frames, objs/frame=48.7, infer=62.0ms
2026-10-01 10:33:19,623 [INFO] __main__: [prof node:node_03] ai 15.2 fps objs/frame=34.4 | infer=61.9ms track=3.3ms acquire=0.1ms
2026-10-01 10:33:19,623 [INFO] __main__: [prof node:node_03] disp 24.9 fps | acquire=0.0ms render=0.0ms publish=0.0ms
2026-10-01 10:33:19,623 [INFO] __main__: [prof node:node_03]   high>15: 77 frames, objs/frame=34.4, infer=61.9ms
2026-10-01 10:33:20,370 [INFO] __main__: [prof node:node_02] ai 14.9 fps objs/frame=33.7 | infer=62.5ms track=2.6ms acquire=1.5ms
2026-10-01 10:33:20,370 [INFO] __main__: [prof node:node_02] disp 24.5 fps | acquire=0.0ms render=0.0ms publish=0.0ms
2026-10-01 10:33:20,370 [INFO] __main__: [prof node:node_02]   high>15: 75 frames, objs/frame=33.7, infer=62.5ms
2026-10-01 10:33:22,832 [INFO] __main__: [prof node:node_01] ai 12.0 fps objs/frame=45.2 | infer=57.7ms track=3.1ms acquire=22.2ms
2026-10-01 10:33:22,838 [INFO] __main__: [prof node:node_01] disp 12.0 fps | acquire=0.0ms render=0.0ms publish=0.0ms
2026-10-01 10:33:22,838 [INFO] __main__: [prof node:node_01]   high>15: 60 frames, objs/frame=45.2, infer=57.7ms
2026-10-01 10:33:24,634 [INFO] __main__: [prof node:node_03] ai 17.1 fps objs/frame=19.2 | infer=54.5ms track=2.5ms acquire=1.1ms
2026-10-01 10:33:24,634 [INFO] __main__: [prof node:node_03] disp 24.3 fps | acquire=0.0ms render=0.0ms publish=0.0ms
2026-10-01 10:33:24,644 [INFO] __main__: [prof node:node_03]   high>15: 58 frames, objs/frame=22.0, infer=56.4ms
2026-10-01 10:33:25,436 [INFO] __main__: [prof node:node_02] ai 16.4 fps objs/frame=33.8 | infer=56.6ms track=2.2ms acquire=2.0ms
2026-10-01 10:33:25,436 [INFO] __main__: [prof node:node_02] disp 24.5 fps | acquire=0.0ms render=0.0ms publish=0.0ms
2026-10-01 10:33:25,436 [INFO] __main__: [prof node:node_02]   low<10: 1 frames, objs/frame=0.0, infer=55.0ms
2026-10-01 10:33:25,436 [INFO] __main__: [prof node:node_02]   high>15: 82 frames, objs/frame=34.2, infer=56.6ms
2026-10-01 10:33:27,852 [INFO] __main__: [prof node:node_01] ai 12.0 fps objs/frame=45.9 | infer=54.5ms track=3.4ms acquire=25.3ms
2026-10-01 10:33:27,852 [INFO] __main__: [prof node:node_01] disp 12.2 fps | acquire=0.0ms render=0.0ms publish=0.0ms
2026-10-01 10:33:27,852 [INFO] __main__: [prof node:node_01]   high>15: 60 frames, objs/frame=45.9, infer=54.5ms
2026-10-01 10:33:29,677 [INFO] __main__: [prof node:node_03] ai 16.1 fps objs/frame=15.6 | infer=58.6ms track=1.7ms acquire=1.6ms
2026-10-01 10:33:29,678 [INFO] __main__: [prof node:node_03] disp 24.4 fps | acquire=0.0ms render=0.0ms publish=0.0ms
2026-10-01 10:33:29,678 [INFO] __main__: [prof node:node_03]   low<10: 1 frames, objs/frame=0.0, infer=57.1ms
2026-10-01 10:33:29,680 [INFO] __main__: [prof node:node_03]   high>15: 43 frames, objs/frame=17.8, infer=57.8ms
2026-10-01 10:33:30,456 [INFO] __main__: [prof node:node_02] ai 16.5 fps objs/frame=35.7 | infer=56.5ms track=2.8ms acquire=0.8ms
2026-10-01 10:33:30,456 [INFO] __main__: [prof node:node_02] disp 24.7 fps | acquire=0.0ms render=0.0ms publish=0.0ms
2026-10-01 10:33:30,456 [INFO] __main__: [prof node:node_02]   low<10: 1 frames, objs/frame=0.0, infer=66.0ms
2026-10-01 10:33:30,456 [INFO] __main__: [prof node:node_02]   high>15: 82 frames, objs/frame=36.2, infer=56.4ms
2026-10-01 10:33:32,921 [INFO] __main__: [prof node:node_01] ai 12.0 fps objs/frame=42.6 | infer=54.0ms track=3.6ms acquire=25.1ms
2026-10-01 10:33:32,921 [INFO] __main__: [prof node:node_01] disp 11.8 fps | acquire=0.0ms render=0.0ms publish=0.0ms
2026-10-01 10:33:32,922 [INFO] __main__: [prof node:node_01]   high>15: 61 frames, objs/frame=42.6, infer=54.0ms
2026-10-01 10:33:34,717 [INFO] __main__: [prof node:node_03] ai 17.5 fps objs/frame=14.9 | infer=55.4ms track=1.2ms acquire=0.4ms
2026-10-01 10:33:34,717 [INFO] __main__: [prof node:node_03] disp 25.0 fps | acquire=0.0ms render=0.0ms publish=0.0ms
2026-10-01 10:33:34,717 [INFO] __main__: [prof node:node_03]   low<10: 1 frames, objs/frame=9.0, infer=63.5ms
2026-10-01 10:33:34,717 [INFO] __main__: [prof node:node_03]   high>15: 30 frames, objs/frame=17.3, infer=56.4ms
2026-10-01 10:33:35,470 [INFO] __main__: [prof node:node_02] ai 17.8 fps objs/frame=25.6 | infer=53.1ms track=2.8ms acquire=0.1ms
2026-10-01 10:33:35,470 [INFO] __main__: [prof node:node_02] disp 24.9 fps | acquire=0.0ms render=0.0ms publish=0.0ms
2026-10-01 10:33:35,470 [INFO] __main__: [prof node:node_02]   high>15: 89 frames, objs/frame=25.6, infer=53.1ms
2026-10-01 10:33:37,991 [INFO] __main__: [prof node:node_01] ai 12.0 fps objs/frame=40.1 | infer=52.5ms track=3.5ms acquire=26.7ms
2026-10-01 10:33:37,991 [INFO] __main__: [prof node:node_01] disp 12.0 fps | acquire=0.0ms render=0.0ms publish=0.0ms
2026-10-01 10:33:37,991 [INFO] __main__: [prof node:node_01]   high>15: 61 frames, objs/frame=40.1, infer=52.5ms
2026-10-01 10:33:39,775 [INFO] __main__: [prof node:node_03] ai 18.2 fps objs/frame=9.2 | infer=51.6ms track=1.0ms acquire=2.3ms
2026-10-01 10:33:39,775 [INFO] __main__: [prof node:node_03] disp 24.1 fps | acquire=0.0ms render=0.0ms publish=0.0ms
2026-10-01 10:33:39,775 [INFO] __main__: [prof node:node_03]   low<10: 63 frames, objs/frame=8.2, infer=50.6ms
2026-10-01 10:33:39,775 [INFO] __main__: [prof node:node_03]   high>15: 1 frames, objs/frame=16.0, infer=66.4ms
2026-10-01 10:33:40,533 [INFO] __main__: [prof node:node_02] ai 19.0 fps objs/frame=26.7 | infer=49.0ms track=2.5ms acquire=1.0ms
2026-10-01 10:33:40,534 [INFO] __main__: [prof node:node_02] disp 24.9 fps | acquire=0.0ms render=0.0ms publish=0.0ms
2026-10-01 10:33:40,534 [INFO] __main__: [prof node:node_02]   high>15: 91 frames, objs/frame=27.5, infer=48.9ms
2026-10-01 10:33:43,074 [INFO] __main__: [prof node:node_01] ai 12.0 fps objs/frame=37.7 | infer=49.5ms track=2.7ms acquire=30.6ms
2026-10-01 10:33:43,074 [INFO] __main__: [prof node:node_01] disp 12.0 fps | acquire=0.0ms render=0.0ms publish=0.0ms
2026-10-01 10:33:43,074 [INFO] __main__: [prof node:node_01]   high>15: 61 frames, objs/frame=37.7, infer=49.5ms
2026-10-01 10:33:44,796 [INFO] __main__: [prof node:node_03] ai 20.7 fps objs/frame=12.6 | infer=46.5ms track=1.0ms acquire=0.6ms
2026-10-01 10:33:44,796 [INFO] __main__: [prof node:node_03] disp 24.9 fps | acquire=0.0ms render=0.0ms publish=0.0ms
2026-10-01 10:33:44,796 [INFO] __main__: [prof node:node_03]   low<10: 6 frames, objs/frame=9.0, infer=39.0ms
2026-10-01 10:33:44,796 [INFO] __main__: [prof node:node_03]   high>15: 11 frames, objs/frame=16.6, infer=46.4ms
2026-10-01 10:33:45,539 [INFO] __main__: [prof node:node_02] ai 20.6 fps objs/frame=14.0 | infer=45.0ms track=1.8ms acquire=1.7ms
2026-10-01 10:33:45,539 [INFO] __main__: [prof node:node_02] disp 24.4 fps | acquire=0.0ms render=0.0ms publish=0.0ms
2026-10-01 10:33:45,539 [INFO] __main__: [prof node:node_02]   low<10: 6 frames, objs/frame=8.5, infer=50.2ms
2026-10-01 10:33:45,539 [INFO] __main__: [prof node:node_02]   high>15: 30 frames, objs/frame=18.9, infer=42.6ms
2026-10-01 10:33:48,144 [INFO] __main__: [prof node:node_01] ai 12.0 fps objs/frame=34.6 | infer=45.3ms track=2.5ms acquire=34.9ms
2026-10-01 10:33:48,144 [INFO] __main__: [prof node:node_01] disp 12.0 fps | acquire=0.0ms render=0.0ms publish=0.0ms
2026-10-01 10:33:48,144 [INFO] __main__: [prof node:node_01]   high>15: 61 frames, objs/frame=34.6, infer=45.3ms
2026-10-01 10:33:49,796 [INFO] __main__: [prof node:node_03] ai 20.2 fps objs/frame=18.5 | infer=46.8ms track=1.2ms acquire=1.3ms
2026-10-01 10:33:49,796 [INFO] __main__: [prof node:node_03] disp 24.6 fps | acquire=0.0ms render=0.0ms publish=0.0ms
2026-10-01 10:33:49,796 [INFO] __main__: [prof node:node_03]   low<10: 1 frames, objs/frame=9.0, infer=43.7ms
2026-10-01 10:33:49,796 [INFO] __main__: [prof node:node_03]   high>15: 62 frames, objs/frame=22.3, infer=49.3ms
2026-10-01 10:33:50,544 [INFO] __main__: [prof node:node_02] ai 20.2 fps objs/frame=15.1 | infer=46.9ms track=1.6ms acquire=0.8ms
2026-10-01 10:33:50,544 [INFO] __main__: [prof node:node_02] disp 24.8 fps | acquire=0.0ms render=0.0ms publish=0.0ms
2026-10-01 10:33:50,544 [INFO] __main__: [prof node:node_02]   low<10: 2 frames, objs/frame=9.0, infer=39.1ms
2026-10-01 10:33:50,544 [INFO] __main__: [prof node:node_02]   high>15: 56 frames, objs/frame=17.3, infer=48.2ms
2026-10-01 10:33:53,230 [INFO] __main__: [prof node:node_01] ai 12.0 fps objs/frame=33.2 | infer=48.8ms track=2.5ms acquire=31.8ms
2026-10-01 10:33:53,230 [INFO] __main__: [prof node:node_01] disp 12.0 fps | acquire=0.0ms render=0.0ms publish=0.0ms
2026-10-01 10:33:53,230 [INFO] __main__: [prof node:node_01]   high>15: 61 frames, objs/frame=33.2, infer=48.8ms
2026-10-01 10:33:54,810 [INFO] __main__: [prof node:node_03] ai 19.8 fps objs/frame=27.4 | infer=47.3ms track=1.6ms acquire=1.4ms
2026-10-01 10:33:54,810 [INFO] __main__: [prof node:node_03] disp 24.8 fps | acquire=0.0ms render=0.0ms publish=0.0ms
2026-10-01 10:33:54,810 [INFO] __main__: [prof node:node_03]   high>15: 99 frames, objs/frame=27.4, infer=47.3ms
2026-10-01 10:33:55,562 [INFO] __main__: [prof node:node_02] ai 19.3 fps objs/frame=15.9 | infer=47.4ms track=1.7ms acquire=2.4ms
2026-10-01 10:33:55,562 [INFO] __main__: [prof node:node_02] disp 24.5 fps | acquire=0.0ms render=0.0ms publish=0.0ms
2026-10-01 10:33:55,562 [INFO] __main__: [prof node:node_02]   high>15: 51 frames, objs/frame=17.3, infer=47.9ms
2026-10-01 10:33:58,324 [INFO] __main__: [prof node:node_01] ai 12.0 fps objs/frame=27.9 | infer=49.4ms track=1.8ms acquire=31.9ms
2026-10-01 10:33:58,324 [INFO] __main__: [prof node:node_01] disp 12.0 fps | acquire=0.0ms render=0.0ms publish=0.0ms
2026-10-01 10:33:58,324 [INFO] __main__: [prof node:node_01]   high>15: 61 frames, objs/frame=27.9, infer=49.4ms
2026-10-01 10:33:59,825 [INFO] __main__: [prof node:node_03] ai 18.5 fps objs/frame=34.6 | infer=51.4ms track=1.8ms acquire=0.5ms
2026-10-01 10:33:59,825 [INFO] __main__: [prof node:node_03] disp 24.5 fps | acquire=0.0ms render=0.0ms publish=0.0ms
2026-10-01 10:33:59,825 [INFO] __main__: [prof node:node_03]   low<10: 1 frames, objs/frame=0.0, infer=31.0ms
2026-10-01 10:33:59,825 [INFO] __main__: [prof node:node_03]   high>15: 92 frames, objs/frame=35.0, infer=51.6ms
2026-10-01 10:34:00,579 [INFO] __main__: [prof node:node_02] ai 18.9 fps objs/frame=20.7 | infer=50.5ms track=1.6ms acquire=0.5ms
2026-10-01 10:34:00,579 [INFO] __main__: [prof node:node_02] disp 24.9 fps | acquire=0.0ms render=0.0ms publish=0.0ms
2026-10-01 10:34:00,579 [INFO] __main__: [prof node:node_02]   low<10: 1 frames, objs/frame=3.0, infer=54.8ms
2026-10-01 10:34:00,579 [INFO] __main__: [prof node:node_02]   high>15: 90 frames, objs/frame=21.2, infer=50.8ms
2026-10-01 10:34:03,393 [INFO] __main__: [prof node:node_01] ai 12.0 fps objs/frame=29.2 | infer=51.8ms track=1.8ms acquire=29.1ms
2026-10-01 10:34:03,393 [INFO] __main__: [prof node:node_01] disp 12.0 fps | acquire=0.0ms render=0.0ms publish=0.0ms
2026-10-01 10:34:03,393 [INFO] __main__: [prof node:node_01]   high>15: 61 frames, objs/frame=29.2, infer=51.8ms
2026-10-01 10:34:04,851 [INFO] __main__: [prof node:node_03] ai 18.1 fps objs/frame=42.8 | infer=50.1ms track=2.7ms acquire=2.2ms
2026-10-01 10:34:04,851 [INFO] __main__: [prof node:node_03] disp 24.3 fps | acquire=0.0ms render=0.0ms publish=0.0ms
2026-10-01 10:34:04,851 [INFO] __main__: [prof node:node_03]   high>15: 91 frames, objs/frame=42.8, infer=50.1ms
2026-10-01 10:34:05,615 [INFO] __main__: [prof node:node_02] ai 18.1 fps objs/frame=12.3 | infer=50.9ms track=1.3ms acquire=2.9ms
2026-10-01 10:34:05,615 [INFO] __main__: [prof node:node_02] disp 23.8 fps | acquire=0.0ms render=0.0ms publish=0.0ms
2026-10-01 10:34:05,615 [INFO] __main__: [prof node:node_02]   low<10: 4 frames, objs/frame=7.8, infer=55.2ms
2026-10-01 10:34:05,615 [INFO] __main__: [prof node:node_02]   high>15: 9 frames, objs/frame=17.0, infer=47.8ms
2026-10-01 10:34:08,400 [INFO] __main__: [prof node:node_01] ai 12.0 fps objs/frame=34.7 | infer=51.2ms track=2.2ms acquire=29.6ms
2026-10-01 10:34:08,400 [INFO] __main__: [prof node:node_01] disp 12.0 fps | acquire=0.0ms render=0.0ms publish=0.0ms
2026-10-01 10:34:08,406 [INFO] __main__: [prof node:node_01]   high>15: 60 frames, objs/frame=34.7, infer=51.2ms
2026-10-01 10:34:09,868 [INFO] __main__: [prof node:node_03] ai 16.4 fps objs/frame=45.3 | infer=56.2ms track=3.6ms acquire=1.0ms
2026-10-01 10:34:09,868 [INFO] __main__: [prof node:node_03] disp 24.5 fps | acquire=0.0ms render=0.0ms publish=0.0ms
2026-10-01 10:34:09,868 [INFO] __main__: [prof node:node_03]   high>15: 82 frames, objs/frame=45.3, infer=56.2ms
2026-10-01 10:34:10,641 [INFO] __main__: [prof node:node_02] ai 16.5 fps objs/frame=16.8 | infer=58.4ms track=1.5ms acquire=0.3ms
2026-10-01 10:34:10,642 [INFO] __main__: [prof node:node_02] disp 25.1 fps | acquire=0.0ms render=0.0ms publish=0.0ms
2026-10-01 10:34:10,642 [INFO] __main__: [prof node:node_02]   high>15: 57 frames, objs/frame=17.8, infer=59.4ms
2026-10-01 10:34:13,497 [INFO] __main__: [prof node:node_01] ai 12.0 fps objs/frame=38.1 | infer=55.3ms track=2.6ms acquire=25.2ms
2026-10-01 10:34:13,497 [INFO] __main__: [prof node:node_01] disp 12.0 fps | acquire=0.0ms render=0.0ms publish=0.0ms
2026-10-01 10:34:13,497 [INFO] __main__: [prof node:node_01]   high>15: 61 frames, objs/frame=38.1, infer=55.3ms
2026-10-01 10:34:14,875 [INFO] __main__: [prof node:node_03] ai 16.4 fps objs/frame=41.8 | infer=57.0ms track=3.1ms acquire=0.6ms
2026-10-01 10:34:14,875 [INFO] __main__: [prof node:node_03] disp 24.6 fps | acquire=0.0ms render=0.0ms publish=0.0ms
2026-10-01 10:34:14,875 [INFO] __main__: [prof node:node_03]   high>15: 82 frames, objs/frame=41.8, infer=57.0ms
2026-10-01 10:34:15,684 [INFO] __main__: [prof node:node_02] ai 15.7 fps objs/frame=20.0 | infer=60.7ms track=1.6ms acquire=1.3ms
2026-10-01 10:34:15,684 [INFO] __main__: [prof node:node_02] disp 24.2 fps | acquire=0.0ms render=0.0ms publish=0.0ms
2026-10-01 10:34:15,684 [INFO] __main__: [prof node:node_02]   high>15: 77 frames, objs/frame=20.1, infer=60.6ms
2026-10-01 10:34:18,587 [INFO] __main__: [prof node:node_01] ai 12.0 fps objs/frame=40.4 | infer=57.5ms track=2.7ms acquire=22.8ms
2026-10-01 10:34:18,587 [INFO] __main__: [prof node:node_01] disp 12.0 fps | acquire=0.0ms render=0.0ms publish=0.0ms
2026-10-01 10:34:18,587 [INFO] __main__: [prof node:node_01]   high>15: 61 frames, objs/frame=40.4, infer=57.5ms
2026-10-01 10:34:19,934 [INFO] __main__: [prof node:node_03] ai 15.0 fps objs/frame=38.0 | infer=58.4ms track=3.1ms acquire=4.8ms
2026-10-01 10:34:19,934 [INFO] __main__: [prof node:node_03] disp 23.1 fps | acquire=0.0ms render=0.0ms publish=0.0ms
2026-10-01 10:34:19,934 [INFO] __main__: [prof node:node_03]   high>15: 76 frames, objs/frame=38.0, infer=58.4ms
2026-10-01 10:34:20,712 [INFO] __main__: [prof node:node_02] ai 16.7 fps objs/frame=29.6 | infer=56.0ms track=2.0ms acquire=1.5ms
2026-10-01 10:34:20,712 [INFO] __main__: [prof node:node_02] disp 24.9 fps | acquire=0.0ms render=0.0ms publish=0.0ms
2026-10-01 10:34:20,712 [INFO] __main__: [prof node:node_02]   high>15: 84 frames, objs/frame=29.6, infer=56.0ms
2026-10-01 10:34:23,612 [INFO] __main__: [prof node:node_01] ai 11.9 fps objs/frame=40.8 | infer=54.7ms track=2.7ms acquire=25.9ms
2026-10-01 10:34:23,613 [INFO] __main__: [prof node:node_01] disp 11.9 fps | acquire=0.0ms render=0.0ms publish=0.0ms
2026-10-01 10:34:23,614 [INFO] __main__: [prof node:node_01]   low<10: 1 frames, objs/frame=0.0, infer=43.9ms
2026-10-01 10:34:23,615 [INFO] __main__: [prof node:node_01]   high>15: 59 frames, objs/frame=41.5, infer=54.9ms
2026-10-01 10:34:25,003 [INFO] __main__: [prof node:node_03] ai 16.0 fps objs/frame=37.8 | infer=55.3ms track=2.6ms acquire=4.4ms
2026-10-01 10:34:25,003 [INFO] __main__: [prof node:node_03] disp 23.5 fps | acquire=0.0ms render=0.0ms publish=0.0ms
2026-10-01 10:34:25,003 [INFO] __main__: [prof node:node_03]   high>15: 81 frames, objs/frame=37.8, infer=55.3ms
2026-10-01 10:34:25,754 [INFO] __main__: [prof node:node_02] ai 14.9 fps objs/frame=30.5 | infer=57.2ms track=2.6ms acquire=7.1ms
2026-10-01 10:34:25,754 [INFO] __main__: [prof node:node_02] disp 22.6 fps | acquire=0.0ms render=0.0ms publish=0.0ms
2026-10-01 10:34:25,754 [INFO] __main__: [prof node:node_02]   high>15: 75 frames, objs/frame=30.5, infer=57.2ms
2026-10-01 10:34:28,636 [INFO] __main__: [prof node:node_01] ai 11.9 fps objs/frame=45.1 | infer=59.6ms track=2.7ms acquire=20.9ms
2026-10-01 10:34:28,636 [INFO] __main__: [prof node:node_01] disp 11.9 fps | acquire=0.0ms render=0.0ms publish=0.0ms
2026-10-01 10:34:28,636 [INFO] __main__: [prof node:node_01]   high>15: 60 frames, objs/frame=45.1, infer=59.6ms
2026-10-01 10:34:30,004 [INFO] __main__: [prof node:node_03] ai 14.6 fps objs/frame=42.7 | infer=64.0ms track=2.7ms acquire=1.5ms
2026-10-01 10:34:30,004 [INFO] __main__: [prof node:node_03] disp 24.2 fps | acquire=0.0ms render=0.0ms publish=0.0ms
2026-10-01 10:34:30,004 [INFO] __main__: [prof node:node_03]   high>15: 73 frames, objs/frame=42.7, infer=64.0ms
2026-10-01 10:34:30,753 [INFO] __main__: [prof node:node_02] ai 15.0 fps objs/frame=31.1 | infer=63.2ms track=2.8ms acquire=0.4ms
2026-10-01 10:34:30,753 [INFO] __main__: [prof node:node_02] disp 24.6 fps | acquire=0.0ms render=0.0ms publish=0.0ms
2026-10-01 10:34:30,760 [INFO] __main__: [prof node:node_02]   high>15: 75 frames, objs/frame=31.1, infer=63.2ms
2026-10-01 10:34:33,683 [INFO] __main__: [prof node:node_01] ai 12.1 fps objs/frame=48.1 | infer=61.6ms track=2.3ms acquire=18.5ms
2026-10-01 10:34:33,684 [INFO] __main__: [prof node:node_01] disp 12.1 fps | acquire=0.0ms render=0.0ms publish=0.0ms
2026-10-01 10:34:33,684 [INFO] __main__: [prof node:node_01]   high>15: 61 frames, objs/frame=48.1, infer=61.6ms
2026-10-01 10:34:35,059 [INFO] __main__: [prof node:node_03] ai 15.2 fps objs/frame=43.4 | infer=62.5ms track=2.7ms acquire=0.1ms
2026-10-01 10:34:35,059 [INFO] __main__: [prof node:node_03] disp 24.7 fps | acquire=0.0ms render=0.0ms publish=0.0ms
2026-10-01 10:34:35,059 [INFO] __main__: [prof node:node_03]   high>15: 77 frames, objs/frame=43.4, infer=62.5ms
2026-10-01 10:34:35,774 [INFO] __main__: [prof node:node_02] ai 15.3 fps objs/frame=27.1 | infer=62.2ms track=2.1ms acquire=0.5ms
2026-10-01 10:34:35,774 [INFO] __main__: [prof node:node_02] disp 24.5 fps | acquire=0.0ms render=0.0ms publish=0.0ms
2026-10-01 10:34:35,774 [INFO] __main__: [prof node:node_02]   high>15: 77 frames, objs/frame=27.1, infer=62.2ms
2026-10-01 10:34:38,710 [INFO] __main__: [prof node:node_01] ai 11.9 fps objs/frame=44.6 | infer=58.4ms track=2.6ms acquire=22.4ms
2026-10-01 10:34:38,710 [INFO] __main__: [prof node:node_01] disp 11.9 fps | acquire=0.0ms render=0.0ms publish=0.0ms
2026-10-01 10:34:38,710 [INFO] __main__: [prof node:node_01]   low<10: 1 frames, objs/frame=0.0, infer=37.2ms
2026-10-01 10:34:38,712 [INFO] __main__: [prof node:node_01]   high>15: 59 frames, objs/frame=45.4, infer=58.7ms
2026-10-01 10:34:40,072 [INFO] __main__: [prof node:node_03] ai 15.2 fps objs/frame=39.2 | infer=62.4ms track=2.7ms acquire=0.5ms
2026-10-01 10:34:40,072 [INFO] __main__: [prof node:node_03] disp 24.7 fps | acquire=0.0ms render=0.0ms publish=0.0ms
2026-10-01 10:34:40,072 [INFO] __main__: [prof node:node_03]   high>15: 76 frames, objs/frame=39.2, infer=62.4ms
2026-10-01 10:34:40,809 [INFO] __main__: [prof node:node_02] ai 14.9 fps objs/frame=32.8 | infer=63.5ms track=1.8ms acquire=1.5ms
2026-10-01 10:34:40,810 [INFO] __main__: [prof node:node_02] disp 24.8 fps | acquire=0.0ms render=0.0ms publish=0.0ms
2026-10-01 10:34:40,810 [INFO] __main__: [prof node:node_02]   high>15: 75 frames, objs/frame=32.8, infer=63.5ms
2026-10-01 10:34:43,776 [INFO] __main__: [prof node:node_01] ai 12.0 fps objs/frame=54.6 | infer=62.5ms track=2.7ms acquire=17.5ms
2026-10-01 10:34:43,776 [INFO] __main__: [prof node:node_01] disp 12.0 fps | acquire=0.0ms render=0.0ms publish=0.0ms
2026-10-01 10:34:43,776 [INFO] __main__: [prof node:node_01]   high>15: 61 frames, objs/frame=54.6, infer=62.5ms
2026-10-01 10:34:45,087 [INFO] __main__: [prof node:node_03] ai 15.0 fps objs/frame=41.2 | infer=64.3ms track=2.3ms acquire=0.1ms
2026-10-01 10:34:45,087 [INFO] __main__: [prof node:node_03] disp 24.7 fps | acquire=0.0ms render=0.0ms publish=0.0ms
2026-10-01 10:34:45,087 [INFO] __main__: [prof node:node_03]   high>15: 75 frames, objs/frame=41.2, infer=64.3ms
2026-10-01 10:34:45,814 [INFO] __main__: [prof node:node_02] ai 15.0 fps objs/frame=27.5 | infer=63.2ms track=2.0ms acquire=1.3ms
2026-10-01 10:34:45,814 [INFO] __main__: [prof node:node_02] disp 24.6 fps | acquire=0.0ms render=0.0ms publish=0.0ms
2026-10-01 10:34:45,814 [INFO] __main__: [prof node:node_02]   high>15: 75 frames, objs/frame=27.5, infer=63.2ms
2026-10-01 10:34:48,789 [INFO] __main__: [prof node:node_01] ai 12.0 fps objs/frame=54.1 | infer=62.2ms track=2.6ms acquire=18.4ms
2026-10-01 10:34:48,789 [INFO] __main__: [prof node:node_01] disp 12.0 fps | acquire=0.0ms render=0.0ms publish=0.0ms
2026-10-01 10:34:48,792 [INFO] __main__: [prof node:node_01]   high>15: 60 frames, objs/frame=54.1, infer=62.2ms
2026-10-01 10:34:50,141 [INFO] __main__: [prof node:node_03] ai 15.2 fps objs/frame=37.5 | infer=62.8ms track=2.5ms acquire=0.1ms
2026-10-01 10:34:50,141 [INFO] __main__: [prof node:node_03] disp 24.9 fps | acquire=0.0ms render=0.0ms publish=0.0ms
2026-10-01 10:34:50,141 [INFO] __main__: [prof node:node_03]   high>15: 77 frames, objs/frame=37.5, infer=62.8ms
2026-10-01 10:34:50,824 [INFO] __main__: [prof node:node_02] ai 15.0 fps objs/frame=27.3 | infer=62.8ms track=1.8ms acquire=1.9ms
2026-10-01 10:34:50,824 [INFO] __main__: [prof node:node_02] disp 24.2 fps | acquire=0.0ms render=0.0ms publish=0.0ms
2026-10-01 10:34:50,826 [INFO] __main__: [prof node:node_02]   high>15: 75 frames, objs/frame=27.3, infer=62.8ms
2026-10-01 10:34:53,850 [INFO] __main__: [prof node:node_01] ai 12.0 fps objs/frame=53.5 | infer=62.6ms track=2.7ms acquire=17.3ms
2026-10-01 10:34:53,850 [INFO] __main__: [prof node:node_01] disp 12.0 fps | acquire=0.0ms render=0.0ms publish=0.0ms
2026-10-01 10:34:53,850 [INFO] __main__: [prof node:node_01]   high>15: 61 frames, objs/frame=53.5, infer=62.6ms
2026-10-01 10:34:55,162 [INFO] __main__: [prof node:node_03] ai 15.3 fps objs/frame=30.9 | infer=61.9ms track=2.5ms acquire=0.5ms
2026-10-01 10:34:55,163 [INFO] __main__: [prof node:node_03] disp 24.7 fps | acquire=0.0ms render=0.0ms publish=0.0ms
2026-10-01 10:34:55,163 [INFO] __main__: [prof node:node_03]   high>15: 77 frames, objs/frame=30.9, infer=61.9ms
2026-10-01 10:34:55,878 [INFO] __main__: [prof node:node_02] ai 15.0 fps objs/frame=33.7 | infer=63.0ms track=1.9ms acquire=1.3ms
2026-10-01 10:34:55,878 [INFO] __main__: [prof node:node_02] disp 24.3 fps | acquire=0.0ms render=0.0ms publish=0.0ms
2026-10-01 10:34:55,878 [INFO] __main__: [prof node:node_02]   high>15: 76 frames, objs/frame=33.7, infer=63.0ms
2026-10-01 10:34:58,857 [INFO] __main__: [prof node:node_01] ai 12.0 fps objs/frame=57.2 | infer=62.9ms track=2.6ms acquire=17.6ms
2026-10-01 10:34:58,857 [INFO] __main__: [prof node:node_01] disp 12.0 fps | acquire=0.0ms render=0.0ms publish=0.0ms
2026-10-01 10:34:58,857 [INFO] __main__: [prof node:node_01]   high>15: 60 frames, objs/frame=57.2, infer=62.9ms
2026-10-01 10:35:00,203 [INFO] __main__: [prof node:node_03] ai 14.7 fps objs/frame=25.6 | infer=64.4ms track=2.6ms acquire=1.0ms
2026-10-01 10:35:00,203 [INFO] __main__: [prof node:node_03] disp 24.8 fps | acquire=0.0ms render=0.0ms publish=0.0ms
2026-10-01 10:35:00,203 [INFO] __main__: [prof node:node_03]   high>15: 74 frames, objs/frame=25.6, infer=64.4ms
2026-10-01 10:35:00,898 [INFO] __main__: [prof node:node_02] ai 14.9 fps objs/frame=35.9 | infer=64.2ms track=2.1ms acquire=0.3ms
2026-10-01 10:35:00,898 [INFO] __main__: [prof node:node_02] disp 24.5 fps | acquire=0.0ms render=0.0ms publish=0.0ms
2026-10-01 10:35:00,898 [INFO] __main__: [prof node:node_02]   high>15: 75 frames, objs/frame=35.9, infer=64.2ms
2026-10-01 10:35:03,870 [INFO] __main__: [prof node:node_01] ai 12.0 fps objs/frame=57.8 | infer=60.9ms track=2.8ms acquire=19.5ms
2026-10-01 10:35:03,870 [INFO] __main__: [prof node:node_01] disp 12.0 fps | acquire=0.0ms render=0.0ms publish=0.0ms
2026-10-01 10:35:03,877 [INFO] __main__: [prof node:node_01]   high>15: 59 frames, objs/frame=58.6, infer=61.2ms
2026-10-01 10:35:05,216 [INFO] __main__: [prof node:node_03] ai 16.0 fps objs/frame=20.4 | infer=59.1ms track=2.0ms acquire=1.3ms
2026-10-01 10:35:05,217 [INFO] __main__: [prof node:node_03] disp 24.6 fps | acquire=0.0ms render=0.0ms publish=0.0ms
2026-10-01 10:35:05,217 [INFO] __main__: [prof node:node_03]   high>15: 72 frames, objs/frame=21.0, infer=58.9ms
2026-10-01 10:35:05,912 [INFO] __main__: [prof node:node_02] ai 16.0 fps objs/frame=34.4 | infer=60.0ms track=2.2ms acquire=0.1ms
2026-10-01 10:35:05,912 [INFO] __main__: [prof node:node_02] disp 24.7 fps | acquire=0.0ms render=0.0ms publish=0.0ms
2026-10-01 10:35:05,912 [INFO] __main__: [prof node:node_02]   high>15: 80 frames, objs/frame=34.4, infer=60.0ms
2026-10-01 10:35:08,933 [INFO] __main__: [prof node:node_01] ai 12.1 fps objs/frame=49.1 | infer=58.1ms track=2.6ms acquire=21.9ms
2026-10-01 10:35:08,933 [INFO] __main__: [prof node:node_01] disp 12.1 fps | acquire=0.0ms render=0.0ms publish=0.0ms
2026-10-01 10:35:08,933 [INFO] __main__: [prof node:node_01]   high>15: 61 frames, objs/frame=49.1, infer=58.1ms
2026-10-01 10:35:10,221 [INFO] __main__: [prof node:node_03] ai 16.2 fps objs/frame=27.6 | infer=58.9ms track=1.8ms acquire=0.9ms
2026-10-01 10:35:10,221 [INFO] __main__: [prof node:node_03] disp 24.5 fps | acquire=0.0ms render=0.0ms publish=0.0ms
2026-10-01 10:35:10,221 [INFO] __main__: [prof node:node_03]   high>15: 81 frames, objs/frame=27.6, infer=58.9ms
2026-10-01 10:35:10,953 [INFO] __main__: [prof node:node_02] ai 16.3 fps objs/frame=38.5 | infer=58.8ms track=2.3ms acquire=0.1ms
2026-10-01 10:35:10,953 [INFO] __main__: [prof node:node_02] disp 25.0 fps | acquire=0.0ms render=0.0ms publish=0.0ms
2026-10-01 10:35:10,953 [INFO] __main__: [prof node:node_02]   high>15: 82 frames, objs/frame=38.5, infer=58.8ms
2026-10-01 10:35:13,953 [INFO] __main__: [prof node:node_01] ai 11.9 fps objs/frame=46.9 | infer=60.1ms track=2.1ms acquire=21.2ms
2026-10-01 10:35:13,953 [INFO] __main__: [prof node:node_01] disp 11.9 fps | acquire=0.0ms render=0.0ms publish=0.0ms
2026-10-01 10:35:13,953 [INFO] __main__: [prof node:node_01]   high>15: 60 frames, objs/frame=46.9, infer=60.1ms
2026-10-01 10:35:15,252 [INFO] __main__: [prof node:node_03] ai 15.7 fps objs/frame=34.3 | infer=59.7ms track=2.4ms acquire=1.1ms
2026-10-01 10:35:15,252 [INFO] __main__: [prof node:node_03] disp 24.3 fps | acquire=0.0ms render=0.0ms publish=0.0ms
2026-10-01 10:35:15,252 [INFO] __main__: [prof node:node_03]   high>15: 79 frames, objs/frame=34.3, infer=59.7ms
2026-10-01 10:35:15,981 [INFO] __main__: [prof node:node_02] ai 15.5 fps objs/frame=35.3 | infer=61.0ms track=2.4ms acquire=0.7ms
2026-10-01 10:35:15,981 [INFO] __main__: [prof node:node_02] disp 24.7 fps | acquire=0.0ms render=0.0ms publish=0.0ms
2026-10-01 10:35:15,981 [INFO] __main__: [prof node:node_02]   high>15: 78 frames, objs/frame=35.3, infer=61.0ms
2026-10-01 10:35:19,026 [INFO] __main__: [prof node:node_01] ai 12.0 fps objs/frame=42.6 | infer=57.8ms track=1.7ms acquire=23.2ms
2026-10-01 10:35:19,026 [INFO] __main__: [prof node:node_01] disp 12.0 fps | acquire=0.0ms render=0.0ms publish=0.0ms
2026-10-01 10:35:19,026 [INFO] __main__: [prof node:node_01]   low<10: 1 frames, objs/frame=0.0, infer=54.4ms
2026-10-01 10:35:19,026 [INFO] __main__: [prof node:node_01]   high>15: 60 frames, objs/frame=43.3, infer=57.9ms
2026-10-01 10:35:20,307 [INFO] __main__: [prof node:node_03] ai 15.8 fps objs/frame=34.2 | infer=59.3ms track=2.9ms acquire=0.7ms
2026-10-01 10:35:20,307 [INFO] __main__: [prof node:node_03] disp 24.9 fps | acquire=0.0ms render=0.0ms publish=0.0ms
2026-10-01 10:35:20,307 [INFO] __main__: [prof node:node_03]   high>15: 80 frames, objs/frame=34.2, infer=59.3ms
2026-10-01 10:35:21,004 [INFO] __main__: [prof node:node_02] ai 16.3 fps objs/frame=34.4 | infer=58.5ms track=2.1ms acquire=0.3ms
2026-10-01 10:35:21,005 [INFO] __main__: [prof node:node_02] disp 24.5 fps | acquire=0.0ms render=0.0ms publish=0.0ms
2026-10-01 10:35:21,005 [INFO] __main__: [prof node:node_02]   high>15: 82 frames, objs/frame=34.4, infer=58.5ms
2026-10-01 10:35:24,022 [INFO] __main__: [prof node:node_01] ai 12.0 fps objs/frame=35.8 | infer=54.1ms track=2.0ms acquire=26.8ms
2026-10-01 10:35:24,029 [INFO] __main__: [prof node:node_01] disp 12.0 fps | acquire=0.0ms render=0.0ms publish=0.0ms
2026-10-01 10:35:24,029 [INFO] __main__: [prof node:node_01]   high>15: 60 frames, objs/frame=35.8, infer=54.1ms
2026-10-01 10:35:25,327 [INFO] __main__: [prof node:node_03] ai 17.1 fps objs/frame=29.3 | infer=54.1ms track=2.4ms acquire=1.6ms
2026-10-01 10:35:25,328 [INFO] __main__: [prof node:node_03] disp 23.9 fps | acquire=0.0ms render=0.0ms publish=0.0ms
2026-10-01 10:35:25,328 [INFO] __main__: [prof node:node_03]   high>15: 86 frames, objs/frame=29.3, infer=54.1ms
2026-10-01 10:35:26,064 [INFO] __main__: [prof node:node_02] ai 17.4 fps objs/frame=36.4 | infer=54.7ms track=2.0ms acquire=0.5ms
2026-10-01 10:35:26,064 [INFO] __main__: [prof node:node_02] disp 24.9 fps | acquire=0.0ms render=0.0ms publish=0.0ms
2026-10-01 10:35:26,065 [INFO] __main__: [prof node:node_02]   high>15: 88 frames, objs/frame=36.4, infer=54.7ms
2026-10-01 10:35:29,124 [INFO] __main__: [prof node:node_01] ai 12.0 fps objs/frame=44.0 | infer=55.2ms track=2.2ms acquire=25.8ms
2026-10-01 10:35:29,124 [INFO] __main__: [prof node:node_01] disp 12.0 fps | acquire=0.0ms render=0.0ms publish=0.0ms
2026-10-01 10:35:29,125 [INFO] __main__: [prof node:node_01]   low<10: 1 frames, objs/frame=0.0, infer=30.9ms
2026-10-01 10:35:29,125 [INFO] __main__: [prof node:node_01]   high>15: 60 frames, objs/frame=44.7, infer=55.6ms
2026-10-01 10:35:30,327 [INFO] __main__: [prof node:node_03] ai 16.2 fps objs/frame=21.3 | infer=58.8ms track=2.1ms acquire=0.6ms
2026-10-01 10:35:30,328 [INFO] __main__: [prof node:node_03] disp 24.6 fps | acquire=0.0ms render=0.0ms publish=0.0ms
2026-10-01 10:35:30,328 [INFO] __main__: [prof node:node_03]   high>15: 81 frames, objs/frame=21.3, infer=58.8ms
2026-10-01 10:35:31,091 [INFO] __main__: [prof node:node_02] ai 15.7 fps objs/frame=37.3 | infer=60.5ms track=2.0ms acquire=0.9ms
2026-10-01 10:35:31,091 [INFO] __main__: [prof node:node_02] disp 24.9 fps | acquire=0.0ms render=0.0ms publish=0.0ms
2026-10-01 10:35:31,091 [INFO] __main__: [prof node:node_02]   low<10: 1 frames, objs/frame=3.0, infer=54.2ms
2026-10-01 10:35:31,091 [INFO] __main__: [prof node:node_02]   high>15: 78 frames, objs/frame=37.8, infer=60.5ms
2026-10-01 10:35:34,126 [INFO] __main__: [prof node:node_01] ai 12.0 fps objs/frame=47.5 | infer=58.6ms track=2.7ms acquire=21.7ms
2026-10-01 10:35:34,126 [INFO] __main__: [prof node:node_01] disp 12.0 fps | acquire=0.0ms render=0.0ms publish=0.0ms
2026-10-01 10:35:34,126 [INFO] __main__: [prof node:node_01]   low<10: 1 frames, objs/frame=0.0, infer=58.4ms
2026-10-01 10:35:34,126 [INFO] __main__: [prof node:node_01]   high>15: 59 frames, objs/frame=48.4, infer=58.6ms
2026-10-01 10:35:35,390 [INFO] __main__: [prof node:node_03] ai 16.4 fps objs/frame=16.4 | infer=58.6ms track=1.8ms acquire=0.4ms
2026-10-01 10:35:35,397 [INFO] __main__: [prof node:node_03] disp 24.7 fps | acquire=0.0ms render=0.0ms publish=0.0ms
2026-10-01 10:35:35,397 [INFO] __main__: [prof node:node_03]   low<10: 1 frames, objs/frame=9.0, infer=44.6ms
2026-10-01 10:35:35,397 [INFO] __main__: [prof node:node_03]   high>15: 45 frames, objs/frame=19.1, infer=59.9ms
2026-10-01 10:35:36,140 [INFO] __main__: [prof node:node_02] ai 16.4 fps objs/frame=35.3 | infer=57.8ms track=2.4ms acquire=0.2ms
2026-10-01 10:35:36,140 [INFO] __main__: [prof node:node_02] disp 24.6 fps | acquire=0.0ms render=0.0ms publish=0.0ms
2026-10-01 10:35:36,140 [INFO] __main__: [prof node:node_02]   high>15: 83 frames, objs/frame=35.3, infer=57.8ms
2026-10-01 10:35:39,210 [INFO] __main__: [prof node:node_01] ai 12.0 fps objs/frame=47.4 | infer=57.1ms track=3.0ms acquire=22.9ms
2026-10-01 10:35:39,210 [INFO] __main__: [prof node:node_01] disp 12.0 fps | acquire=0.0ms render=0.0ms publish=0.0ms
2026-10-01 10:35:39,210 [INFO] __main__: [prof node:node_01]   high>15: 61 frames, objs/frame=47.4, infer=57.1ms
2026-10-01 10:35:40,418 [INFO] __main__: [prof node:node_03] ai 16.3 fps objs/frame=14.7 | infer=58.2ms track=1.5ms acquire=1.3ms
2026-10-01 10:35:40,418 [INFO] __main__: [prof node:node_03] disp 24.5 fps | acquire=0.0ms render=0.0ms publish=0.0ms
2026-10-01 10:35:40,418 [INFO] __main__: [prof node:node_03]   high>15: 31 frames, objs/frame=17.9, infer=60.5ms
2026-10-01 10:35:41,136 [INFO] __main__: [prof node:node_02] ai 16.4 fps objs/frame=35.5 | infer=57.4ms track=2.4ms acquire=0.9ms
2026-10-01 10:35:41,136 [INFO] __main__: [prof node:node_02] disp 25.0 fps | acquire=0.0ms render=0.0ms publish=0.0ms
2026-10-01 10:35:41,136 [INFO] __main__: [prof node:node_02]   high>15: 82 frames, objs/frame=35.5, infer=57.4ms
2026-10-01 10:35:44,285 [INFO] __main__: [prof node:node_01] ai 12.0 fps objs/frame=50.7 | infer=60.9ms track=3.1ms acquire=18.8ms
2026-10-01 10:35:44,285 [INFO] __main__: [prof node:node_01] disp 12.0 fps | acquire=0.0ms render=0.0ms publish=0.0ms
2026-10-01 10:35:44,285 [INFO] __main__: [prof node:node_01]   high>15: 61 frames, objs/frame=50.7, infer=60.9ms
2026-10-01 10:35:45,436 [INFO] __main__: [prof node:node_03] ai 14.8 fps objs/frame=28.1 | infer=64.2ms track=2.6ms acquire=0.7ms
2026-10-01 10:35:45,436 [INFO] __main__: [prof node:node_03] disp 24.5 fps | acquire=0.1ms render=0.0ms publish=0.0ms
2026-10-01 10:35:45,436 [INFO] __main__: [prof node:node_03]   high>15: 73 frames, objs/frame=28.3, infer=64.2ms
2026-10-01 10:35:46,166 [INFO] __main__: [prof node:node_02] ai 14.5 fps objs/frame=37.8 | infer=65.1ms track=2.3ms acquire=1.0ms
2026-10-01 10:35:46,166 [INFO] __main__: [prof node:node_02] disp 24.5 fps | acquire=0.1ms render=0.0ms publish=0.0ms
2026-10-01 10:35:46,166 [INFO] __main__: [prof node:node_02]   high>15: 73 frames, objs/frame=37.8, infer=65.1ms
2026-10-01 10:35:49,352 [INFO] __main__: [prof node:node_01] ai 12.0 fps objs/frame=54.8 | infer=62.5ms track=3.4ms acquire=16.6ms
2026-10-01 10:35:49,354 [INFO] __main__: [prof node:node_01] disp 12.0 fps | acquire=0.0ms render=0.0ms publish=0.0ms
2026-10-01 10:35:49,354 [INFO] __main__: [prof node:node_01]   high>15: 61 frames, objs/frame=54.8, infer=62.5ms
2026-10-01 10:35:50,474 [INFO] __main__: [prof node:node_03] ai 13.7 fps objs/frame=27.5 | infer=68.7ms track=3.3ms acquire=0.8ms
2026-10-01 10:35:50,474 [INFO] __main__: [prof node:node_03] disp 24.2 fps | acquire=0.1ms render=0.0ms publish=0.0ms
2026-10-01 10:35:50,474 [INFO] __main__: [prof node:node_03]   high>15: 69 frames, objs/frame=27.5, infer=68.7ms
2026-10-01 10:35:51,243 [INFO] __main__: [prof node:node_02] ai 14.0 fps objs/frame=38.1 | infer=68.4ms track=2.4ms acquire=0.3ms
2026-10-01 10:35:51,243 [INFO] __main__: [prof node:node_02] disp 24.6 fps | acquire=0.1ms render=0.0ms publish=0.0ms
2026-10-01 10:35:51,244 [INFO] __main__: [prof node:node_02]   high>15: 71 frames, objs/frame=38.1, infer=68.4ms
2026-10-01 10:35:54,369 [INFO] __main__: [prof node:node_01] ai 12.0 fps objs/frame=59.8 | infer=63.8ms track=2.7ms acquire=16.8ms
2026-10-01 10:35:54,369 [INFO] __main__: [prof node:node_01] disp 12.0 fps | acquire=0.0ms render=0.0ms publish=0.0ms
2026-10-01 10:35:54,369 [INFO] __main__: [prof node:node_01]   high>15: 60 frames, objs/frame=59.8, infer=63.8ms
2026-10-01 10:35:55,480 [INFO] __main__: [prof node:node_03] ai 14.0 fps objs/frame=19.7 | infer=67.6ms track=2.8ms acquire=0.9ms
2026-10-01 10:35:55,480 [INFO] __main__: [prof node:node_03] disp 24.6 fps | acquire=0.1ms render=0.0ms publish=0.0ms
2026-10-01 10:35:55,480 [INFO] __main__: [prof node:node_03]   high>15: 67 frames, objs/frame=19.9, infer=67.9ms
2026-10-01 10:35:56,320 [INFO] __main__: [prof node:node_02] ai 14.2 fps objs/frame=41.0 | infer=67.8ms track=2.4ms acquire=0.0ms
2026-10-01 10:35:56,320 [INFO] __main__: [prof node:node_02] disp 25.0 fps | acquire=0.1ms render=0.0ms publish=0.0ms
2026-10-01 10:35:56,320 [INFO] __main__: [prof node:node_02]   high>15: 72 frames, objs/frame=41.0, infer=67.8ms
2026-10-01 10:35:59,383 [INFO] __main__: [prof node:node_01] ai 12.0 fps objs/frame=57.3 | infer=67.5ms track=2.8ms acquire=12.6ms
2026-10-01 10:35:59,383 [INFO] __main__: [prof node:node_01] disp 12.0 fps | acquire=0.0ms render=0.0ms publish=0.0ms
2026-10-01 10:35:59,383 [INFO] __main__: [prof node:node_01]   low<10: 1 frames, objs/frame=0.0, infer=50.8ms
2026-10-01 10:35:59,383 [INFO] __main__: [prof node:node_01]   high>15: 59 frames, objs/frame=58.2, infer=67.8ms
2026-10-01 10:36:00,507 [INFO] __main__: [prof node:node_03] ai 13.9 fps objs/frame=22.1 | infer=67.2ms track=2.2ms acquire=2.3ms
2026-10-01 10:36:00,514 [INFO] __main__: [prof node:node_03] disp 24.2 fps | acquire=0.1ms render=0.0ms publish=0.0ms
2026-10-01 10:36:00,514 [INFO] __main__: [prof node:node_03]   low<10: 1 frames, objs/frame=0.0, infer=58.2ms
2026-10-01 10:36:00,514 [INFO] __main__: [prof node:node_03]   high>15: 66 frames, objs/frame=22.7, infer=67.7ms
2026-10-01 10:36:01,380 [INFO] __main__: [prof node:node_02] ai 14.6 fps objs/frame=37.8 | infer=65.5ms track=2.4ms acquire=0.0ms
2026-10-01 10:36:01,380 [INFO] __main__: [prof node:node_02] disp 24.7 fps | acquire=0.1ms render=0.0ms publish=0.0ms
2026-10-01 10:36:01,382 [INFO] __main__: [prof node:node_02]   low<10: 1 frames, objs/frame=0.0, infer=74.0ms
2026-10-01 10:36:01,382 [INFO] __main__: [prof node:node_02]   high>15: 73 frames, objs/frame=38.3, infer=65.4ms
2026-10-01 10:36:04,458 [INFO] __main__: [prof node:node_01] ai 12.0 fps objs/frame=59.2 | infer=65.1ms track=2.6ms acquire=15.1ms
2026-10-01 10:36:04,459 [INFO] __main__: [prof node:node_01] disp 12.0 fps | acquire=0.0ms render=0.0ms publish=0.0ms
2026-10-01 10:36:04,459 [INFO] __main__: [prof node:node_01]   low<10: 1 frames, objs/frame=0.0, infer=54.5ms
2026-10-01 10:36:04,459 [INFO] __main__: [prof node:node_01]   high>15: 60 frames, objs/frame=60.2, infer=65.3ms
2026-10-01 10:36:05,514 [INFO] __main__: [prof node:node_03] ai 15.4 fps objs/frame=19.9 | infer=61.7ms track=2.0ms acquire=1.0ms
2026-10-01 10:36:05,514 [INFO] __main__: [prof node:node_03] disp 24.8 fps | acquire=0.0ms render=0.0ms publish=0.0ms
2026-10-01 10:36:05,514 [INFO] __main__: [prof node:node_03]   high>15: 74 frames, objs/frame=20.1, infer=61.5ms
2026-10-01 10:36:06,431 [INFO] __main__: [prof node:node_02] ai 14.5 fps objs/frame=39.9 | infer=64.2ms track=2.2ms acquire=2.4ms
2026-10-01 10:36:06,431 [INFO] __main__: [prof node:node_02] disp 24.2 fps | acquire=0.1ms render=0.0ms publish=0.0ms
2026-10-01 10:36:06,431 [INFO] __main__: [prof node:node_02]   high>15: 73 frames, objs/frame=39.9, infer=64.2ms
2026-10-01 10:36:09,542 [INFO] __main__: [prof node:node_01] ai 12.0 fps objs/frame=54.4 | infer=62.1ms track=3.0ms acquire=17.9ms
2026-10-01 10:36:09,542 [INFO] __main__: [prof node:node_01] disp 12.0 fps | acquire=0.0ms render=0.0ms publish=0.0ms
2026-10-01 10:36:09,542 [INFO] __main__: [prof node:node_01]   low<10: 1 frames, objs/frame=0.0, infer=55.2ms
2026-10-01 10:36:09,542 [INFO] __main__: [prof node:node_01]   high>15: 60 frames, objs/frame=55.4, infer=62.2ms
2026-10-01 10:36:10,570 [INFO] __main__: [prof node:node_03] ai 15.0 fps objs/frame=17.4 | infer=62.4ms track=1.7ms acquire=2.2ms
2026-10-01 10:36:10,570 [INFO] __main__: [prof node:node_03] disp 24.3 fps | acquire=0.0ms render=0.0ms publish=0.0ms
2026-10-01 10:36:10,576 [INFO] __main__: [prof node:node_03]   high>15: 59 frames, objs/frame=18.2, infer=62.7ms
2026-10-01 10:36:11,486 [INFO] __main__: [prof node:node_02] ai 15.2 fps objs/frame=38.6 | infer=62.6ms track=2.3ms acquire=0.5ms
2026-10-01 10:36:11,486 [INFO] __main__: [prof node:node_02] disp 24.1 fps | acquire=0.0ms render=0.0ms publish=0.0ms
2026-10-01 10:36:11,486 [INFO] __main__: [prof node:node_02]   high>15: 77 frames, objs/frame=38.6, infer=62.6ms
2026-10-01 10:36:14,605 [INFO] __main__: [prof node:node_01] ai 12.0 fps objs/frame=53.6 | infer=58.3ms track=3.2ms acquire=21.1ms
2026-10-01 10:36:14,605 [INFO] __main__: [prof node:node_01] disp 12.0 fps | acquire=0.0ms render=0.0ms publish=0.0ms
2026-10-01 10:36:14,605 [INFO] __main__: [prof node:node_01]   high>15: 61 frames, objs/frame=53.6, infer=58.3ms
2026-10-01 10:36:15,639 [INFO] __main__: [prof node:node_03] ai 15.6 fps objs/frame=16.3 | infer=61.7ms track=1.5ms acquire=0.8ms
2026-10-01 10:36:15,639 [INFO] __main__: [prof node:node_03] disp 24.7 fps | acquire=0.0ms render=0.0ms publish=0.0ms
2026-10-01 10:36:15,639 [INFO] __main__: [prof node:node_03]   low<10: 2 frames, objs/frame=0.0, infer=48.5ms
2026-10-01 10:36:15,639 [INFO] __main__: [prof node:node_03]   high>15: 49 frames, objs/frame=18.1, infer=61.8ms
2026-10-01 10:36:16,487 [INFO] __main__: [prof node:node_02] ai 15.6 fps objs/frame=40.9 | infer=60.0ms track=1.8ms acquire=2.0ms
2026-10-01 10:36:16,492 [INFO] __main__: [prof node:node_02] disp 24.2 fps | acquire=0.1ms render=0.0ms publish=0.0ms
2026-10-01 10:36:16,493 [INFO] __main__: [prof node:node_02]   high>15: 78 frames, objs/frame=40.9, infer=60.0ms
2026-10-01 10:36:19,632 [INFO] __main__: [prof node:node_01] ai 11.9 fps objs/frame=52.2 | infer=60.0ms track=3.3ms acquire=20.0ms
2026-10-01 10:36:19,632 [INFO] __main__: [prof node:node_01] disp 11.9 fps | acquire=0.0ms render=0.0ms publish=0.0ms
2026-10-01 10:36:19,632 [INFO] __main__: [prof node:node_01]   high>15: 60 frames, objs/frame=52.2, infer=60.0ms
2026-10-01 10:36:20,646 [INFO] __main__: [prof node:node_03] ai 15.0 fps objs/frame=22.9 | infer=62.7ms track=1.5ms acquire=2.4ms
2026-10-01 10:36:20,646 [INFO] __main__: [prof node:node_03] disp 23.6 fps | acquire=0.1ms render=0.0ms publish=0.0ms
2026-10-01 10:36:20,646 [INFO] __main__: [prof node:node_03]   low<10: 1 frames, objs/frame=0.0, infer=69.9ms
2026-10-01 10:36:20,646 [INFO] __main__: [prof node:node_03]   high>15: 71 frames, objs/frame=23.5, infer=62.8ms
2026-10-01 10:36:21,616 [INFO] __main__: [prof node:node_02] ai 15.0 fps objs/frame=35.2 | infer=63.1ms track=2.0ms acquire=1.2ms
2026-10-01 10:36:21,616 [INFO] __main__: [prof node:node_02] disp 24.6 fps | acquire=0.1ms render=0.0ms publish=0.0ms
2026-10-01 10:36:21,616 [INFO] __main__: [prof node:node_02]   high>15: 77 frames, objs/frame=35.2, infer=63.1ms
2026-10-01 10:36:24,708 [INFO] __main__: [prof node:node_01] ai 12.0 fps objs/frame=61.3 | infer=64.4ms track=3.2ms acquire=15.1ms
2026-10-01 10:36:24,708 [INFO] __main__: [prof node:node_01] disp 12.0 fps | acquire=0.0ms render=0.0ms publish=0.0ms
2026-10-01 10:36:24,713 [INFO] __main__: [prof node:node_01]   high>15: 61 frames, objs/frame=61.3, infer=64.4ms
2026-10-01 10:36:25,674 [INFO] __main__: [prof node:node_03] ai 14.7 fps objs/frame=26.4 | infer=65.8ms track=1.4ms acquire=0.5ms
2026-10-01 10:36:25,674 [INFO] __main__: [prof node:node_03] disp 24.9 fps | acquire=0.1ms render=0.0ms publish=0.0ms
2026-10-01 10:36:25,674 [INFO] __main__: [prof node:node_03]   high>15: 73 frames, objs/frame=26.6, infer=66.3ms
2026-10-01 10:36:26,656 [INFO] __main__: [prof node:node_02] ai 15.1 fps objs/frame=32.5 | infer=63.8ms track=1.8ms acquire=0.4ms
2026-10-01 10:36:26,656 [INFO] __main__: [prof node:node_02] disp 24.6 fps | acquire=0.1ms render=0.0ms publish=0.0ms
2026-10-01 10:36:26,656 [INFO] __main__: [prof node:node_02]   high>15: 76 frames, objs/frame=32.5, infer=63.8ms
2026-10-01 10:36:29,792 [INFO] __main__: [prof node:node_01] ai 12.0 fps objs/frame=49.5 | infer=63.1ms track=3.3ms acquire=16.5ms
2026-10-01 10:36:29,792 [INFO] __main__: [prof node:node_01] disp 12.0 fps | acquire=0.0ms render=0.0ms publish=0.0ms
2026-10-01 10:36:29,792 [INFO] __main__: [prof node:node_01]   low<10: 1 frames, objs/frame=5.0, infer=46.1ms
2026-10-01 10:36:29,792 [INFO] __main__: [prof node:node_01]   high>15: 60 frames, objs/frame=50.2, infer=63.4ms
2026-10-01 10:36:30,743 [INFO] __main__: [prof node:node_03] ai 14.6 fps objs/frame=34.9 | infer=65.5ms track=1.7ms acquire=1.0ms
2026-10-01 10:36:30,743 [INFO] __main__: [prof node:node_03] disp 24.7 fps | acquire=0.1ms render=0.0ms publish=0.0ms
2026-10-01 10:36:30,743 [INFO] __main__: [prof node:node_03]   high>15: 74 frames, objs/frame=34.9, infer=65.5ms
2026-10-01 10:36:31,707 [INFO] __main__: [prof node:node_02] ai 14.9 fps objs/frame=36.1 | infer=64.8ms track=2.2ms acquire=0.1ms
2026-10-01 10:36:31,707 [INFO] __main__: [prof node:node_02] disp 24.4 fps | acquire=0.1ms render=0.0ms publish=0.0ms
2026-10-01 10:36:31,707 [INFO] __main__: [prof node:node_02]   high>15: 75 frames, objs/frame=36.1, infer=64.8ms
2026-10-01 10:36:34,791 [INFO] __main__: [prof node:node_01] ai 12.0 fps objs/frame=48.2 | infer=62.5ms track=3.1ms acquire=17.3ms
2026-10-01 10:36:34,791 [INFO] __main__: [prof node:node_01] disp 12.0 fps | acquire=0.0ms render=0.0ms publish=0.0ms
2026-10-01 10:36:34,791 [INFO] __main__: [prof node:node_01]   high>15: 60 frames, objs/frame=48.2, infer=62.5ms
2026-10-01 10:36:35,771 [INFO] __main__: [prof node:node_03] ai 14.3 fps objs/frame=36.8 | infer=67.0ms track=2.5ms acquire=0.0ms
2026-10-01 10:36:35,771 [INFO] __main__: [prof node:node_03] disp 24.5 fps | acquire=0.1ms render=0.0ms publish=0.0ms
2026-10-01 10:36:35,774 [INFO] __main__: [prof node:node_03]   high>15: 72 frames, objs/frame=36.8, infer=67.0ms
2026-10-01 10:36:36,756 [INFO] __main__: [prof node:node_02] ai 13.9 fps objs/frame=38.6 | infer=68.3ms track=3.0ms acquire=0.6ms
2026-10-01 10:36:36,756 [INFO] __main__: [prof node:node_02] disp 24.5 fps | acquire=0.1ms render=0.0ms publish=0.0ms
2026-10-01 10:36:36,756 [INFO] __main__: [prof node:node_02]   high>15: 70 frames, objs/frame=38.6, infer=68.3ms
2026-10-01 10:36:39,853 [INFO] __main__: [prof node:node_01] ai 12.1 fps objs/frame=45.3 | infer=61.3ms track=3.4ms acquire=17.9ms
2026-10-01 10:36:39,853 [INFO] __main__: [prof node:node_01] disp 12.1 fps | acquire=0.0ms render=0.0ms publish=0.0ms
2026-10-01 10:36:39,853 [INFO] __main__: [prof node:node_01]   high>15: 61 frames, objs/frame=45.3, infer=61.3ms
2026-10-01 10:36:40,825 [INFO] __main__: [prof node:node_03] ai 14.8 fps objs/frame=36.0 | infer=64.1ms track=2.7ms acquire=0.3ms
2026-10-01 10:36:40,825 [INFO] __main__: [prof node:node_03] disp 24.5 fps | acquire=0.1ms render=0.0ms publish=0.0ms
2026-10-01 10:36:40,825 [INFO] __main__: [prof node:node_03]   high>15: 75 frames, objs/frame=36.0, infer=64.1ms
2026-10-01 10:36:41,818 [INFO] __main__: [prof node:node_02] ai 14.6 fps objs/frame=32.3 | infer=63.2ms track=3.2ms acquire=1.6ms
2026-10-01 10:36:41,819 [INFO] __main__: [prof node:node_02] disp 24.3 fps | acquire=0.1ms render=0.0ms publish=0.0ms
2026-10-01 10:36:41,819 [INFO] __main__: [prof node:node_02]   high>15: 74 frames, objs/frame=32.3, infer=63.2ms
2026-10-01 10:36:44,916 [INFO] __main__: [prof node:node_01] ai 12.1 fps objs/frame=46.4 | infer=57.3ms track=4.4ms acquire=20.8ms
2026-10-01 10:36:44,916 [INFO] __main__: [prof node:node_01] disp 12.1 fps | acquire=0.0ms render=0.0ms publish=0.0ms
2026-10-01 10:36:44,916 [INFO] __main__: [prof node:node_01]   high>15: 61 frames, objs/frame=46.4, infer=57.3ms
2026-10-01 10:36:45,875 [INFO] __main__: [prof node:node_03] ai 16.4 fps objs/frame=23.4 | infer=56.8ms track=2.7ms acquire=1.2ms
2026-10-01 10:36:45,875 [INFO] __main__: [prof node:node_03] disp 24.5 fps | acquire=0.0ms render=0.0ms publish=0.0ms
2026-10-01 10:36:45,875 [INFO] __main__: [prof node:node_03]   high>15: 83 frames, objs/frame=23.4, infer=56.8ms
2026-10-01 10:36:46,835 [INFO] __main__: [prof node:node_02] ai 16.9 fps objs/frame=18.2 | infer=55.0ms track=2.0ms acquire=1.7ms
2026-10-01 10:36:46,836 [INFO] __main__: [prof node:node_02] disp 24.5 fps | acquire=0.0ms render=0.0ms publish=0.0ms
2026-10-01 10:36:46,836 [INFO] __main__: [prof node:node_02]   high>15: 81 frames, objs/frame=18.4, infer=55.2ms
2026-10-01 10:36:49,938 [INFO] __main__: [prof node:node_01] ai 11.9 fps objs/frame=42.4 | infer=52.0ms track=4.7ms acquire=26.5ms
2026-10-01 10:36:49,938 [INFO] __main__: [prof node:node_01] disp 11.9 fps | acquire=0.0ms render=0.0ms publish=0.0ms
2026-10-01 10:36:49,938 [INFO] __main__: [prof node:node_01]   high>15: 60 frames, objs/frame=42.4, infer=52.0ms
2026-10-01 10:36:50,906 [INFO] __main__: [prof node:node_03] ai 18.1 fps objs/frame=23.8 | infer=51.6ms track=2.0ms acquire=1.4ms
2026-10-01 10:36:50,907 [INFO] __main__: [prof node:node_03] disp 24.5 fps | acquire=0.0ms render=0.0ms publish=0.0ms
2026-10-01 10:36:50,907 [INFO] __main__: [prof node:node_03]   high>15: 91 frames, objs/frame=23.8, infer=51.6ms
2026-10-01 10:36:51,867 [INFO] __main__: [prof node:node_02] ai 17.7 fps objs/frame=15.9 | infer=54.3ms track=1.6ms acquire=0.5ms
2026-10-01 10:36:51,867 [INFO] __main__: [prof node:node_02] disp 24.8 fps | acquire=0.0ms render=0.0ms publish=0.0ms
2026-10-01 10:36:51,867 [INFO] __main__: [prof node:node_02]   high>15: 49 frames, objs/frame=17.4, infer=53.8ms
2026-10-01 10:36:54,950 [INFO] __main__: [prof node:node_01] ai 12.0 fps objs/frame=35.8 | infer=53.2ms track=3.9ms acquire=26.1ms
2026-10-01 10:36:54,950 [INFO] __main__: [prof node:node_01] disp 12.0 fps | acquire=0.0ms render=0.0ms publish=0.0ms
2026-10-01 10:36:54,950 [INFO] __main__: [prof node:node_01]   high>15: 60 frames, objs/frame=35.8, infer=53.2ms
2026-10-01 10:36:55,908 [INFO] __main__: [prof node:node_03] ai 18.4 fps objs/frame=29.2 | infer=51.5ms track=2.1ms acquire=0.5ms
2026-10-01 10:36:55,908 [INFO] __main__: [prof node:node_03] disp 24.8 fps | acquire=0.0ms render=0.0ms publish=0.0ms
2026-10-01 10:36:55,908 [INFO] __main__: [prof node:node_03]   high>15: 92 frames, objs/frame=29.2, infer=51.5ms
2026-10-01 10:36:56,909 [INFO] __main__: [prof node:node_02] ai 18.7 fps objs/frame=14.7 | infer=51.6ms track=1.5ms acquire=0.2ms
2026-10-01 10:36:56,909 [INFO] __main__: [prof node:node_02] disp 25.0 fps | acquire=0.0ms render=0.0ms publish=0.0ms
2026-10-01 10:36:56,909 [INFO] __main__: [prof node:node_02]   high>15: 30 frames, objs/frame=17.2, infer=52.6ms
2026-10-01 10:37:00,013 [INFO] __main__: [prof node:node_01] ai 12.1 fps objs/frame=29.2 | infer=47.7ms track=2.5ms acquire=32.3ms
2026-10-01 10:37:00,014 [INFO] __main__: [prof node:node_01] disp 12.1 fps | acquire=0.0ms render=0.0ms publish=0.0ms
2026-10-01 10:37:00,014 [INFO] __main__: [prof node:node_01]   high>15: 61 frames, objs/frame=29.2, infer=47.7ms
2026-10-01 10:37:00,926 [INFO] __main__: [prof node:node_03] ai 19.9 fps objs/frame=19.6 | infer=46.1ms track=2.0ms acquire=1.9ms
2026-10-01 10:37:00,926 [INFO] __main__: [prof node:node_03] disp 24.1 fps | acquire=0.0ms render=0.0ms publish=0.0ms
2026-10-01 10:37:00,928 [INFO] __main__: [prof node:node_03]   low<10: 1 frames, objs/frame=0.0, infer=56.5ms
2026-10-01 10:37:00,928 [INFO] __main__: [prof node:node_03]   high>15: 82 frames, objs/frame=21.0, infer=46.5ms
2026-10-01 10:37:01,950 [INFO] __main__: [prof node:node_02] ai 20.0 fps objs/frame=16.5 | infer=46.4ms track=1.6ms acquire=1.8ms
2026-10-01 10:37:01,950 [INFO] __main__: [prof node:node_02] disp 24.2 fps | acquire=0.0ms render=0.0ms publish=0.0ms
2026-10-01 10:37:01,950 [INFO] __main__: [prof node:node_02]   low<10: 2 frames, objs/frame=0.5, infer=32.4ms
2026-10-01 10:37:01,950 [INFO] __main__: [prof node:node_02]   high>15: 66 frames, objs/frame=18.5, infer=47.5ms
2026-10-01 10:37:05,067 [INFO] __main__: [prof node:node_01] ai 12.1 fps objs/frame=23.2 | infer=43.9ms track=2.0ms acquire=36.7ms
2026-10-01 10:37:05,067 [INFO] __main__: [prof node:node_01] disp 12.1 fps | acquire=0.0ms render=0.0ms publish=0.0ms
2026-10-01 10:37:05,067 [INFO] __main__: [prof node:node_01]   high>15: 55 frames, objs/frame=24.2, infer=44.2ms
2026-10-01 10:37:05,967 [INFO] __main__: [prof node:node_03] ai 21.8 fps objs/frame=13.3 | infer=42.6ms track=1.1ms acquire=1.9ms
2026-10-01 10:37:05,970 [INFO] __main__: [prof node:node_03] disp 24.8 fps | acquire=0.0ms render=0.0ms publish=0.0ms
2026-10-01 10:37:05,970 [INFO] __main__: [prof node:node_03]   low<10: 9 frames, objs/frame=8.3, infer=43.7ms
2026-10-01 10:37:05,970 [INFO] __main__: [prof node:node_03]   high>15: 26 frames, objs/frame=16.7, infer=45.2ms
2026-10-01 10:37:06,964 [INFO] __main__: [prof node:node_02] ai 20.7 fps objs/frame=14.8 | infer=42.4ms track=1.4ms acquire=4.1ms
2026-10-01 10:37:06,964 [INFO] __main__: [prof node:node_02] disp 23.9 fps | acquire=0.0ms render=0.0ms publish=0.0ms
2026-10-01 10:37:06,964 [INFO] __main__: [prof node:node_02]   low<10: 2 frames, objs/frame=0.5, infer=40.5ms
2026-10-01 10:37:06,964 [INFO] __main__: [prof node:node_02]   high>15: 40 frames, objs/frame=17.2, infer=43.7ms
2026-10-01 10:37:10,098 [INFO] __main__: [prof node:node_01] ai 11.9 fps objs/frame=16.9 | infer=44.4ms track=1.5ms acquire=37.6ms
2026-10-01 10:37:10,098 [INFO] __main__: [prof node:node_01] disp 11.9 fps | acquire=0.0ms render=0.0ms publish=0.0ms
2026-10-01 10:37:10,098 [INFO] __main__: [prof node:node_01]   low<10: 3 frames, objs/frame=9.0, infer=47.8ms
2026-10-01 10:37:10,098 [INFO] __main__: [prof node:node_01]   high>15: 44 frames, objs/frame=18.6, infer=44.0ms
2026-10-01 10:37:10,978 [INFO] __main__: [prof node:node_03] ai 21.6 fps objs/frame=16.5 | infer=44.1ms track=1.3ms acquire=0.7ms
2026-10-01 10:37:10,978 [INFO] __main__: [prof node:node_03] disp 24.8 fps | acquire=0.0ms render=0.0ms publish=0.0ms
2026-10-01 10:37:10,978 [INFO] __main__: [prof node:node_03]   low<10: 2 frames, objs/frame=0.5, infer=34.5ms
2026-10-01 10:37:10,978 [INFO] __main__: [prof node:node_03]   high>15: 69 frames, objs/frame=18.3, infer=45.8ms
2026-10-01 10:37:11,972 [INFO] __main__: [prof node:node_02] ai 20.6 fps objs/frame=18.7 | infer=45.3ms track=1.8ms acquire=1.2ms
2026-10-01 10:37:11,972 [INFO] __main__: [prof node:node_02] disp 24.6 fps | acquire=0.0ms render=0.0ms publish=0.0ms
2026-10-01 10:37:11,972 [INFO] __main__: [prof node:node_02]   high>15: 94 frames, objs/frame=19.1, infer=45.6ms
2026-10-01 10:37:15,109 [INFO] __main__: [prof node:node_01] ai 12.0 fps objs/frame=27.1 | infer=47.0ms track=1.5ms acquire=34.4ms
2026-10-01 10:37:15,110 [INFO] __main__: [prof node:node_01] disp 12.0 fps | acquire=0.0ms render=0.0ms publish=0.0ms
2026-10-01 10:37:15,110 [INFO] __main__: [prof node:node_01]   high>15: 60 frames, objs/frame=27.1, infer=47.0ms
2026-10-01 10:37:16,013 [INFO] __main__: [prof node:node_03] ai 19.9 fps objs/frame=14.8 | infer=48.5ms track=1.4ms acquire=0.3ms
2026-10-01 10:37:16,013 [INFO] __main__: [prof node:node_03] disp 25.0 fps | acquire=0.0ms render=0.0ms publish=0.0ms
2026-10-01 10:37:16,013 [INFO] __main__: [prof node:node_03]   low<10: 7 frames, objs/frame=8.3, infer=52.1ms
2026-10-01 10:37:16,013 [INFO] __main__: [prof node:node_03]   high>15: 50 frames, objs/frame=17.6, infer=47.9ms
2026-10-01 10:37:17,017 [INFO] __main__: [prof node:node_02] ai 20.0 fps objs/frame=20.8 | infer=46.7ms track=2.1ms acquire=0.8ms
2026-10-01 10:37:17,017 [INFO] __main__: [prof node:node_02] disp 24.6 fps | acquire=0.0ms render=0.0ms publish=0.0ms
2026-10-01 10:37:17,017 [INFO] __main__: [prof node:node_02]   high>15: 99 frames, objs/frame=20.9, infer=46.8ms
2026-10-01 10:37:20,179 [INFO] __main__: [prof node:node_01] ai 12.0 fps objs/frame=26.3 | infer=48.0ms track=1.8ms acquire=33.0ms
2026-10-01 10:37:20,179 [INFO] __main__: [prof node:node_01] disp 12.0 fps | acquire=0.0ms render=0.0ms publish=0.0ms
2026-10-01 10:37:20,179 [INFO] __main__: [prof node:node_01]   high>15: 61 frames, objs/frame=26.3, infer=48.0ms
2026-10-01 10:37:21,055 [INFO] __main__: [prof node:node_03] ai 20.0 fps objs/frame=14.1 | infer=47.8ms track=1.1ms acquire=0.8ms
2026-10-01 10:37:21,055 [INFO] __main__: [prof node:node_03] disp 24.8 fps | acquire=0.0ms render=0.0ms publish=0.0ms
2026-10-01 10:37:21,055 [INFO] __main__: [prof node:node_03]   low<10: 7 frames, objs/frame=9.0, infer=47.5ms
2026-10-01 10:37:21,055 [INFO] __main__: [prof node:node_03]   high>15: 29 frames, objs/frame=18.5, infer=51.5ms
2026-10-01 10:37:22,061 [INFO] __main__: [prof node:node_02] ai 19.6 fps objs/frame=20.9 | infer=48.0ms track=1.8ms acquire=0.9ms
2026-10-01 10:37:22,061 [INFO] __main__: [prof node:node_02] disp 24.8 fps | acquire=0.0ms render=0.0ms publish=0.0ms
2026-10-01 10:37:22,061 [INFO] __main__: [prof node:node_02]   low<10: 1 frames, objs/frame=0.0, infer=34.0ms
2026-10-01 10:37:22,061 [INFO] __main__: [prof node:node_02]   high>15: 98 frames, objs/frame=21.1, infer=48.1ms
2026-10-01 10:37:25,199 [INFO] __main__: [prof node:node_01] ai 11.9 fps objs/frame=31.5 | infer=51.0ms track=2.2ms acquire=30.1ms
2026-10-01 10:37:25,199 [INFO] __main__: [prof node:node_01] disp 11.9 fps | acquire=0.0ms render=0.0ms publish=0.0ms
2026-10-01 10:37:25,199 [INFO] __main__: [prof node:node_01]   high>15: 60 frames, objs/frame=31.5, infer=51.0ms
2026-10-01 10:37:26,074 [INFO] __main__: [prof node:node_03] ai 17.7 fps objs/frame=28.4 | infer=51.8ms track=2.4ms acquire=2.0ms
2026-10-01 10:37:26,074 [INFO] __main__: [prof node:node_03] disp 24.1 fps | acquire=0.0ms render=0.0ms publish=0.0ms
2026-10-01 10:37:26,074 [INFO] __main__: [prof node:node_03]   high>15: 89 frames, objs/frame=28.4, infer=51.8ms
2026-10-01 10:37:27,081 [INFO] __main__: [prof node:node_02] ai 17.9 fps objs/frame=30.3 | infer=52.3ms track=2.5ms acquire=0.7ms
2026-10-01 10:37:27,081 [INFO] __main__: [prof node:node_02] disp 24.9 fps | acquire=0.0ms render=0.0ms publish=0.0ms
2026-10-01 10:37:27,081 [INFO] __main__: [prof node:node_02]   high>15: 90 frames, objs/frame=30.3, infer=52.3ms
2026-10-01 10:37:30,206 [INFO] __main__: [prof node:node_01] ai 12.0 fps objs/frame=30.2 | infer=57.3ms track=2.4ms acquire=23.3ms
2026-10-01 10:37:30,206 [INFO] __main__: [prof node:node_01] disp 12.2 fps | acquire=0.0ms render=0.0ms publish=0.0ms
2026-10-01 10:37:30,206 [INFO] __main__: [prof node:node_01]   high>15: 60 frames, objs/frame=30.2, infer=57.3ms
2026-10-01 10:37:31,140 [INFO] __main__: [prof node:node_03] ai 16.2 fps objs/frame=27.3 | infer=58.5ms track=2.9ms acquire=0.0ms
2026-10-01 10:37:31,140 [INFO] __main__: [prof node:node_03] disp 24.9 fps | acquire=0.1ms render=0.0ms publish=0.0ms
2026-10-01 10:37:31,140 [INFO] __main__: [prof node:node_03]   high>15: 82 frames, objs/frame=27.3, infer=58.5ms
2026-10-01 10:37:32,097 [INFO] __main__: [prof node:node_02] ai 16.4 fps objs/frame=36.6 | infer=57.5ms track=2.8ms acquire=0.5ms
2026-10-01 10:37:32,097 [INFO] __main__: [prof node:node_02] disp 24.9 fps | acquire=0.1ms render=0.0ms publish=0.0ms
2026-10-01 10:37:32,101 [INFO] __main__: [prof node:node_02]   high>15: 82 frames, objs/frame=36.6, infer=57.5ms
2026-10-01 10:37:35,213 [INFO] __main__: [prof node:node_01] ai 12.0 fps objs/frame=33.6 | infer=56.9ms track=2.6ms acquire=23.6ms
2026-10-01 10:37:35,213 [INFO] __main__: [prof node:node_01] disp 12.0 fps | acquire=0.0ms render=0.0ms publish=0.0ms
2026-10-01 10:37:35,213 [INFO] __main__: [prof node:node_01]   high>15: 60 frames, objs/frame=33.6, infer=56.9ms
2026-10-01 10:37:36,157 [INFO] __main__: [prof node:node_03] ai 15.7 fps objs/frame=38.6 | infer=60.0ms track=2.5ms acquire=0.7ms
2026-10-01 10:37:36,157 [INFO] __main__: [prof node:node_03] disp 24.5 fps | acquire=0.1ms render=0.0ms publish=0.0ms
2026-10-01 10:37:36,157 [INFO] __main__: [prof node:node_03]   high>15: 79 frames, objs/frame=38.6, infer=60.0ms
2026-10-01 10:37:37,144 [INFO] __main__: [prof node:node_02] ai 15.1 fps objs/frame=27.4 | infer=60.8ms track=2.6ms acquire=2.7ms
2026-10-01 10:37:37,144 [INFO] __main__: [prof node:node_02] disp 24.0 fps | acquire=0.1ms render=0.0ms publish=0.0ms
2026-10-01 10:37:37,145 [INFO] __main__: [prof node:node_02]   high>15: 76 frames, objs/frame=27.4, infer=60.8ms
2026-10-01 10:37:40,269 [INFO] __main__: [prof node:node_01] ai 12.1 fps objs/frame=35.1 | infer=58.3ms track=2.8ms acquire=21.3ms
2026-10-01 10:37:40,269 [INFO] __main__: [prof node:node_01] disp 11.9 fps | acquire=0.0ms render=0.0ms publish=0.0ms
2026-10-01 10:37:40,269 [INFO] __main__: [prof node:node_01]   high>15: 61 frames, objs/frame=35.1, infer=58.3ms
2026-10-01 10:37:41,183 [INFO] __main__: [prof node:node_03] ai 16.5 fps objs/frame=41.3 | infer=56.5ms track=3.0ms acquire=0.7ms
2026-10-01 10:37:41,184 [INFO] __main__: [prof node:node_03] disp 24.7 fps | acquire=0.0ms render=0.0ms publish=0.0ms
2026-10-01 10:37:41,184 [INFO] __main__: [prof node:node_03]   high>15: 83 frames, objs/frame=41.3, infer=56.5ms
2026-10-01 10:37:42,156 [INFO] __main__: [prof node:node_02] ai 15.0 fps objs/frame=27.9 | infer=61.9ms track=2.3ms acquire=2.4ms
2026-10-01 10:37:42,156 [INFO] __main__: [prof node:node_02] disp 24.5 fps | acquire=0.1ms render=0.0ms publish=0.0ms
2026-10-01 10:37:42,157 [INFO] __main__: [prof node:node_02]   high>15: 75 frames, objs/frame=27.9, infer=61.9ms
2026-10-01 10:37:45,275 [INFO] __main__: [prof node:node_01] ai 12.0 fps objs/frame=42.0 | infer=58.5ms track=2.7ms acquire=21.7ms
2026-10-01 10:37:45,276 [INFO] __main__: [prof node:node_01] disp 12.0 fps | acquire=0.0ms render=0.0ms publish=0.0ms
2026-10-01 10:37:45,276 [INFO] __main__: [prof node:node_01]   high>15: 60 frames, objs/frame=42.0, infer=58.5ms
2026-10-01 10:37:46,249 [INFO] __main__: [prof node:node_03] ai 15.2 fps objs/frame=40.9 | infer=62.3ms track=3.0ms acquire=0.2ms
2026-10-01 10:37:46,249 [INFO] __main__: [prof node:node_03] disp 24.3 fps | acquire=0.1ms render=0.0ms publish=0.0ms
2026-10-01 10:37:46,249 [INFO] __main__: [prof node:node_03]   high>15: 77 frames, objs/frame=40.9, infer=62.3ms
2026-10-01 10:37:47,233 [INFO] __main__: [prof node:node_02] ai 15.0 fps objs/frame=26.4 | infer=63.3ms track=2.1ms acquire=1.0ms
2026-10-01 10:37:47,233 [INFO] __main__: [prof node:node_02] disp 24.4 fps | acquire=0.1ms render=0.0ms publish=0.0ms
2026-10-01 10:37:47,233 [INFO] __main__: [prof node:node_02]   high>15: 76 frames, objs/frame=26.4, infer=63.3ms
2026-10-01 10:37:50,367 [INFO] __main__: [prof node:node_01] ai 12.0 fps objs/frame=41.6 | infer=58.7ms track=2.8ms acquire=21.5ms
2026-10-01 10:37:50,368 [INFO] __main__: [prof node:node_01] disp 12.0 fps | acquire=0.0ms render=0.0ms publish=0.0ms
2026-10-01 10:37:50,368 [INFO] __main__: [prof node:node_01]   high>15: 61 frames, objs/frame=41.6, infer=58.7ms
2026-10-01 10:37:51,288 [INFO] __main__: [prof node:node_03] ai 15.7 fps objs/frame=44.4 | infer=60.1ms track=3.3ms acquire=0.0ms
2026-10-01 10:37:51,289 [INFO] __main__: [prof node:node_03] disp 25.0 fps | acquire=0.1ms render=0.0ms publish=0.0ms
2026-10-01 10:37:51,289 [INFO] __main__: [prof node:node_03]   high>15: 79 frames, objs/frame=44.4, infer=60.1ms
2026-10-01 10:37:52,243 [INFO] __main__: [prof node:node_02] ai 15.2 fps objs/frame=23.7 | infer=62.6ms track=2.0ms acquire=1.0ms
2026-10-01 10:37:52,243 [INFO] __main__: [prof node:node_02] disp 24.6 fps | acquire=0.1ms render=0.0ms publish=0.0ms
2026-10-01 10:37:52,243 [INFO] __main__: [prof node:node_02]   low<10: 1 frames, objs/frame=4.0, infer=64.6ms
2026-10-01 10:37:52,243 [INFO] __main__: [prof node:node_02]   high>15: 75 frames, objs/frame=24.0, infer=62.6ms
2026-10-01 10:37:55,385 [INFO] __main__: [prof node:node_01] ai 11.9 fps objs/frame=35.7 | infer=57.7ms track=2.9ms acquire=22.7ms
2026-10-01 10:37:55,385 [INFO] __main__: [prof node:node_01] disp 12.1 fps | acquire=0.0ms render=0.0ms publish=0.0ms
2026-10-01 10:37:55,385 [INFO] __main__: [prof node:node_01]   high>15: 60 frames, objs/frame=35.7, infer=57.7ms
2026-10-01 10:37:56,310 [INFO] __main__: [prof node:node_03] ai 15.5 fps objs/frame=43.5 | infer=59.9ms track=3.2ms acquire=1.0ms
2026-10-01 10:37:56,310 [INFO] __main__: [prof node:node_03] disp 24.5 fps | acquire=0.1ms render=0.0ms publish=0.0ms
2026-10-01 10:37:56,310 [INFO] __main__: [prof node:node_03]   high>15: 78 frames, objs/frame=43.5, infer=59.9ms
2026-10-01 10:37:57,303 [INFO] __main__: [prof node:node_02] ai 15.2 fps objs/frame=24.2 | infer=62.1ms track=1.9ms acquire=1.4ms
2026-10-01 10:37:57,303 [INFO] __main__: [prof node:node_02] disp 24.3 fps | acquire=0.1ms render=0.0ms publish=0.0ms
2026-10-01 10:37:57,305 [INFO] __main__: [prof node:node_02]   high>15: 77 frames, objs/frame=24.2, infer=62.1ms
2026-10-01 10:38:00,443 [INFO] __main__: [prof node:node_01] ai 12.1 fps objs/frame=42.8 | infer=59.2ms track=2.9ms acquire=20.3ms
2026-10-01 10:38:00,443 [INFO] __main__: [prof node:node_01] disp 11.9 fps | acquire=0.0ms render=0.0ms publish=0.0ms
2026-10-01 10:38:00,443 [INFO] __main__: [prof node:node_01]   high>15: 61 frames, objs/frame=42.8, infer=59.2ms
2026-10-01 10:38:01,317 [INFO] __main__: [prof node:node_03] ai 15.6 fps objs/frame=39.2 | infer=60.2ms track=2.7ms acquire=1.1ms
2026-10-01 10:38:01,317 [INFO] __main__: [prof node:node_03] disp 24.0 fps | acquire=0.1ms render=0.0ms publish=0.0ms
2026-10-01 10:38:01,317 [INFO] __main__: [prof node:node_03]   high>15: 78 frames, objs/frame=39.2, infer=60.2ms
2026-10-01 10:38:02,305 [INFO] __main__: [prof node:node_02] ai 16.2 fps objs/frame=23.8 | infer=59.1ms track=1.9ms acquire=0.5ms
2026-10-01 10:38:02,307 [INFO] __main__: [prof node:node_02] disp 24.8 fps | acquire=0.1ms render=0.0ms publish=0.0ms
2026-10-01 10:38:02,307 [INFO] __main__: [prof node:node_02]   high>15: 81 frames, objs/frame=23.8, infer=59.1ms
2026-10-01 10:38:05,448 [INFO] __main__: [prof node:node_01] ai 12.0 fps objs/frame=42.5 | infer=56.3ms track=2.6ms acquire=24.0ms
2026-10-01 10:38:05,448 [INFO] __main__: [prof node:node_01] disp 12.0 fps | acquire=0.0ms render=0.0ms publish=0.0ms
2026-10-01 10:38:05,448 [INFO] __main__: [prof node:node_01]   high>15: 60 frames, objs/frame=42.5, infer=56.3ms
2026-10-01 10:38:06,323 [INFO] __main__: [prof node:node_03] ai 15.8 fps objs/frame=35.2 | infer=58.7ms track=2.3ms acquire=2.1ms
2026-10-01 10:38:06,323 [INFO] __main__: [prof node:node_03] disp 24.0 fps | acquire=0.1ms render=0.0ms publish=0.0ms
2026-10-01 10:38:06,323 [INFO] __main__: [prof node:node_03]   low<10: 1 frames, objs/frame=4.0, infer=60.9ms
2026-10-01 10:38:06,323 [INFO] __main__: [prof node:node_03]   high>15: 78 frames, objs/frame=35.6, infer=58.7ms
2026-10-01 10:38:07,323 [INFO] __main__: [prof node:node_02] ai 16.5 fps objs/frame=24.7 | infer=57.8ms track=1.9ms acquire=0.5ms
2026-10-01 10:38:07,323 [INFO] __main__: [prof node:node_02] disp 24.7 fps | acquire=0.0ms render=0.0ms publish=0.0ms
2026-10-01 10:38:07,329 [INFO] __main__: [prof node:node_02]   high>15: 83 frames, objs/frame=24.7, infer=57.8ms
2026-10-01 10:38:10,531 [INFO] __main__: [prof node:node_01] ai 12.0 fps objs/frame=40.9 | infer=58.7ms track=2.4ms acquire=21.8ms
2026-10-01 10:38:10,532 [INFO] __main__: [prof node:node_01] disp 12.0 fps | acquire=0.0ms render=0.0ms publish=0.0ms
2026-10-01 10:38:10,532 [INFO] __main__: [prof node:node_01]   high>15: 61 frames, objs/frame=40.9, infer=58.7ms
2026-10-01 10:38:11,330 [INFO] __main__: [prof node:node_03] ai 15.4 fps objs/frame=40.9 | infer=61.4ms track=2.3ms acquire=1.0ms
2026-10-01 10:38:11,330 [INFO] __main__: [prof node:node_03] disp 24.6 fps | acquire=0.1ms render=0.0ms publish=0.0ms
2026-10-01 10:38:11,330 [INFO] __main__: [prof node:node_03]   high>15: 77 frames, objs/frame=40.9, infer=61.4ms
2026-10-01 10:38:12,371 [INFO] __main__: [prof node:node_02] ai 15.5 fps objs/frame=29.8 | infer=61.8ms track=2.2ms acquire=0.4ms
2026-10-01 10:38:12,371 [INFO] __main__: [prof node:node_02] disp 24.8 fps | acquire=0.1ms render=0.0ms publish=0.0ms
2026-10-01 10:38:12,371 [INFO] __main__: [prof node:node_02]   high>15: 78 frames, objs/frame=29.8, infer=61.8ms
2026-10-01 10:38:15,536 [INFO] __main__: [prof node:node_01] ai 12.0 fps objs/frame=40.6 | infer=61.2ms track=2.8ms acquire=19.0ms
2026-10-01 10:38:15,536 [INFO] __main__: [prof node:node_01] disp 12.0 fps | acquire=0.0ms render=0.0ms publish=0.0ms
2026-10-01 10:38:15,538 [INFO] __main__: [prof node:node_01]   high>15: 60 frames, objs/frame=40.6, infer=61.2ms
2026-10-01 10:38:16,330 [INFO] __main__: [prof node:node_03] ai 15.2 fps objs/frame=42.0 | infer=62.1ms track=3.2ms acquire=0.2ms
2026-10-01 10:38:16,330 [INFO] __main__: [prof node:node_03] disp 25.0 fps | acquire=0.1ms render=0.0ms publish=0.0ms
2026-10-01 10:38:16,330 [INFO] __main__: [prof node:node_03]   high>15: 76 frames, objs/frame=42.0, infer=62.1ms
2026-10-01 10:38:17,415 [INFO] __main__: [prof node:node_02] ai 14.9 fps objs/frame=29.0 | infer=63.8ms track=2.1ms acquire=1.0ms
2026-10-01 10:38:17,415 [INFO] __main__: [prof node:node_02] disp 24.6 fps | acquire=0.1ms render=0.0ms publish=0.0ms
2026-10-01 10:38:17,415 [INFO] __main__: [prof node:node_02]   high>15: 75 frames, objs/frame=29.0, infer=63.8ms
2026-10-01 10:38:20,593 [INFO] __main__: [prof node:node_01] ai 12.0 fps objs/frame=50.4 | infer=61.7ms track=3.0ms acquire=17.8ms
2026-10-01 10:38:20,600 [INFO] __main__: [prof node:node_01] disp 12.0 fps | acquire=0.0ms render=0.0ms publish=0.0ms
2026-10-01 10:38:20,600 [INFO] __main__: [prof node:node_01]   high>15: 61 frames, objs/frame=50.4, infer=61.7ms
2026-10-01 10:38:21,336 [INFO] __main__: [prof node:node_03] ai 14.8 fps objs/frame=31.6 | infer=63.9ms track=3.3ms acquire=0.1ms
2026-10-01 10:38:21,337 [INFO] __main__: [prof node:node_03] disp 24.4 fps | acquire=0.1ms render=0.0ms publish=0.0ms
2026-10-01 10:38:21,337 [INFO] __main__: [prof node:node_03]   high>15: 74 frames, objs/frame=31.6, infer=63.9ms
2026-10-01 10:38:22,454 [INFO] __main__: [prof node:node_02] ai 14.7 fps objs/frame=26.2 | infer=64.1ms track=1.7ms acquire=1.9ms
2026-10-01 10:38:22,455 [INFO] __main__: [prof node:node_02] disp 24.0 fps | acquire=0.1ms render=0.0ms publish=0.0ms
2026-10-01 10:38:22,455 [INFO] __main__: [prof node:node_02]   high>15: 74 frames, objs/frame=26.2, infer=64.1ms
2026-10-01 10:38:25,621 [INFO] __main__: [prof node:node_01] ai 11.9 fps objs/frame=47.4 | infer=58.2ms track=2.8ms acquire=22.2ms
2026-10-01 10:38:25,621 [INFO] __main__: [prof node:node_01] disp 11.9 fps | acquire=0.0ms render=0.0ms publish=0.0ms
2026-10-01 10:38:25,621 [INFO] __main__: [prof node:node_01]   high>15: 60 frames, objs/frame=47.4, infer=58.2ms
2026-10-01 10:38:26,398 [INFO] __main__: [prof node:node_03] ai 15.6 fps objs/frame=34.6 | infer=60.6ms track=2.5ms acquire=0.7ms
2026-10-01 10:38:26,398 [INFO] __main__: [prof node:node_03] disp 24.9 fps | acquire=0.1ms render=0.0ms publish=0.0ms
2026-10-01 10:38:26,398 [INFO] __main__: [prof node:node_03]   high>15: 79 frames, objs/frame=34.6, infer=60.6ms
2026-10-01 10:38:27,468 [INFO] __main__: [prof node:node_02] ai 16.3 fps objs/frame=23.8 | infer=58.9ms track=1.8ms acquire=0.2ms
2026-10-01 10:38:27,468 [INFO] __main__: [prof node:node_02] disp 24.9 fps | acquire=0.1ms render=0.0ms publish=0.0ms
2026-10-01 10:38:27,468 [INFO] __main__: [prof node:node_02]   high>15: 82 frames, objs/frame=23.8, infer=58.9ms
2026-10-01 10:38:30,697 [INFO] __main__: [prof node:node_01] ai 12.0 fps objs/frame=49.1 | infer=58.4ms track=2.6ms acquire=21.8ms
2026-10-01 10:38:30,697 [INFO] __main__: [prof node:node_01] disp 12.0 fps | acquire=0.0ms render=0.0ms publish=0.0ms
2026-10-01 10:38:30,697 [INFO] __main__: [prof node:node_01]   high>15: 61 frames, objs/frame=49.1, infer=58.4ms
2026-10-01 10:38:31,405 [INFO] __main__: [prof node:node_03] ai 16.0 fps objs/frame=23.2 | infer=58.2ms track=2.2ms acquire=1.9ms
2026-10-01 10:38:31,406 [INFO] __main__: [prof node:node_03] disp 24.4 fps | acquire=0.1ms render=0.0ms publish=0.0ms
2026-10-01 10:38:31,406 [INFO] __main__: [prof node:node_03]   low<10: 1 frames, objs/frame=0.0, infer=37.7ms
2026-10-01 10:38:31,406 [INFO] __main__: [prof node:node_03]   high>15: 79 frames, objs/frame=23.5, infer=58.5ms
2026-10-01 10:38:32,531 [INFO] __main__: [prof node:node_02] ai 16.2 fps objs/frame=27.7 | infer=58.2ms track=2.7ms acquire=0.4ms
2026-10-01 10:38:32,531 [INFO] __main__: [prof node:node_02] disp 24.7 fps | acquire=0.1ms render=0.0ms publish=0.0ms
2026-10-01 10:38:32,531 [INFO] __main__: [prof node:node_02]   high>15: 82 frames, objs/frame=27.7, infer=58.2ms
2026-10-01 10:38:35,718 [INFO] __main__: [prof node:node_01] ai 12.0 fps objs/frame=48.4 | infer=56.4ms track=2.9ms acquire=23.9ms
2026-10-01 10:38:35,718 [INFO] __main__: [prof node:node_01] disp 12.0 fps | acquire=0.0ms render=0.0ms publish=0.0ms
2026-10-01 10:38:35,718 [INFO] __main__: [prof node:node_01]   high>15: 60 frames, objs/frame=48.4, infer=56.4ms
2026-10-01 10:38:36,412 [INFO] __main__: [prof node:node_03] ai 16.0 fps objs/frame=22.0 | infer=58.8ms track=2.0ms acquire=1.7ms
2026-10-01 10:38:36,412 [INFO] __main__: [prof node:node_03] disp 24.5 fps | acquire=0.1ms render=0.0ms publish=0.0ms
2026-10-01 10:38:36,412 [INFO] __main__: [prof node:node_03]   high>15: 77 frames, objs/frame=22.3, infer=58.5ms
2026-10-01 10:38:37,551 [INFO] __main__: [prof node:node_02] ai 16.3 fps objs/frame=27.5 | infer=58.1ms track=2.6ms acquire=0.1ms
2026-10-01 10:38:37,551 [INFO] __main__: [prof node:node_02] disp 24.7 fps | acquire=0.1ms render=0.0ms publish=0.0ms
2026-10-01 10:38:37,551 [INFO] __main__: [prof node:node_02]   high>15: 82 frames, objs/frame=27.5, infer=58.1ms
2026-10-01 10:38:40,786 [INFO] __main__: [prof node:node_01] ai 12.0 fps objs/frame=51.8 | infer=56.1ms track=3.2ms acquire=23.3ms
2026-10-01 10:38:40,787 [INFO] __main__: [prof node:node_01] disp 12.0 fps | acquire=0.0ms render=0.0ms publish=0.0ms
2026-10-01 10:38:40,787 [INFO] __main__: [prof node:node_01]   high>15: 61 frames, objs/frame=51.8, infer=56.1ms
2026-10-01 10:38:41,444 [INFO] __main__: [prof node:node_03] ai 16.7 fps objs/frame=14.2 | infer=56.5ms track=1.8ms acquire=1.4ms
2026-10-01 10:38:41,454 [INFO] __main__: [prof node:node_03] disp 24.2 fps | acquire=0.0ms render=0.0ms publish=0.0ms
2026-10-01 10:38:41,454 [INFO] __main__: [prof node:node_03]   low<10: 10 frames, objs/frame=8.5, infer=52.5ms
2026-10-01 10:38:41,454 [INFO] __main__: [prof node:node_03]   high>15: 35 frames, objs/frame=18.8, infer=56.0ms
2026-10-01 10:38:42,572 [INFO] __main__: [prof node:node_02] ai 16.3 fps objs/frame=26.6 | infer=56.1ms track=2.3ms acquire=2.5ms
2026-10-01 10:38:42,572 [INFO] __main__: [prof node:node_02] disp 24.1 fps | acquire=0.1ms render=0.0ms publish=0.0ms
2026-10-01 10:38:42,572 [INFO] __main__: [prof node:node_02]   high>15: 82 frames, objs/frame=26.6, infer=56.1ms
2026-10-01 10:38:45,844 [INFO] __main__: [prof node:node_01] ai 12.1 fps objs/frame=51.4 | infer=55.1ms track=3.5ms acquire=23.7ms
2026-10-01 10:38:45,845 [INFO] __main__: [prof node:node_01] disp 12.1 fps | acquire=0.0ms render=0.0ms publish=0.0ms
2026-10-01 10:38:45,845 [INFO] __main__: [prof node:node_01]   high>15: 61 frames, objs/frame=51.4, infer=55.1ms
2026-10-01 10:38:46,489 [INFO] __main__: [prof node:node_03] ai 17.3 fps objs/frame=9.2 | infer=55.4ms track=1.3ms acquire=1.0ms
2026-10-01 10:38:46,489 [INFO] __main__: [prof node:node_03] disp 24.8 fps | acquire=0.0ms render=0.0ms publish=0.0ms
2026-10-01 10:38:46,489 [INFO] __main__: [prof node:node_03]   low<10: 56 frames, objs/frame=7.5, infer=55.5ms
2026-10-01 10:38:46,489 [INFO] __main__: [prof node:node_03]   high>15: 2 frames, objs/frame=16.0, infer=64.0ms
2026-10-01 10:38:47,632 [INFO] __main__: [prof node:node_02] ai 17.6 fps objs/frame=27.8 | infer=54.3ms track=1.9ms acquire=0.3ms
2026-10-01 10:38:47,632 [INFO] __main__: [prof node:node_02] disp 24.9 fps | acquire=0.0ms render=0.0ms publish=0.0ms
2026-10-01 10:38:47,634 [INFO] __main__: [prof node:node_02]   high>15: 89 frames, objs/frame=27.8, infer=54.3ms
2026-10-01 10:38:50,849 [INFO] __main__: [prof node:node_01] ai 12.0 fps objs/frame=52.0 | infer=57.9ms track=3.5ms acquire=21.6ms
2026-10-01 10:38:50,849 [INFO] __main__: [prof node:node_01] disp 12.0 fps | acquire=0.0ms render=0.0ms publish=0.0ms
2026-10-01 10:38:50,849 [INFO] __main__: [prof node:node_01]   high>15: 60 frames, objs/frame=52.0, infer=57.9ms
2026-10-01 10:38:51,509 [INFO] __main__: [prof node:node_03] ai 16.1 fps objs/frame=23.9 | infer=59.2ms track=1.7ms acquire=0.9ms
2026-10-01 10:38:51,516 [INFO] __main__: [prof node:node_03] disp 24.7 fps | acquire=0.1ms render=0.0ms publish=0.0ms
2026-10-01 10:38:51,516 [INFO] __main__: [prof node:node_03]   low<10: 1 frames, objs/frame=0.0, infer=61.3ms
2026-10-01 10:38:51,516 [INFO] __main__: [prof node:node_03]   high>15: 74 frames, objs/frame=25.0, infer=59.0ms
2026-10-01 10:38:52,701 [INFO] __main__: [prof node:node_02] ai 15.6 fps objs/frame=30.1 | infer=61.0ms track=2.0ms acquire=0.9ms
2026-10-01 10:38:52,703 [INFO] __main__: [prof node:node_02] disp 24.7 fps | acquire=0.1ms render=0.0ms publish=0.0ms
2026-10-01 10:38:52,703 [INFO] __main__: [prof node:node_02]   high>15: 79 frames, objs/frame=30.1, infer=61.0ms
2026-10-01 10:38:55,877 [INFO] __main__: [prof node:node_01] ai 11.9 fps objs/frame=52.7 | infer=60.6ms track=3.4ms acquire=19.3ms
2026-10-01 10:38:55,877 [INFO] __main__: [prof node:node_01] disp 11.9 fps | acquire=0.0ms render=0.0ms publish=0.0ms
2026-10-01 10:38:55,877 [INFO] __main__: [prof node:node_01]   high>15: 60 frames, objs/frame=52.7, infer=60.6ms
2026-10-01 10:38:56,585 [INFO] __main__: [prof node:node_03] ai 15.2 fps objs/frame=29.5 | infer=62.2ms track=2.6ms acquire=0.7ms
2026-10-01 10:38:56,585 [INFO] __main__: [prof node:node_03] disp 24.4 fps | acquire=0.1ms render=0.0ms publish=0.0ms
2026-10-01 10:38:56,585 [INFO] __main__: [prof node:node_03]   high>15: 77 frames, objs/frame=29.5, infer=62.2ms
2026-10-01 10:38:57,727 [INFO] __main__: [prof node:node_02] ai 15.1 fps objs/frame=31.3 | infer=62.4ms track=2.3ms acquire=1.1ms
2026-10-01 10:38:57,727 [INFO] __main__: [prof node:node_02] disp 24.4 fps | acquire=0.1ms render=0.0ms publish=0.0ms
2026-10-01 10:38:57,727 [INFO] __main__: [prof node:node_02]   high>15: 76 frames, objs/frame=31.3, infer=62.4ms
2026-10-01 10:39:00,877 [INFO] __main__: [prof node:node_01] ai 12.0 fps objs/frame=52.0 | infer=66.0ms track=3.4ms acquire=13.4ms
2026-10-01 10:39:00,877 [INFO] __main__: [prof node:node_01] disp 12.0 fps | acquire=0.0ms render=0.0ms publish=0.0ms
2026-10-01 10:39:00,877 [INFO] __main__: [prof node:node_01]   high>15: 60 frames, objs/frame=52.0, infer=66.0ms
2026-10-01 10:39:01,640 [INFO] __main__: [prof node:node_03] ai 13.9 fps objs/frame=35.6 | infer=68.6ms track=2.9ms acquire=0.4ms
2026-10-01 10:39:01,641 [INFO] __main__: [prof node:node_03] disp 24.3 fps | acquire=0.1ms render=0.0ms publish=0.0ms
2026-10-01 10:39:01,641 [INFO] __main__: [prof node:node_03]   low<10: 1 frames, objs/frame=3.0, infer=71.9ms
2026-10-01 10:39:01,641 [INFO] __main__: [prof node:node_03]   high>15: 69 frames, objs/frame=36.1, infer=68.6ms
2026-10-01 10:39:02,734 [INFO] __main__: [prof node:node_02] ai 13.8 fps objs/frame=34.6 | infer=68.9ms track=2.3ms acquire=1.0ms
2026-10-01 10:39:02,734 [INFO] __main__: [prof node:node_02] disp 24.2 fps | acquire=0.1ms render=0.0ms publish=0.0ms
2026-10-01 10:39:02,734 [INFO] __main__: [prof node:node_02]   high>15: 69 frames, objs/frame=34.6, infer=68.9ms
2026-10-01 10:39:05,953 [INFO] __main__: [prof node:node_01] ai 12.0 fps objs/frame=54.8 | infer=72.1ms track=3.4ms acquire=7.2ms
2026-10-01 10:39:05,953 [INFO] __main__: [prof node:node_01] disp 12.0 fps | acquire=0.0ms render=0.0ms publish=0.0ms
2026-10-01 10:39:05,953 [INFO] __main__: [prof node:node_01]   high>15: 61 frames, objs/frame=54.8, infer=72.1ms
2026-10-01 10:39:06,661 [INFO] __main__: [prof node:node_03] ai 12.7 fps objs/frame=40.1 | infer=74.8ms track=3.3ms acquire=0.0ms
2026-10-01 10:39:06,661 [INFO] __main__: [prof node:node_03] disp 24.9 fps | acquire=0.1ms render=0.0ms publish=0.0ms
2026-10-01 10:39:06,661 [INFO] __main__: [prof node:node_03]   high>15: 64 frames, objs/frame=40.1, infer=74.8ms
2026-10-01 10:39:07,807 [INFO] __main__: [prof node:node_02] ai 13.0 fps objs/frame=34.4 | infer=73.5ms track=2.3ms acquire=0.6ms
2026-10-01 10:39:07,807 [INFO] __main__: [prof node:node_02] disp 24.5 fps | acquire=0.1ms render=0.0ms publish=0.0ms
2026-10-01 10:39:07,807 [INFO] __main__: [prof node:node_02]   high>15: 66 frames, objs/frame=34.4, infer=73.5ms
2026-10-01 10:39:10,967 [INFO] __main__: [prof node:node_01] ai 12.0 fps objs/frame=52.8 | infer=66.0ms track=3.5ms acquire=13.6ms
2026-10-01 10:39:10,969 [INFO] __main__: [prof node:node_01] disp 12.2 fps | acquire=0.0ms render=0.0ms publish=0.0ms
2026-10-01 10:39:10,969 [INFO] __main__: [prof node:node_01]   high>15: 60 frames, objs/frame=52.8, infer=66.0ms
2026-10-01 10:39:11,669 [INFO] __main__: [prof node:node_03] ai 13.6 fps objs/frame=41.1 | infer=68.5ms track=3.4ms acquire=1.4ms
2026-10-01 10:39:11,669 [INFO] __main__: [prof node:node_03] disp 24.3 fps | acquire=0.1ms render=0.0ms publish=0.0ms
2026-10-01 10:39:11,675 [INFO] __main__: [prof node:node_03]   low<10: 1 frames, objs/frame=0.0, infer=64.1ms
2026-10-01 10:39:11,675 [INFO] __main__: [prof node:node_03]   high>15: 67 frames, objs/frame=41.7, infer=68.6ms
2026-10-01 10:39:12,824 [INFO] __main__: [prof node:node_02] ai 13.6 fps objs/frame=32.2 | infer=70.3ms track=2.4ms acquire=0.7ms
2026-10-01 10:39:12,827 [INFO] __main__: [prof node:node_02] disp 24.3 fps | acquire=0.1ms render=0.0ms publish=0.0ms
2026-10-01 10:39:12,828 [INFO] __main__: [prof node:node_02]   high>15: 68 frames, objs/frame=32.2, infer=70.3ms
2026-10-01 10:39:16,036 [INFO] __main__: [prof node:node_01] ai 12.0 fps objs/frame=50.8 | infer=71.6ms track=3.1ms acquire=7.9ms
2026-10-01 10:39:16,036 [INFO] __main__: [prof node:node_01] disp 11.8 fps | acquire=0.0ms render=0.0ms publish=0.0ms
2026-10-01 10:39:16,036 [INFO] __main__: [prof node:node_01]   high>15: 61 frames, objs/frame=50.8, infer=71.6ms
2026-10-01 10:39:16,730 [INFO] __main__: [prof node:node_03] ai 12.9 fps objs/frame=44.7 | infer=74.2ms track=3.3ms acquire=0.0ms
2026-10-01 10:39:16,731 [INFO] __main__: [prof node:node_03] disp 24.7 fps | acquire=0.1ms render=0.0ms publish=0.0ms
2026-10-01 10:39:16,731 [INFO] __main__: [prof node:node_03]   high>15: 65 frames, objs/frame=44.7, infer=74.2ms
2026-10-01 10:39:17,842 [INFO] __main__: [prof node:node_02] ai 13.2 fps objs/frame=35.0 | infer=71.9ms track=2.5ms acquire=1.2ms
2026-10-01 10:39:17,842 [INFO] __main__: [prof node:node_02] disp 24.5 fps | acquire=0.1ms render=0.0ms publish=0.0ms
2026-10-01 10:39:17,842 [INFO] __main__: [prof node:node_02]   high>15: 66 frames, objs/frame=35.0, infer=71.9ms
2026-10-01 10:39:21,056 [INFO] __main__: [prof node:node_01] ai 12.0 fps objs/frame=51.5 | infer=65.2ms track=3.1ms acquire=14.9ms
2026-10-01 10:39:21,057 [INFO] __main__: [prof node:node_01] disp 12.2 fps | acquire=0.0ms render=0.0ms publish=0.0ms
2026-10-01 10:39:21,057 [INFO] __main__: [prof node:node_01]   high>15: 60 frames, objs/frame=51.5, infer=65.2ms
2026-10-01 10:39:21,792 [INFO] __main__: [prof node:node_03] ai 14.2 fps objs/frame=42.8 | infer=67.5ms track=2.5ms acquire=0.0ms
2026-10-01 10:39:21,794 [INFO] __main__: [prof node:node_03] disp 24.7 fps | acquire=0.1ms render=0.0ms publish=0.0ms
2026-10-01 10:39:21,794 [INFO] __main__: [prof node:node_03]   high>15: 72 frames, objs/frame=42.8, infer=67.5ms
2026-10-01 10:39:22,914 [INFO] __main__: [prof node:node_02] ai 13.0 fps objs/frame=34.4 | infer=71.8ms track=2.3ms acquire=2.5ms
2026-10-01 10:39:22,917 [INFO] __main__: [prof node:node_02] disp 24.1 fps | acquire=0.1ms render=0.0ms publish=0.0ms
2026-10-01 10:39:22,918 [INFO] __main__: [prof node:node_02]   high>15: 66 frames, objs/frame=34.4, infer=71.8ms
2026-10-01 10:39:26,142 [INFO] __main__: [prof node:node_01] ai 12.0 fps objs/frame=54.9 | infer=68.6ms track=3.2ms acquire=11.2ms
2026-10-01 10:39:26,146 [INFO] __main__: [prof node:node_01] disp 12.0 fps | acquire=0.0ms render=0.0ms publish=0.0ms
2026-10-01 10:39:26,147 [INFO] __main__: [prof node:node_01]   high>15: 61 frames, objs/frame=54.9, infer=68.6ms
2026-10-01 10:39:26,834 [INFO] __main__: [prof node:node_03] ai 14.1 fps objs/frame=40.9 | infer=68.4ms track=2.2ms acquire=0.1ms
2026-10-01 10:39:26,834 [INFO] __main__: [prof node:node_03] disp 24.8 fps | acquire=0.1ms render=0.0ms publish=0.0ms
2026-10-01 10:39:26,834 [INFO] __main__: [prof node:node_03]   high>15: 71 frames, objs/frame=40.9, infer=68.4ms
2026-10-01 10:39:27,980 [INFO] __main__: [prof node:node_02] ai 13.8 fps objs/frame=33.0 | infer=68.4ms track=1.9ms acquire=1.7ms
2026-10-01 10:39:27,980 [INFO] __main__: [prof node:node_02] disp 24.1 fps | acquire=0.1ms render=0.0ms publish=0.0ms
2026-10-01 10:39:27,980 [INFO] __main__: [prof node:node_02]   high>15: 70 frames, objs/frame=33.0, infer=68.4ms
2026-10-01 10:39:31,213 [INFO] __main__: [prof node:node_01] ai 12.0 fps objs/frame=46.6 | infer=60.0ms track=3.2ms acquire=19.4ms
2026-10-01 10:39:31,213 [INFO] __main__: [prof node:node_01] disp 11.8 fps | acquire=0.0ms render=0.0ms publish=0.0ms
2026-10-01 10:39:31,213 [INFO] __main__: [prof node:node_01]   low<10: 1 frames, objs/frame=0.0, infer=51.2ms
2026-10-01 10:39:31,215 [INFO] __main__: [prof node:node_01]   high>15: 60 frames, objs/frame=47.4, infer=60.2ms
2026-10-01 10:39:31,869 [INFO] __main__: [prof node:node_03] ai 16.3 fps objs/frame=27.5 | infer=58.2ms track=1.7ms acquire=1.4ms
2026-10-01 10:39:31,869 [INFO] __main__: [prof node:node_03] disp 24.6 fps | acquire=0.1ms render=0.0ms publish=0.0ms
2026-10-01 10:39:31,869 [INFO] __main__: [prof node:node_03]   high>15: 82 frames, objs/frame=27.5, infer=58.2ms
2026-10-01 10:39:33,044 [INFO] __main__: [prof node:node_02] ai 15.0 fps objs/frame=32.4 | infer=60.5ms track=2.1ms acquire=3.7ms
2026-10-01 10:39:33,044 [INFO] __main__: [prof node:node_02] disp 23.5 fps | acquire=0.1ms render=0.0ms publish=0.0ms
2026-10-01 10:39:33,044 [INFO] __main__: [prof node:node_02]   high>15: 76 frames, objs/frame=32.4, infer=60.5ms
2026-10-01 10:39:36,278 [INFO] __main__: [prof node:node_01] ai 12.0 fps objs/frame=49.4 | infer=59.8ms track=3.2ms acquire=19.5ms
2026-10-01 10:39:36,278 [INFO] __main__: [prof node:node_01] disp 12.0 fps | acquire=0.0ms render=0.0ms publish=0.0ms
2026-10-01 10:39:36,278 [INFO] __main__: [prof node:node_01]   high>15: 61 frames, objs/frame=49.4, infer=59.8ms
2026-10-01 10:39:36,924 [INFO] __main__: [prof node:node_03] ai 15.0 fps objs/frame=38.0 | infer=63.1ms track=1.7ms acquire=1.3ms
2026-10-01 10:39:36,924 [INFO] __main__: [prof node:node_03] disp 24.5 fps | acquire=0.1ms render=0.0ms publish=0.0ms
2026-10-01 10:39:36,924 [INFO] __main__: [prof node:node_03]   high>15: 76 frames, objs/frame=38.0, infer=63.1ms
2026-10-01 10:39:38,091 [INFO] __main__: [prof node:node_02] ai 15.1 fps objs/frame=34.6 | infer=63.1ms track=2.1ms acquire=0.9ms
2026-10-01 10:39:38,091 [INFO] __main__: [prof node:node_02] disp 24.6 fps | acquire=0.1ms render=0.0ms publish=0.0ms
2026-10-01 10:39:38,091 [INFO] __main__: [prof node:node_02]   high>15: 76 frames, objs/frame=34.6, infer=63.1ms
2026-10-01 10:39:41,295 [INFO] __main__: [prof node:node_01] ai 12.0 fps objs/frame=49.2 | infer=64.3ms track=3.1ms acquire=15.8ms
2026-10-01 10:39:41,295 [INFO] __main__: [prof node:node_01] disp 12.0 fps | acquire=0.0ms render=0.0ms publish=0.0ms
2026-10-01 10:39:41,295 [INFO] __main__: [prof node:node_01]   high>15: 60 frames, objs/frame=49.2, infer=64.3ms
2026-10-01 10:39:41,931 [INFO] __main__: [prof node:node_03] ai 14.0 fps objs/frame=36.4 | infer=69.3ms track=2.0ms acquire=0.0ms
2026-10-01 10:39:41,931 [INFO] __main__: [prof node:node_03] disp 24.2 fps | acquire=0.1ms render=0.0ms publish=0.0ms
2026-10-01 10:39:41,931 [INFO] __main__: [prof node:node_03]   high>15: 70 frames, objs/frame=36.4, infer=69.3ms
2026-10-01 10:39:43,155 [INFO] __main__: [prof node:node_02] ai 13.8 fps objs/frame=31.2 | infer=68.4ms track=3.2ms acquire=0.3ms
2026-10-01 10:39:43,157 [INFO] __main__: [prof node:node_02] disp 24.5 fps | acquire=0.1ms render=0.0ms publish=0.0ms
2026-10-01 10:39:43,157 [INFO] __main__: [prof node:node_02]   high>15: 70 frames, objs/frame=31.2, infer=68.4ms
2026-10-01 10:39:46,390 [INFO] __main__: [prof node:node_01] ai 12.0 fps objs/frame=49.0 | infer=64.5ms track=3.4ms acquire=15.1ms
2026-10-01 10:39:46,391 [INFO] __main__: [prof node:node_01] disp 12.0 fps | acquire=0.0ms render=0.0ms publish=0.0ms
2026-10-01 10:39:46,391 [INFO] __main__: [prof node:node_01]   high>15: 61 frames, objs/frame=49.0, infer=64.5ms
2026-10-01 10:39:46,993 [INFO] __main__: [prof node:node_03] ai 14.4 fps objs/frame=41.9 | infer=65.3ms track=2.0ms acquire=1.8ms
2026-10-01 10:39:47,000 [INFO] __main__: [prof node:node_03] disp 24.5 fps | acquire=0.1ms render=0.0ms publish=0.0ms
2026-10-01 10:39:47,000 [INFO] __main__: [prof node:node_03]   high>15: 73 frames, objs/frame=41.9, infer=65.3ms
2026-10-01 10:39:48,215 [INFO] __main__: [prof node:node_02] ai 15.0 fps objs/frame=22.9 | infer=63.1ms track=2.7ms acquire=0.4ms
2026-10-01 10:39:48,215 [INFO] __main__: [prof node:node_02] disp 24.9 fps | acquire=0.1ms render=0.0ms publish=0.0ms
2026-10-01 10:39:48,215 [INFO] __main__: [prof node:node_02]   high>15: 76 frames, objs/frame=22.9, infer=63.1ms
2026-10-01 10:39:51,458 [INFO] __main__: [prof node:node_01] ai 12.0 fps objs/frame=46.2 | infer=60.1ms track=4.6ms acquire=18.0ms
2026-10-01 10:39:51,458 [INFO] __main__: [prof node:node_01] disp 12.0 fps | acquire=0.0ms render=0.0ms publish=0.0ms
2026-10-01 10:39:51,465 [INFO] __main__: [prof node:node_01]   high>15: 61 frames, objs/frame=46.2, infer=60.1ms
2026-10-01 10:39:52,042 [INFO] __main__: [prof node:node_03] ai 14.9 fps objs/frame=39.6 | infer=64.1ms track=2.1ms acquire=0.8ms
2026-10-01 10:39:52,042 [INFO] __main__: [prof node:node_03] disp 24.8 fps | acquire=0.1ms render=0.0ms publish=0.0ms
2026-10-01 10:39:52,048 [INFO] __main__: [prof node:node_03]   high>15: 75 frames, objs/frame=39.6, infer=64.1ms
2026-10-01 10:39:53,252 [INFO] __main__: [prof node:node_02] ai 15.1 fps objs/frame=21.2 | infer=61.9ms track=2.4ms acquire=1.7ms
2026-10-01 10:39:53,252 [INFO] __main__: [prof node:node_02] disp 24.2 fps | acquire=0.1ms render=0.0ms publish=0.0ms
2026-10-01 10:39:53,252 [INFO] __main__: [prof node:node_02]   high>15: 76 frames, objs/frame=21.2, infer=61.9ms
2026-10-01 10:39:56,535 [INFO] __main__: [prof node:node_01] ai 12.0 fps objs/frame=42.5 | infer=58.5ms track=4.6ms acquire=19.7ms
2026-10-01 10:39:56,541 [INFO] __main__: [prof node:node_01] disp 12.0 fps | acquire=0.0ms render=0.0ms publish=0.0ms
2026-10-01 10:39:56,542 [INFO] __main__: [prof node:node_01]   high>15: 61 frames, objs/frame=42.5, infer=58.5ms
2026-10-01 10:39:57,070 [INFO] __main__: [prof node:node_03] ai 14.7 fps objs/frame=42.3 | infer=62.7ms track=3.1ms acquire=1.8ms
2026-10-01 10:39:57,076 [INFO] __main__: [prof node:node_03] disp 23.9 fps | acquire=0.1ms render=0.0ms publish=0.0ms
2026-10-01 10:39:57,076 [INFO] __main__: [prof node:node_03]   high>15: 74 frames, objs/frame=42.3, infer=62.7ms
2026-10-01 10:39:58,298 [INFO] __main__: [prof node:node_02] ai 15.5 fps objs/frame=21.4 | infer=62.2ms track=1.8ms acquire=0.4ms
2026-10-01 10:39:58,298 [INFO] __main__: [prof node:node_02] disp 25.0 fps | acquire=0.1ms render=0.0ms publish=0.0ms
2026-10-01 10:39:58,299 [INFO] __main__: [prof node:node_02]   high>15: 76 frames, objs/frame=21.6, infer=62.4ms
2026-10-01 10:40:01,613 [INFO] __main__: [prof node:node_01] ai 12.0 fps objs/frame=39.7 | infer=56.2ms track=3.4ms acquire=23.1ms
2026-10-01 10:40:01,613 [INFO] __main__: [prof node:node_01] disp 12.0 fps | acquire=0.0ms render=0.0ms publish=0.0ms
2026-10-01 10:40:01,613 [INFO] __main__: [prof node:node_01]   low<10: 1 frames, objs/frame=0.0, infer=45.4ms
2026-10-01 10:40:01,613 [INFO] __main__: [prof node:node_01]   high>15: 60 frames, objs/frame=40.4, infer=56.4ms
2026-10-01 10:40:02,126 [INFO] __main__: [prof node:node_03] ai 17.0 fps objs/frame=32.4 | infer=54.6ms track=3.1ms acquire=0.7ms
2026-10-01 10:40:02,126 [INFO] __main__: [prof node:node_03] disp 24.8 fps | acquire=0.1ms render=0.0ms publish=0.0ms
2026-10-01 10:40:02,126 [INFO] __main__: [prof node:node_03]   high>15: 85 frames, objs/frame=32.6, infer=55.1ms
2026-10-01 10:40:03,299 [INFO] __main__: [prof node:node_02] ai 17.2 fps objs/frame=18.5 | infer=55.2ms track=1.6ms acquire=1.1ms
2026-10-01 10:40:03,299 [INFO] __main__: [prof node:node_02] disp 24.8 fps | acquire=0.0ms render=0.0ms publish=0.0ms
2026-10-01 10:40:03,299 [INFO] __main__: [prof node:node_02]   high>15: 57 frames, objs/frame=20.6, infer=54.9ms
2026-10-01 10:40:06,629 [INFO] __main__: [prof node:node_01] ai 12.0 fps objs/frame=33.3 | infer=53.8ms track=2.9ms acquire=26.4ms
2026-10-01 10:40:06,629 [INFO] __main__: [prof node:node_01] disp 12.0 fps | acquire=0.0ms render=0.0ms publish=0.0ms
2026-10-01 10:40:06,630 [INFO] __main__: [prof node:node_01]   low<10: 3 frames, objs/frame=0.7, infer=45.5ms
2026-10-01 10:40:06,630 [INFO] __main__: [prof node:node_01]   high>15: 57 frames, objs/frame=35.0, infer=54.3ms
2026-10-01 10:40:07,160 [INFO] __main__: [prof node:node_03] ai 17.5 fps objs/frame=31.7 | infer=53.9ms track=2.5ms acquire=0.6ms
2026-10-01 10:40:07,160 [INFO] __main__: [prof node:node_03] disp 24.8 fps | acquire=0.0ms render=0.0ms publish=0.0ms
2026-10-01 10:40:07,162 [INFO] __main__: [prof node:node_03]   low<10: 1 frames, objs/frame=0.0, infer=54.0ms
2026-10-01 10:40:07,162 [INFO] __main__: [prof node:node_03]   high>15: 87 frames, objs/frame=32.0, infer=53.9ms
2026-10-01 10:40:08,312 [INFO] __main__: [prof node:node_02] ai 16.9 fps objs/frame=19.2 | infer=55.3ms track=1.7ms acquire=1.7ms
2026-10-01 10:40:08,312 [INFO] __main__: [prof node:node_02] disp 24.3 fps | acquire=0.0ms render=0.0ms publish=0.0ms
2026-10-01 10:40:08,312 [INFO] __main__: [prof node:node_02]   low<10: 1 frames, objs/frame=0.0, infer=59.7ms
2026-10-01 10:40:08,312 [INFO] __main__: [prof node:node_02]   high>15: 77 frames, objs/frame=19.8, infer=54.8ms
2026-10-01 10:40:11,702 [INFO] __main__: [prof node:node_01] ai 12.0 fps objs/frame=28.7 | infer=52.4ms track=2.5ms acquire=27.9ms
2026-10-01 10:40:11,703 [INFO] __main__: [prof node:node_01] disp 12.0 fps | acquire=0.0ms render=0.0ms publish=0.0ms
2026-10-01 10:40:11,703 [INFO] __main__: [prof node:node_01]   high>15: 60 frames, objs/frame=28.9, infer=52.6ms
2026-10-01 10:40:12,175 [INFO] __main__: [prof node:node_03] ai 18.3 fps objs/frame=36.0 | infer=50.5ms track=3.0ms acquire=0.6ms
2026-10-01 10:40:12,176 [INFO] __main__: [prof node:node_03] disp 24.7 fps | acquire=0.0ms render=0.0ms publish=0.0ms
2026-10-01 10:40:12,176 [INFO] __main__: [prof node:node_03]   high>15: 92 frames, objs/frame=36.0, infer=50.5ms
2026-10-01 10:40:13,319 [INFO] __main__: [prof node:node_02] ai 18.0 fps objs/frame=10.4 | infer=52.8ms track=1.4ms acquire=1.2ms
2026-10-01 10:40:13,319 [INFO] __main__: [prof node:node_02] disp 24.8 fps | acquire=0.0ms render=0.0ms publish=0.0ms
2026-10-01 10:40:13,319 [INFO] __main__: [prof node:node_02]   low<10: 45 frames, objs/frame=8.4, infer=54.8ms
2026-10-01 10:40:13,319 [INFO] __main__: [prof node:node_02]   high>15: 8 frames, objs/frame=16.8, infer=51.8ms
2026-10-01 10:40:16,711 [INFO] __main__: [prof node:node_01] ai 12.0 fps objs/frame=31.4 | infer=51.0ms track=2.0ms acquire=30.0ms
2026-10-01 10:40:16,711 [INFO] __main__: [prof node:node_01] disp 12.0 fps | acquire=0.0ms render=0.0ms publish=0.0ms
2026-10-01 10:40:16,714 [INFO] __main__: [prof node:node_01]   high>15: 60 frames, objs/frame=31.4, infer=51.0ms
2026-10-01 10:40:17,179 [INFO] __main__: [prof node:node_03] ai 17.8 fps objs/frame=37.1 | infer=52.2ms track=3.2ms acquire=0.5ms
2026-10-01 10:40:17,179 [INFO] __main__: [prof node:node_03] disp 25.0 fps | acquire=0.0ms render=0.0ms publish=0.0ms
2026-10-01 10:40:17,179 [INFO] __main__: [prof node:node_03]   high>15: 89 frames, objs/frame=37.1, infer=52.2ms
2026-10-01 10:40:18,332 [INFO] __main__: [prof node:node_02] ai 17.2 fps objs/frame=17.9 | infer=55.6ms track=1.6ms acquire=0.8ms
2026-10-01 10:40:18,333 [INFO] __main__: [prof node:node_02] disp 24.8 fps | acquire=0.0ms render=0.0ms publish=0.0ms
2026-10-01 10:40:18,333 [INFO] __main__: [prof node:node_02]   low<10: 8 frames, objs/frame=8.8, infer=55.6ms
2026-10-01 10:40:18,333 [INFO] __main__: [prof node:node_02]   high>15: 60 frames, objs/frame=20.6, infer=56.4ms
2026-10-01 10:40:21,765 [INFO] __main__: [prof node:node_01] ai 12.1 fps objs/frame=31.9 | infer=53.9ms track=2.1ms acquire=26.4ms
2026-10-01 10:40:21,765 [INFO] __main__: [prof node:node_01] disp 12.1 fps | acquire=0.0ms render=0.0ms publish=0.0ms
2026-10-01 10:40:21,765 [INFO] __main__: [prof node:node_01]   high>15: 61 frames, objs/frame=31.9, infer=53.9ms
2026-10-01 10:40:22,210 [INFO] __main__: [prof node:node_03] ai 17.1 fps objs/frame=36.5 | infer=54.8ms track=3.4ms acquire=0.0ms
2026-10-01 10:40:22,210 [INFO] __main__: [prof node:node_03] disp 24.7 fps | acquire=0.0ms render=0.0ms publish=0.0ms
2026-10-01 10:40:22,210 [INFO] __main__: [prof node:node_03]   high>15: 86 frames, objs/frame=36.5, infer=54.8ms
2026-10-01 10:40:23,339 [INFO] __main__: [prof node:node_02] ai 17.0 fps objs/frame=27.2 | infer=55.6ms track=2.2ms acquire=0.8ms
2026-10-01 10:40:23,339 [INFO] __main__: [prof node:node_02] disp 24.4 fps | acquire=0.0ms render=0.0ms publish=0.0ms
2026-10-01 10:40:23,339 [INFO] __main__: [prof node:node_02]   high>15: 85 frames, objs/frame=27.2, infer=55.6ms
2026-10-01 10:40:26,860 [INFO] __main__: [prof node:node_01] ai 12.0 fps objs/frame=24.4 | infer=53.7ms track=2.2ms acquire=27.2ms
2026-10-01 10:40:26,860 [INFO] __main__: [prof node:node_01] disp 12.0 fps | acquire=0.0ms render=0.0ms publish=0.0ms
2026-10-01 10:40:26,860 [INFO] __main__: [prof node:node_01]   high>15: 61 frames, objs/frame=24.4, infer=53.7ms
2026-10-01 10:40:27,229 [INFO] __main__: [prof node:node_03] ai 17.5 fps objs/frame=32.0 | infer=52.6ms track=3.4ms acquire=0.8ms
2026-10-01 10:40:27,229 [INFO] __main__: [prof node:node_03] disp 24.7 fps | acquire=0.0ms render=0.0ms publish=0.0ms
2026-10-01 10:40:27,229 [INFO] __main__: [prof node:node_03]   high>15: 88 frames, objs/frame=32.0, infer=52.6ms
2026-10-01 10:40:28,395 [INFO] __main__: [prof node:node_02] ai 17.4 fps objs/frame=26.1 | infer=53.8ms track=2.3ms acquire=1.1ms
2026-10-01 10:40:28,395 [INFO] __main__: [prof node:node_02] disp 24.7 fps | acquire=0.1ms render=0.0ms publish=0.0ms
2026-10-01 10:40:28,395 [INFO] __main__: [prof node:node_02]   high>15: 88 frames, objs/frame=26.1, infer=53.8ms
2026-10-01 10:40:31,923 [INFO] __main__: [prof node:node_01] ai 12.0 fps objs/frame=33.1 | infer=52.7ms track=2.2ms acquire=27.7ms
2026-10-01 10:40:31,923 [INFO] __main__: [prof node:node_01] disp 12.0 fps | acquire=0.0ms render=0.0ms publish=0.0ms
2026-10-01 10:40:31,923 [INFO] __main__: [prof node:node_01]   low<10: 1 frames, objs/frame=0.0, infer=39.4ms
2026-10-01 10:40:31,929 [INFO] __main__: [prof node:node_01]   high>15: 60 frames, objs/frame=33.7, infer=52.9ms
2026-10-01 10:40:32,235 [INFO] __main__: [prof node:node_03] ai 17.4 fps objs/frame=29.5 | infer=54.3ms track=2.7ms acquire=0.2ms
2026-10-01 10:40:32,235 [INFO] __main__: [prof node:node_03] disp 25.0 fps | acquire=0.0ms render=0.0ms publish=0.0ms
2026-10-01 10:40:32,235 [INFO] __main__: [prof node:node_03]   high>15: 87 frames, objs/frame=29.5, infer=54.3ms
2026-10-01 10:40:33,409 [INFO] __main__: [prof node:node_02] ai 17.0 fps objs/frame=25.7 | infer=55.2ms track=2.3ms acquire=1.2ms
2026-10-01 10:40:33,409 [INFO] __main__: [prof node:node_02] disp 24.5 fps | acquire=0.0ms render=0.0ms publish=0.0ms
2026-10-01 10:40:33,409 [INFO] __main__: [prof node:node_02]   low<10: 1 frames, objs/frame=4.0, infer=57.6ms
2026-10-01 10:40:33,409 [INFO] __main__: [prof node:node_02]   high>15: 84 frames, objs/frame=26.0, infer=55.2ms
2026-10-01 10:40:36,950 [INFO] __main__: [prof node:node_01] ai 11.9 fps objs/frame=34.7 | infer=54.3ms track=2.6ms acquire=26.4ms
2026-10-01 10:40:36,950 [INFO] __main__: [prof node:node_01] disp 11.9 fps | acquire=0.0ms render=0.0ms publish=0.0ms
2026-10-01 10:40:36,950 [INFO] __main__: [prof node:node_01]   high>15: 60 frames, objs/frame=34.7, infer=54.3ms
2026-10-01 10:40:37,241 [INFO] __main__: [prof node:node_03] ai 17.6 fps objs/frame=20.2 | infer=54.1ms track=2.0ms acquire=0.6ms
2026-10-01 10:40:37,242 [INFO] __main__: [prof node:node_03] disp 24.8 fps | acquire=0.0ms render=0.0ms publish=0.0ms
2026-10-01 10:40:37,242 [INFO] __main__: [prof node:node_03]   high>15: 84 frames, objs/frame=20.5, infer=54.2ms
2026-10-01 10:40:38,420 [INFO] __main__: [prof node:node_02] ai 17.7 fps objs/frame=27.9 | infer=52.7ms track=2.8ms acquire=0.5ms
2026-10-01 10:40:38,430 [INFO] __main__: [prof node:node_02] disp 24.9 fps | acquire=0.0ms render=0.0ms publish=0.0ms
2026-10-01 10:40:38,430 [INFO] __main__: [prof node:node_02]   high>15: 89 frames, objs/frame=27.9, infer=52.7ms
2026-10-01 10:40:42,020 [INFO] __main__: [prof node:node_01] ai 12.0 fps objs/frame=35.4 | infer=54.7ms track=2.9ms acquire=25.1ms
2026-10-01 10:40:42,020 [INFO] __main__: [prof node:node_01] disp 12.0 fps | acquire=0.0ms render=0.0ms publish=0.0ms
2026-10-01 10:40:42,020 [INFO] __main__: [prof node:node_01]   low<10: 1 frames, objs/frame=0.0, infer=57.4ms
2026-10-01 10:40:42,020 [INFO] __main__: [prof node:node_01]   high>15: 60 frames, objs/frame=36.0, infer=54.7ms
2026-10-01 10:40:42,257 [INFO] __main__: [prof node:node_03] ai 17.1 fps objs/frame=28.6 | infer=55.5ms track=2.3ms acquire=0.4ms
2026-10-01 10:40:42,257 [INFO] __main__: [prof node:node_03] disp 24.7 fps | acquire=0.0ms render=0.0ms publish=0.0ms
2026-10-01 10:40:42,257 [INFO] __main__: [prof node:node_03]   low<10: 1 frames, objs/frame=0.0, infer=62.5ms
2026-10-01 10:40:42,257 [INFO] __main__: [prof node:node_03]   high>15: 84 frames, objs/frame=29.1, infer=55.2ms
2026-10-01 10:40:43,481 [INFO] __main__: [prof node:node_02] ai 16.6 fps objs/frame=26.7 | infer=56.6ms track=2.6ms acquire=0.6ms
2026-10-01 10:40:43,481 [INFO] __main__: [prof node:node_02] disp 24.7 fps | acquire=0.0ms render=0.0ms publish=0.0ms
2026-10-01 10:40:43,484 [INFO] __main__: [prof node:node_02]   high>15: 84 frames, objs/frame=26.7, infer=56.6ms
2026-10-01 10:40:47,130 [INFO] __main__: [prof node:node_01] ai 11.9 fps objs/frame=36.8 | infer=56.3ms track=3.1ms acquire=23.9ms
2026-10-01 10:40:47,130 [INFO] __main__: [prof node:node_01] disp 11.9 fps | acquire=0.0ms render=0.0ms publish=0.0ms
2026-10-01 10:40:47,130 [INFO] __main__: [prof node:node_01]   high>15: 61 frames, objs/frame=36.8, infer=56.3ms
2026-10-01 10:40:47,318 [INFO] __main__: [prof node:node_03] ai 16.0 fps objs/frame=32.5 | infer=58.7ms track=3.3ms acquire=0.2ms
2026-10-01 10:40:47,318 [INFO] __main__: [prof node:node_03] disp 24.7 fps | acquire=0.1ms render=0.0ms publish=0.0ms
2026-10-01 10:40:47,318 [INFO] __main__: [prof node:node_03]   high>15: 81 frames, objs/frame=32.5, infer=58.7ms
2026-10-01 10:40:48,537 [INFO] __main__: [prof node:node_02] ai 16.4 fps objs/frame=27.1 | infer=57.9ms track=2.3ms acquire=0.4ms
2026-10-01 10:40:48,537 [INFO] __main__: [prof node:node_02] disp 24.7 fps | acquire=0.0ms render=0.0ms publish=0.0ms
2026-10-01 10:40:48,537 [INFO] __main__: [prof node:node_02]   high>15: 83 frames, objs/frame=27.1, infer=57.9ms
2026-10-01 10:40:52,202 [INFO] __main__: [prof node:node_01] ai 12.0 fps objs/frame=40.2 | infer=55.7ms track=3.2ms acquire=23.7ms
2026-10-01 10:40:52,202 [INFO] __main__: [prof node:node_01] disp 12.0 fps | acquire=0.0ms render=0.0ms publish=0.0ms
2026-10-01 10:40:52,202 [INFO] __main__: [prof node:node_01]   high>15: 61 frames, objs/frame=40.2, infer=55.7ms
2026-10-01 10:40:52,333 [INFO] __main__: [prof node:node_03] ai 17.2 fps objs/frame=22.5 | infer=54.5ms track=2.7ms acquire=0.8ms
2026-10-01 10:40:52,333 [INFO] __main__: [prof node:node_03] disp 24.7 fps | acquire=0.0ms render=0.0ms publish=0.0ms
2026-10-01 10:40:52,333 [INFO] __main__: [prof node:node_03]   high>15: 86 frames, objs/frame=22.5, infer=54.5ms
2026-10-01 10:40:53,575 [INFO] __main__: [prof node:node_02] ai 17.5 fps objs/frame=22.4 | infer=54.4ms track=2.1ms acquire=0.5ms
2026-10-01 10:40:53,575 [INFO] __main__: [prof node:node_02] disp 25.0 fps | acquire=0.0ms render=0.0ms publish=0.0ms
2026-10-01 10:40:53,575 [INFO] __main__: [prof node:node_02]   high>15: 88 frames, objs/frame=22.4, infer=54.4ms
2026-10-01 10:40:57,207 [INFO] __main__: [prof node:node_01] ai 12.0 fps objs/frame=41.2 | infer=54.0ms track=3.4ms acquire=25.5ms
2026-10-01 10:40:57,207 [INFO] __main__: [prof node:node_01] disp 12.0 fps | acquire=0.0ms render=0.0ms publish=0.0ms
2026-10-01 10:40:57,209 [INFO] __main__: [prof node:node_01]   high>15: 60 frames, objs/frame=41.2, infer=54.0ms
2026-10-01 10:40:57,367 [INFO] __main__: [prof node:node_03] ai 17.1 fps objs/frame=20.0 | infer=54.3ms track=2.3ms acquire=1.7ms
2026-10-01 10:40:57,367 [INFO] __main__: [prof node:node_03] disp 24.4 fps | acquire=0.0ms render=0.0ms publish=0.0ms
2026-10-01 10:40:57,367 [INFO] __main__: [prof node:node_03]   high>15: 86 frames, objs/frame=20.0, infer=54.3ms
2026-10-01 10:40:58,630 [INFO] __main__: [prof node:node_02] ai 16.6 fps objs/frame=24.5 | infer=56.6ms track=2.4ms acquire=0.9ms
2026-10-01 10:40:58,630 [INFO] __main__: [prof node:node_02] disp 24.5 fps | acquire=0.0ms render=0.0ms publish=0.0ms
2026-10-01 10:40:58,630 [INFO] __main__: [prof node:node_02]   high>15: 84 frames, objs/frame=24.5, infer=56.6ms
2026-10-01 10:41:02,220 [INFO] __main__: [prof node:node_01] ai 12.0 fps objs/frame=44.2 | infer=57.2ms track=4.2ms acquire=21.6ms
2026-10-01 10:41:02,220 [INFO] __main__: [prof node:node_01] disp 12.2 fps | acquire=0.0ms render=0.0ms publish=0.0ms
2026-10-01 10:41:02,220 [INFO] __main__: [prof node:node_01]   high>15: 60 frames, objs/frame=44.2, infer=57.2ms
2026-10-01 10:41:02,418 [INFO] __main__: [prof node:node_03] ai 15.8 fps objs/frame=29.2 | infer=60.8ms track=2.0ms acquire=0.1ms
2026-10-01 10:41:02,418 [INFO] __main__: [prof node:node_03] disp 25.0 fps | acquire=0.1ms render=0.0ms publish=0.0ms
2026-10-01 10:41:02,418 [INFO] __main__: [prof node:node_03]   high>15: 80 frames, objs/frame=29.2, infer=60.8ms
2026-10-01 10:41:03,630 [INFO] __main__: [prof node:node_02] ai 15.8 fps objs/frame=29.9 | infer=59.5ms track=2.5ms acquire=1.0ms
2026-10-01 10:41:03,630 [INFO] __main__: [prof node:node_02] disp 24.8 fps | acquire=0.1ms render=0.0ms publish=0.0ms
2026-10-01 10:41:03,630 [INFO] __main__: [prof node:node_02]   high>15: 79 frames, objs/frame=29.9, infer=59.5ms
2026-10-01 10:41:07,263 [INFO] __main__: [prof node:node_01] ai 12.1 fps objs/frame=38.6 | infer=57.1ms track=3.8ms acquire=21.4ms
2026-10-01 10:41:07,268 [INFO] __main__: [prof node:node_01] disp 11.9 fps | acquire=0.0ms render=0.0ms publish=0.0ms
2026-10-01 10:41:07,268 [INFO] __main__: [prof node:node_01]   high>15: 61 frames, objs/frame=38.6, infer=57.1ms
2026-10-01 10:41:07,456 [INFO] __main__: [prof node:node_03] ai 16.7 fps objs/frame=21.5 | infer=56.7ms track=1.8ms acquire=1.3ms
2026-10-01 10:41:07,456 [INFO] __main__: [prof node:node_03] disp 24.6 fps | acquire=0.0ms render=0.0ms publish=0.0ms
2026-10-01 10:41:07,456 [INFO] __main__: [prof node:node_03]   high>15: 83 frames, objs/frame=21.6, infer=56.6ms
2026-10-01 10:41:08,656 [INFO] __main__: [prof node:node_02] ai 16.7 fps objs/frame=33.7 | infer=56.1ms track=2.6ms acquire=0.8ms
2026-10-01 10:41:08,657 [INFO] __main__: [prof node:node_02] disp 24.9 fps | acquire=0.1ms render=0.0ms publish=0.0ms
2026-10-01 10:41:08,657 [INFO] __main__: [prof node:node_02]   high>15: 84 frames, objs/frame=33.7, infer=56.1ms
2026-10-01 10:41:12,345 [INFO] __main__: [prof node:node_01] ai 12.0 fps objs/frame=35.3 | infer=52.2ms track=3.2ms acquire=27.3ms
2026-10-01 10:41:12,345 [INFO] __main__: [prof node:node_01] disp 12.0 fps | acquire=0.0ms render=0.0ms publish=0.0ms
2026-10-01 10:41:12,345 [INFO] __main__: [prof node:node_01]   high>15: 61 frames, objs/frame=35.3, infer=52.2ms
2026-10-01 10:41:12,483 [INFO] __main__: [prof node:node_03] ai 16.9 fps objs/frame=23.8 | infer=55.9ms track=1.8ms acquire=1.2ms
2026-10-01 10:41:12,483 [INFO] __main__: [prof node:node_03] disp 24.1 fps | acquire=0.0ms render=0.0ms publish=0.0ms
2026-10-01 10:41:12,486 [INFO] __main__: [prof node:node_03]   high>15: 85 frames, objs/frame=23.8, infer=55.9ms
2026-10-01 10:41:13,674 [INFO] __main__: [prof node:node_02] ai 16.9 fps objs/frame=34.4 | infer=55.2ms track=2.5ms acquire=0.9ms
2026-10-01 10:41:13,674 [INFO] __main__: [prof node:node_02] disp 24.3 fps | acquire=0.0ms render=0.0ms publish=0.0ms
2026-10-01 10:41:13,674 [INFO] __main__: [prof node:node_02]   high>15: 85 frames, objs/frame=34.4, infer=55.2ms
2026-10-01 10:41:17,363 [INFO] __main__: [prof node:node_01] ai 11.9 fps objs/frame=41.3 | infer=57.4ms track=2.9ms acquire=23.0ms
2026-10-01 10:41:17,363 [INFO] __main__: [prof node:node_01] disp 11.9 fps | acquire=0.0ms render=0.0ms publish=0.0ms
2026-10-01 10:41:17,363 [INFO] __main__: [prof node:node_01]   high>15: 60 frames, objs/frame=41.3, infer=57.4ms
2026-10-01 10:41:17,556 [INFO] __main__: [prof node:node_03] ai 16.2 fps objs/frame=23.1 | infer=57.4ms track=2.1ms acquire=2.1ms
2026-10-01 10:41:17,556 [INFO] __main__: [prof node:node_03] disp 23.9 fps | acquire=0.0ms render=0.0ms publish=0.0ms
2026-10-01 10:41:17,556 [INFO] __main__: [prof node:node_03]   high>15: 82 frames, objs/frame=23.1, infer=57.4ms
2026-10-01 10:41:18,699 [INFO] __main__: [prof node:node_02] ai 16.7 fps objs/frame=30.4 | infer=56.2ms track=2.6ms acquire=0.7ms
2026-10-01 10:41:18,705 [INFO] __main__: [prof node:node_02] disp 24.6 fps | acquire=0.1ms render=0.0ms publish=0.0ms
2026-10-01 10:41:18,706 [INFO] __main__: [prof node:node_02]   high>15: 84 frames, objs/frame=30.4, infer=56.2ms
2026-10-01 10:41:22,373 [INFO] __main__: [prof node:node_01] ai 12.0 fps objs/frame=40.6 | infer=56.3ms track=3.0ms acquire=23.6ms
2026-10-01 10:41:22,373 [INFO] __main__: [prof node:node_01] disp 12.0 fps | acquire=0.0ms render=0.0ms publish=0.0ms
2026-10-01 10:41:22,376 [INFO] __main__: [prof node:node_01]   low<10: 1 frames, objs/frame=0.0, infer=26.0ms
2026-10-01 10:41:22,376 [INFO] __main__: [prof node:node_01]   high>15: 59 frames, objs/frame=41.3, infer=56.8ms
2026-10-01 10:41:22,574 [INFO] __main__: [prof node:node_03] ai 15.9 fps objs/frame=30.8 | infer=59.3ms track=1.9ms acquire=1.3ms
2026-10-01 10:41:22,574 [INFO] __main__: [prof node:node_03] disp 24.5 fps | acquire=0.1ms render=0.0ms publish=0.0ms
2026-10-01 10:41:22,574 [INFO] __main__: [prof node:node_03]   high>15: 80 frames, objs/frame=30.8, infer=59.3ms
2026-10-01 10:41:23,706 [INFO] __main__: [prof node:node_02] ai 16.2 fps objs/frame=30.7 | infer=57.9ms track=2.3ms acquire=1.2ms
2026-10-01 10:41:23,706 [INFO] __main__: [prof node:node_02] disp 24.4 fps | acquire=0.0ms render=0.0ms publish=0.0ms
2026-10-01 10:41:23,706 [INFO] __main__: [prof node:node_02]   high>15: 81 frames, objs/frame=30.7, infer=57.9ms
2026-10-01 10:41:27,448 [INFO] __main__: [prof node:node_01] ai 12.0 fps objs/frame=44.9 | infer=56.7ms track=2.6ms acquire=23.4ms
2026-10-01 10:41:27,448 [INFO] __main__: [prof node:node_01] disp 12.0 fps | acquire=0.0ms render=0.0ms publish=0.0ms
2026-10-01 10:41:27,448 [INFO] __main__: [prof node:node_01]   high>15: 61 frames, objs/frame=44.9, infer=56.7ms
2026-10-01 10:41:27,594 [INFO] __main__: [prof node:node_03] ai 15.9 fps objs/frame=33.1 | infer=60.1ms track=1.9ms acquire=0.5ms
2026-10-01 10:41:27,594 [INFO] __main__: [prof node:node_03] disp 24.5 fps | acquire=0.1ms render=0.0ms publish=0.0ms
2026-10-01 10:41:27,594 [INFO] __main__: [prof node:node_03]   high>15: 80 frames, objs/frame=33.1, infer=60.1ms
2026-10-01 10:41:28,727 [INFO] __main__: [prof node:node_02] ai 15.3 fps objs/frame=32.1 | infer=60.4ms track=2.3ms acquire=2.1ms
2026-10-01 10:41:28,727 [INFO] __main__: [prof node:node_02] disp 24.3 fps | acquire=0.1ms render=0.0ms publish=0.0ms
2026-10-01 10:41:28,727 [INFO] __main__: [prof node:node_02]   high>15: 77 frames, objs/frame=32.1, infer=60.4ms
2026-10-01 10:41:32,453 [INFO] __main__: [prof node:node_01] ai 12.0 fps objs/frame=48.8 | infer=61.4ms track=2.8ms acquire=18.7ms
2026-10-01 10:41:32,453 [INFO] __main__: [prof node:node_01] disp 12.0 fps | acquire=0.0ms render=0.0ms publish=0.0ms
2026-10-01 10:41:32,453 [INFO] __main__: [prof node:node_01]   high>15: 60 frames, objs/frame=48.8, infer=61.4ms
2026-10-01 10:41:32,601 [INFO] __main__: [prof node:node_03] ai 15.0 fps objs/frame=35.7 | infer=62.8ms track=2.7ms acquire=1.0ms
2026-10-01 10:41:32,601 [INFO] __main__: [prof node:node_03] disp 24.6 fps | acquire=0.1ms render=0.0ms publish=0.0ms
2026-10-01 10:41:32,601 [INFO] __main__: [prof node:node_03]   high>15: 75 frames, objs/frame=35.7, infer=62.8ms
2026-10-01 10:41:33,773 [INFO] __main__: [prof node:node_02] ai 15.3 fps objs/frame=29.2 | infer=62.6ms track=2.1ms acquire=0.5ms
2026-10-01 10:41:33,773 [INFO] __main__: [prof node:node_02] disp 24.6 fps | acquire=0.1ms render=0.0ms publish=0.0ms
2026-10-01 10:41:33,773 [INFO] __main__: [prof node:node_02]   high>15: 77 frames, objs/frame=29.2, infer=62.6ms
2026-10-01 10:41:37,537 [INFO] __main__: [prof node:node_01] ai 12.0 fps objs/frame=44.5 | infer=59.5ms track=3.1ms acquire=20.3ms
2026-10-01 10:41:37,537 [INFO] __main__: [prof node:node_01] disp 12.0 fps | acquire=0.0ms render=0.0ms publish=0.0ms
2026-10-01 10:41:37,538 [INFO] __main__: [prof node:node_01]   high>15: 61 frames, objs/frame=44.5, infer=59.5ms
2026-10-01 10:41:37,629 [INFO] __main__: [prof node:node_03] ai 15.1 fps objs/frame=33.0 | infer=62.0ms track=3.2ms acquire=0.6ms
2026-10-01 10:41:37,635 [INFO] __main__: [prof node:node_03] disp 24.9 fps | acquire=0.1ms render=0.0ms publish=0.0ms
2026-10-01 10:41:37,635 [INFO] __main__: [prof node:node_03]   high>15: 76 frames, objs/frame=33.0, infer=62.0ms
2026-10-01 10:41:38,823 [INFO] __main__: [prof node:node_02] ai 15.5 fps objs/frame=32.0 | infer=61.6ms track=2.5ms acquire=0.3ms
2026-10-01 10:41:38,823 [INFO] __main__: [prof node:node_02] disp 24.6 fps | acquire=0.1ms render=0.0ms publish=0.0ms
2026-10-01 10:41:38,823 [INFO] __main__: [prof node:node_02]   high>15: 78 frames, objs/frame=32.0, infer=61.6ms
2026-10-01 10:41:42,545 [INFO] __main__: [prof node:node_01] ai 12.0 fps objs/frame=44.1 | infer=60.3ms track=3.5ms acquire=19.2ms
2026-10-01 10:41:42,545 [INFO] __main__: [prof node:node_01] disp 12.0 fps | acquire=0.0ms render=0.0ms publish=0.0ms
2026-10-01 10:41:42,545 [INFO] __main__: [prof node:node_01]   high>15: 60 frames, objs/frame=44.1, infer=60.3ms
2026-10-01 10:41:42,691 [INFO] __main__: [prof node:node_03] ai 15.6 fps objs/frame=28.3 | infer=60.1ms track=3.2ms acquire=0.4ms
2026-10-01 10:41:42,691 [INFO] __main__: [prof node:node_03] disp 24.7 fps | acquire=0.1ms render=0.0ms publish=0.0ms
2026-10-01 10:41:42,691 [INFO] __main__: [prof node:node_03]   low<10: 1 frames, objs/frame=0.0, infer=59.5ms
2026-10-01 10:41:42,691 [INFO] __main__: [prof node:node_03]   high>15: 78 frames, objs/frame=28.7, infer=60.1ms
2026-10-01 10:41:43,823 [INFO] __main__: [prof node:node_02] ai 15.0 fps objs/frame=31.2 | infer=61.7ms track=2.5ms acquire=2.1ms
2026-10-01 10:41:43,823 [INFO] __main__: [prof node:node_02] disp 24.4 fps | acquire=0.1ms render=0.0ms publish=0.0ms
2026-10-01 10:41:43,823 [INFO] __main__: [prof node:node_02]   high>15: 75 frames, objs/frame=31.2, infer=61.7ms
2026-10-01 10:41:47,622 [INFO] __main__: [prof node:node_01] ai 12.0 fps objs/frame=53.5 | infer=60.9ms track=3.2ms acquire=18.6ms
2026-10-01 10:41:47,622 [INFO] __main__: [prof node:node_01] disp 12.0 fps | acquire=0.0ms render=0.0ms publish=0.0ms
2026-10-01 10:41:47,622 [INFO] __main__: [prof node:node_01]   high>15: 61 frames, objs/frame=53.5, infer=60.9ms
2026-10-01 10:41:47,711 [INFO] __main__: [prof node:node_03] ai 14.8 fps objs/frame=19.9 | infer=63.5ms track=2.2ms acquire=1.9ms
2026-10-01 10:41:47,711 [INFO] __main__: [prof node:node_03] disp 24.5 fps | acquire=0.1ms render=0.0ms publish=0.0ms
2026-10-01 10:41:47,711 [INFO] __main__: [prof node:node_03]   high>15: 52 frames, objs/frame=22.8, infer=62.3ms
2026-10-01 10:41:48,865 [INFO] __main__: [prof node:node_02] ai 15.5 fps objs/frame=35.1 | infer=59.9ms track=3.2ms acquire=1.2ms
2026-10-01 10:41:48,865 [INFO] __main__: [prof node:node_02] disp 24.0 fps | acquire=0.1ms render=0.0ms publish=0.0ms
2026-10-01 10:41:48,865 [INFO] __main__: [prof node:node_02]   high>15: 78 frames, objs/frame=35.1, infer=59.9ms
2026-10-01 10:41:52,704 [INFO] __main__: [prof node:node_01] ai 12.0 fps objs/frame=47.1 | infer=53.3ms track=3.0ms acquire=26.5ms
2026-10-01 10:41:52,704 [INFO] __main__: [prof node:node_01] disp 12.0 fps | acquire=0.0ms render=0.0ms publish=0.0ms
2026-10-01 10:41:52,705 [INFO] __main__: [prof node:node_01]   high>15: 61 frames, objs/frame=47.1, infer=53.3ms
2026-10-01 10:41:52,746 [INFO] __main__: [prof node:node_03] ai 16.9 fps objs/frame=10.9 | infer=55.6ms track=1.5ms acquire=2.0ms
2026-10-01 10:41:52,747 [INFO] __main__: [prof node:node_03] disp 23.6 fps | acquire=0.0ms render=0.0ms publish=0.0ms
2026-10-01 10:41:52,747 [INFO] __main__: [prof node:node_03]   low<10: 28 frames, objs/frame=8.5, infer=57.0ms
2026-10-01 10:41:52,747 [INFO] __main__: [prof node:node_03]   high>15: 5 frames, objs/frame=16.2, infer=63.4ms
2026-10-01 10:41:53,872 [INFO] __main__: [prof node:node_02] ai 17.4 fps objs/frame=34.0 | infer=53.3ms track=2.5ms acquire=1.4ms
2026-10-01 10:41:53,872 [INFO] __main__: [prof node:node_02] disp 24.0 fps | acquire=0.0ms render=0.0ms publish=0.0ms
2026-10-01 10:41:53,872 [INFO] __main__: [prof node:node_02]   high>15: 87 frames, objs/frame=34.0, infer=53.3ms
2026-10-01 10:41:57,703 [INFO] __main__: [prof node:node_01] ai 12.0 fps objs/frame=50.5 | infer=55.4ms track=3.0ms acquire=24.5ms
2026-10-01 10:41:57,703 [INFO] __main__: [prof node:node_01] disp 12.0 fps | acquire=0.0ms render=0.0ms publish=0.0ms
2026-10-01 10:41:57,703 [INFO] __main__: [prof node:node_01]   high>15: 60 frames, objs/frame=50.5, infer=55.4ms
2026-10-01 10:41:57,808 [INFO] __main__: [prof node:node_03] ai 16.6 fps objs/frame=20.4 | infer=58.2ms track=1.3ms acquire=0.5ms
2026-10-01 10:41:57,808 [INFO] __main__: [prof node:node_03] disp 24.9 fps | acquire=0.0ms render=0.0ms publish=0.0ms
2026-10-01 10:41:57,808 [INFO] __main__: [prof node:node_03]   high>15: 73 frames, objs/frame=21.3, infer=59.5ms
2026-10-01 10:41:58,927 [INFO] __main__: [prof node:node_02] ai 16.4 fps objs/frame=32.3 | infer=57.7ms track=2.2ms acquire=0.6ms
2026-10-01 10:41:58,927 [INFO] __main__: [prof node:node_02] disp 24.9 fps | acquire=0.0ms render=0.0ms publish=0.0ms
2026-10-01 10:41:58,927 [INFO] __main__: [prof node:node_02]   high>15: 83 frames, objs/frame=32.3, infer=57.7ms
2026-10-01 10:42:02,704 [INFO] __main__: [prof node:node_01] ai 12.0 fps objs/frame=48.8 | infer=57.2ms track=3.6ms acquire=22.0ms
2026-10-01 10:42:02,704 [INFO] __main__: [prof node:node_01] disp 12.0 fps | acquire=0.0ms render=0.0ms publish=0.0ms
2026-10-01 10:42:02,704 [INFO] __main__: [prof node:node_01]   high>15: 60 frames, objs/frame=48.8, infer=57.2ms
2026-10-01 10:42:02,831 [INFO] __main__: [prof node:node_03] ai 15.3 fps objs/frame=22.9 | infer=59.5ms track=1.8ms acquire=3.8ms
2026-10-01 10:42:02,831 [INFO] __main__: [prof node:node_03] disp 23.5 fps | acquire=0.1ms render=0.0ms publish=0.0ms
2026-10-01 10:42:02,831 [INFO] __main__: [prof node:node_03]   low<10: 1 frames, objs/frame=0.0, infer=39.1ms
2026-10-01 10:42:02,831 [INFO] __main__: [prof node:node_03]   high>15: 75 frames, objs/frame=23.3, infer=59.3ms
2026-10-01 10:42:03,971 [INFO] __main__: [prof node:node_02] ai 15.9 fps objs/frame=35.0 | infer=59.7ms track=1.8ms acquire=1.3ms
2026-10-01 10:42:03,972 [INFO] __main__: [prof node:node_02] disp 24.4 fps | acquire=0.1ms render=0.0ms publish=0.0ms
2026-10-01 10:42:03,972 [INFO] __main__: [prof node:node_02]   high>15: 80 frames, objs/frame=35.0, infer=59.7ms
2026-10-01 10:42:07,778 [INFO] __main__: [prof node:node_01] ai 12.0 fps objs/frame=53.5 | infer=56.2ms track=3.1ms acquire=23.4ms
2026-10-01 10:42:07,778 [INFO] __main__: [prof node:node_01] disp 12.0 fps | acquire=0.0ms render=0.0ms publish=0.0ms
2026-10-01 10:42:07,778 [INFO] __main__: [prof node:node_01]   high>15: 61 frames, objs/frame=53.5, infer=56.2ms
2026-10-01 10:42:07,836 [INFO] __main__: [prof node:node_03] ai 16.2 fps objs/frame=17.0 | infer=58.9ms track=1.5ms acquire=1.2ms
2026-10-01 10:42:07,836 [INFO] __main__: [prof node:node_03] disp 24.2 fps | acquire=0.0ms render=0.0ms publish=0.0ms
2026-10-01 10:42:07,836 [INFO] __main__: [prof node:node_03]   high>15: 60 frames, objs/frame=17.9, infer=59.2ms
2026-10-01 10:42:09,003 [INFO] __main__: [prof node:node_02] ai 16.5 fps objs/frame=35.2 | infer=58.2ms track=2.0ms acquire=0.2ms
2026-10-01 10:42:09,009 [INFO] __main__: [prof node:node_02] disp 24.6 fps | acquire=0.1ms render=0.0ms publish=0.0ms
2026-10-01 10:42:09,011 [INFO] __main__: [prof node:node_02]   low<10: 1 frames, objs/frame=0.0, infer=56.4ms
2026-10-01 10:42:09,011 [INFO] __main__: [prof node:node_02]   high>15: 82 frames, objs/frame=35.6, infer=58.3ms
2026-10-01 10:42:12,781 [INFO] __main__: [prof node:node_01] ai 12.0 fps objs/frame=51.9 | infer=56.9ms track=2.8ms acquire=23.2ms
2026-10-01 10:42:12,781 [INFO] __main__: [prof node:node_01] disp 12.0 fps | acquire=0.0ms render=0.0ms publish=0.0ms
2026-10-01 10:42:12,781 [INFO] __main__: [prof node:node_01]   low<10: 1 frames, objs/frame=0.0, infer=58.3ms
2026-10-01 10:42:12,787 [INFO] __main__: [prof node:node_01]   high>15: 59 frames, objs/frame=52.8, infer=56.9ms
2026-10-01 10:42:12,843 [INFO] __main__: [prof node:node_03] ai 16.6 fps objs/frame=14.2 | infer=56.8ms track=1.5ms acquire=1.8ms
2026-10-01 10:42:12,843 [INFO] __main__: [prof node:node_03] disp 24.2 fps | acquire=0.1ms render=0.0ms publish=0.0ms
2026-10-01 10:42:12,843 [INFO] __main__: [prof node:node_03]   high>15: 19 frames, objs/frame=17.2, infer=59.6ms
2026-10-01 10:42:14,037 [INFO] __main__: [prof node:node_02] ai 16.7 fps objs/frame=34.4 | infer=56.1ms track=1.8ms acquire=1.6ms
2026-10-01 10:42:14,037 [INFO] __main__: [prof node:node_02] disp 24.9 fps | acquire=0.1ms render=0.0ms publish=0.0ms
2026-10-01 10:42:14,037 [INFO] __main__: [prof node:node_02]   high>15: 84 frames, objs/frame=34.4, infer=56.1ms
2026-10-01 10:42:17,781 [INFO] __main__: [prof node:node_01] ai 12.0 fps objs/frame=54.8 | infer=58.6ms track=2.8ms acquire=21.4ms
2026-10-01 10:42:17,787 [INFO] __main__: [prof node:node_01] disp 12.0 fps | acquire=0.0ms render=0.0ms publish=0.0ms
2026-10-01 10:42:17,787 [INFO] __main__: [prof node:node_01]   high>15: 60 frames, objs/frame=54.8, infer=58.6ms
2026-10-01 10:42:17,899 [INFO] __main__: [prof node:node_03] ai 15.6 fps objs/frame=16.1 | infer=61.2ms track=1.3ms acquire=1.3ms
2026-10-01 10:42:17,899 [INFO] __main__: [prof node:node_03] disp 24.3 fps | acquire=0.1ms render=0.0ms publish=0.0ms
2026-10-01 10:42:17,899 [INFO] __main__: [prof node:node_03]   high>15: 47 frames, objs/frame=17.8, infer=60.4ms
2026-10-01 10:42:19,093 [INFO] __main__: [prof node:node_02] ai 15.6 fps objs/frame=35.4 | infer=60.1ms track=2.3ms acquire=1.1ms
2026-10-01 10:42:19,093 [INFO] __main__: [prof node:node_02] disp 24.5 fps | acquire=0.1ms render=0.0ms publish=0.0ms
2026-10-01 10:42:19,093 [INFO] __main__: [prof node:node_02]   high>15: 79 frames, objs/frame=35.4, infer=60.1ms
2026-10-01 10:42:22,919 [INFO] __main__: [prof node:node_03] ai 16.9 fps objs/frame=26.6 | infer=56.0ms track=2.4ms acquire=0.3ms
2026-10-01 10:42:22,919 [INFO] __main__: [prof node:node_03] disp 25.1 fps | acquire=0.1ms render=0.0ms publish=0.0ms
2026-10-01 10:42:22,919 [INFO] __main__: [prof node:node_03]   high>15: 85 frames, objs/frame=26.6, infer=56.0ms
2026-10-01 10:42:24,142 [INFO] __main__: [prof node:node_02] ai 19.4 fps objs/frame=33.8 | infer=47.2ms track=2.3ms acquire=1.7ms
2026-10-01 10:42:24,142 [INFO] __main__: [prof node:node_02] disp 24.6 fps | acquire=0.0ms render=0.0ms publish=0.0ms
2026-10-01 10:42:24,142 [INFO] __main__: [prof node:node_02]   high>15: 98 frames, objs/frame=33.8, infer=47.2ms
2026-10-01 10:42:27,926 [INFO] __main__: [prof node:node_03] ai 23.4 fps objs/frame=27.1 | infer=34.3ms track=2.4ms acquire=5.8ms
2026-10-01 10:42:27,926 [INFO] __main__: [prof node:node_03] disp 24.0 fps | acquire=0.0ms render=0.0ms publish=0.0ms
2026-10-01 10:42:27,926 [INFO] __main__: [prof node:node_03]   high>15: 117 frames, objs/frame=27.1, infer=34.3ms
2026-10-01 10:42:29,158 [INFO] __main__: [prof node:node_02] ai 22.7 fps objs/frame=30.6 | infer=35.5ms track=2.1ms acquire=6.0ms
2026-10-01 10:42:29,158 [INFO] __main__: [prof node:node_02] disp 23.5 fps | acquire=0.0ms render=0.0ms publish=0.0ms
2026-10-01 10:42:29,158 [INFO] __main__: [prof node:node_02]   low<10: 1 frames, objs/frame=8.0, infer=36.1ms
2026-10-01 10:42:29,158 [INFO] __main__: [prof node:node_02]   high>15: 113 frames, objs/frame=30.8, infer=35.5ms
2026-10-01 10:42:32,933 [INFO] __main__: [prof node:node_03] ai 23.6 fps objs/frame=23.2 | infer=34.2ms track=2.0ms acquire=5.9ms
2026-10-01 10:42:32,934 [INFO] __main__: [prof node:node_03] disp 24.8 fps | acquire=0.0ms render=0.0ms publish=0.0ms
2026-10-01 10:42:32,934 [INFO] __main__: [prof node:node_03]   low<10: 2 frames, objs/frame=0.0, infer=35.0ms
2026-10-01 10:42:32,934 [INFO] __main__: [prof node:node_03]   high>15: 116 frames, objs/frame=23.6, infer=34.2ms
2026-10-01 10:42:34,166 [INFO] __main__: [prof node:node_02] ai 22.9 fps objs/frame=34.5 | infer=36.1ms track=2.2ms acquire=5.0ms
2026-10-01 10:42:34,166 [INFO] __main__: [prof node:node_02] disp 24.1 fps | acquire=0.0ms render=0.0ms publish=0.0ms
2026-10-01 10:42:34,166 [INFO] __main__: [prof node:node_02]   high>15: 115 frames, objs/frame=34.5, infer=36.1ms
2026-10-01 10:42:37,971 [INFO] __main__: [prof node:node_03] ai 23.0 fps objs/frame=24.3 | infer=38.5ms track=2.2ms acquire=2.5ms
2026-10-01 10:42:37,971 [INFO] __main__: [prof node:node_03] disp 24.2 fps | acquire=0.0ms render=0.0ms publish=0.0ms
2026-10-01 10:42:37,972 [INFO] __main__: [prof node:node_03]   low<10: 1 frames, objs/frame=0.0, infer=33.4ms
2026-10-01 10:42:37,972 [INFO] __main__: [prof node:node_03]   high>15: 115 frames, objs/frame=24.5, infer=38.5ms
2026-10-01 10:42:38,023 [INFO] __main__: [prof node:node_01] ai 2.1 fps objs/frame=59.0 | infer=63.1ms track=2.6ms acquire=29.3ms
2026-10-01 10:42:38,023 [INFO] __main__: [prof node:node_01] disp 2.2 fps | acquire=0.0ms render=0.0ms publish=0.0ms
2026-10-01 10:42:38,023 [INFO] __main__: [prof node:node_01]   high>15: 43 frames, objs/frame=59.0, infer=63.1ms
2026-10-01 10:42:38,658 [WARNING] src.stream.video_streamer: stream read failed, reconnecting
2026-10-01 10:42:39,197 [INFO] __main__: [prof node:node_02] ai 21.5 fps objs/frame=34.0 | infer=41.6ms track=2.1ms acquire=2.5ms
2026-10-01 10:42:39,197 [INFO] __main__: [prof node:node_02] disp 24.3 fps | acquire=0.0ms render=0.0ms publish=0.0ms
2026-10-01 10:42:39,197 [INFO] __main__: [prof node:node_02]   high>15: 108 frames, objs/frame=34.0, infer=41.6ms
2026-10-01 10:42:42,974 [INFO] __main__: [prof node:node_03] ai 19.4 fps objs/frame=37.2 | infer=45.0ms track=2.4ms acquire=3.9ms
2026-10-01 10:42:42,974 [INFO] __main__: [prof node:node_03] disp 23.6 fps | acquire=0.0ms render=0.0ms publish=0.0ms
2026-10-01 10:42:42,974 [INFO] __main__: [prof node:node_03]   high>15: 97 frames, objs/frame=37.2, infer=45.0ms
2026-10-01 10:42:44,245 [INFO] __main__: [prof node:node_02] ai 21.4 fps objs/frame=37.7 | infer=40.3ms track=2.3ms acquire=3.8ms
2026-10-01 10:42:44,247 [INFO] __main__: [prof node:node_02] disp 24.0 fps | acquire=0.0ms render=0.0ms publish=0.0ms
2026-10-01 10:42:44,247 [INFO] __main__: [prof node:node_02]   high>15: 108 frames, objs/frame=37.7, infer=40.3ms
2026-10-01 10:42:48,050 [INFO] __main__: [prof node:node_03] ai 19.5 fps objs/frame=45.3 | infer=43.1ms track=2.7ms acquire=5.1ms
2026-10-01 10:42:48,050 [INFO] __main__: [prof node:node_03] disp 23.4 fps | acquire=0.0ms render=0.0ms publish=0.0ms
2026-10-01 10:42:48,050 [INFO] __main__: [prof node:node_03]   high>15: 99 frames, objs/frame=45.3, infer=43.1ms
2026-10-01 10:42:49,281 [INFO] __main__: [prof node:node_02] ai 20.3 fps objs/frame=36.3 | infer=43.6ms track=2.7ms acquire=2.7ms
2026-10-01 10:42:49,281 [INFO] __main__: [prof node:node_02] disp 24.0 fps | acquire=0.0ms render=0.0ms publish=0.0ms
2026-10-01 10:42:49,281 [INFO] __main__: [prof node:node_02]   high>15: 102 frames, objs/frame=36.3, infer=43.6ms
2026-10-01 10:42:51,273 [INFO] src.stream.video_streamer: reconnected to https://cctv.dev.banyumaskab.go.id/cctv_simpang_sawangan/video1_stream.m3u8
2026-10-01 10:42:51,273 [INFO] src.stream.video_streamer: https://cctv.dev.banyumaskab.go.id/cctv_simpang_sawangan/video1_stream.m3u8 opened at 12.0 fps
2026-10-01 10:42:51,377 [INFO] __main__: [prof node:node_01] ai 0.8 fps objs/frame=52.0 | infer=70.8ms track=2.8ms acquire=42.3ms
2026-10-01 10:42:51,377 [INFO] __main__: [prof node:node_01] disp 0.8 fps | acquire=0.0ms render=0.0ms publish=0.0ms
2026-10-01 10:42:51,377 [INFO] __main__: [prof node:node_01]   high>15: 11 frames, objs/frame=52.0, infer=70.8ms
2026-10-01 10:42:53,099 [INFO] __main__: [prof node:node_03] ai 20.0 fps objs/frame=43.5 | infer=44.8ms track=2.2ms acquire=2.6ms
2026-10-01 10:42:53,099 [INFO] __main__: [prof node:node_03] disp 24.4 fps | acquire=0.0ms render=0.0ms publish=0.0ms
2026-10-01 10:42:53,099 [INFO] __main__: [prof node:node_03]   low<10: 1 frames, objs/frame=7.0, infer=61.8ms
2026-10-01 10:42:53,099 [INFO] __main__: [prof node:node_03]   high>15: 100 frames, objs/frame=43.9, infer=44.7ms
2026-10-01 10:42:54,281 [INFO] __main__: [prof node:node_02] ai 18.6 fps objs/frame=26.3 | infer=48.1ms track=2.1ms acquire=3.3ms
2026-10-01 10:42:54,281 [INFO] __main__: [prof node:node_02] disp 23.8 fps | acquire=0.0ms render=0.0ms publish=0.0ms
2026-10-01 10:42:54,281 [INFO] __main__: [prof node:node_02]   high>15: 92 frames, objs/frame=26.5, infer=48.2ms
2026-10-01 10:42:56,404 [INFO] __main__: [prof node:node_01] ai 10.7 fps objs/frame=43.6 | infer=57.5ms track=3.1ms acquire=32.0ms
2026-10-01 10:42:56,404 [INFO] __main__: [prof node:node_01] disp 10.5 fps | acquire=0.0ms render=0.0ms publish=0.0ms
2026-10-01 10:42:56,404 [INFO] __main__: [prof node:node_01]   high>15: 54 frames, objs/frame=43.6, infer=57.5ms
2026-10-01 10:42:58,120 [INFO] __main__: [prof node:node_03] ai 17.5 fps objs/frame=43.0 | infer=51.6ms track=2.2ms acquire=2.9ms
2026-10-01 10:42:58,120 [INFO] __main__: [prof node:node_03] disp 23.7 fps | acquire=0.0ms render=0.0ms publish=0.0ms
2026-10-01 10:42:58,120 [INFO] __main__: [prof node:node_03]   high>15: 88 frames, objs/frame=43.0, infer=51.6ms
2026-10-01 10:42:59,313 [INFO] __main__: [prof node:node_02] ai 17.3 fps objs/frame=25.5 | infer=53.3ms track=2.1ms acquire=2.2ms
2026-10-01 10:42:59,313 [INFO] __main__: [prof node:node_02] disp 24.0 fps | acquire=0.0ms render=0.0ms publish=0.0ms
2026-10-01 10:42:59,314 [INFO] __main__: [prof node:node_02]   low<10: 1 frames, objs/frame=0.0, infer=60.5ms
2026-10-01 10:42:59,314 [INFO] __main__: [prof node:node_02]   high>15: 86 frames, objs/frame=25.8, infer=53.2ms
2026-10-01 10:43:03,154 [INFO] __main__: [prof node:node_03] ai 21.6 fps objs/frame=40.2 | infer=39.1ms track=2.1ms acquire=4.8ms
2026-10-01 10:43:03,154 [INFO] __main__: [prof node:node_03] disp 23.8 fps | acquire=0.0ms render=0.0ms publish=0.0ms
2026-10-01 10:43:03,154 [INFO] __main__: [prof node:node_03]   high>15: 109 frames, objs/frame=40.2, infer=39.1ms
2026-10-01 10:43:04,336 [INFO] __main__: [prof node:node_02] ai 22.5 fps objs/frame=19.2 | infer=36.3ms track=2.3ms acquire=5.6ms
2026-10-01 10:43:04,341 [INFO] __main__: [prof node:node_02] disp 23.7 fps | acquire=0.0ms render=0.0ms publish=0.0ms
2026-10-01 10:43:04,341 [INFO] __main__: [prof node:node_02]   high>15: 87 frames, objs/frame=20.7, infer=36.2ms
2026-10-01 10:43:08,175 [INFO] __main__: [prof node:node_03] ai 22.9 fps objs/frame=38.8 | infer=31.5ms track=1.9ms acquire=10.0ms
2026-10-01 10:43:08,175 [INFO] __main__: [prof node:node_03] disp 23.1 fps | acquire=0.0ms render=0.0ms publish=0.0ms
2026-10-01 10:43:08,181 [INFO] __main__: [prof node:node_03]   low<10: 1 frames, objs/frame=0.0, infer=17.9ms
2026-10-01 10:43:08,182 [INFO] __main__: [prof node:node_03]   high>15: 114 frames, objs/frame=39.1, infer=31.6ms
2026-10-01 10:43:09,362 [INFO] __main__: [prof node:node_02] ai 23.7 fps objs/frame=11.2 | infer=29.8ms track=1.5ms acquire=10.7ms
2026-10-01 10:43:09,363 [INFO] __main__: [prof node:node_02] disp 24.1 fps | acquire=0.0ms render=0.0ms publish=0.0ms
2026-10-01 10:43:09,363 [INFO] __main__: [prof node:node_02]   low<10: 58 frames, objs/frame=7.9, infer=30.7ms
2026-10-01 10:43:09,363 [INFO] __main__: [prof node:node_02]   high>15: 29 frames, objs/frame=17.1, infer=29.3ms
2026-10-01 10:43:13,181 [INFO] __main__: [prof node:node_03] ai 22.6 fps objs/frame=43.3 | infer=35.3ms track=2.6ms acquire=6.0ms
2026-10-01 10:43:13,181 [INFO] __main__: [prof node:node_03] disp 23.6 fps | acquire=0.0ms render=0.0ms publish=0.0ms
2026-10-01 10:43:13,181 [INFO] __main__: [prof node:node_03]   low<10: 1 frames, objs/frame=0.0, infer=29.4ms
2026-10-01 10:43:13,181 [INFO] __main__: [prof node:node_03]   high>15: 112 frames, objs/frame=43.7, infer=35.3ms
2026-10-01 10:43:14,396 [INFO] __main__: [prof node:node_02] ai 23.2 fps objs/frame=11.4 | infer=36.1ms track=1.0ms acquire=5.7ms
2026-10-01 10:43:14,396 [INFO] __main__: [prof node:node_02] disp 24.0 fps | acquire=0.0ms render=0.0ms publish=0.0ms
2026-10-01 10:43:14,396 [INFO] __main__: [prof node:node_02]   low<10: 36 frames, objs/frame=7.9, infer=35.7ms
2026-10-01 10:43:14,396 [INFO] __main__: [prof node:node_02]   high>15: 16 frames, objs/frame=16.2, infer=34.2ms
2026-10-01 10:43:16,286 [INFO] __main__: [prof node:node_01] ai 1.8 fps objs/frame=39.3 | infer=56.5ms track=3.6ms acquire=47.0ms
2026-10-01 10:43:16,286 [INFO] __main__: [prof node:node_01] disp 1.8 fps | acquire=0.0ms render=0.0ms publish=0.0ms
2026-10-01 10:43:16,286 [INFO] __main__: [prof node:node_01]   high>15: 35 frames, objs/frame=39.3, infer=56.5ms
2026-10-01 10:43:16,889 [WARNING] src.stream.video_streamer: stream read failed, reconnecting
2026-10-01 10:43:18,202 [INFO] __main__: [prof node:node_03] ai 21.5 fps objs/frame=30.8 | infer=33.4ms track=3.2ms acquire=9.7ms
2026-10-01 10:43:18,202 [INFO] __main__: [prof node:node_03] disp 23.3 fps | acquire=0.0ms render=0.0ms publish=0.0ms
2026-10-01 10:43:18,202 [INFO] __main__: [prof node:node_03]   high>15: 108 frames, objs/frame=30.8, infer=33.4ms
2026-10-01 10:43:19,396 [INFO] __main__: [prof node:node_02] ai 23.0 fps objs/frame=8.1 | infer=31.7ms track=1.1ms acquire=10.4ms
2026-10-01 10:43:19,396 [INFO] __main__: [prof node:node_02] disp 23.6 fps | acquire=0.0ms render=0.0ms publish=0.0ms
2026-10-01 10:43:19,396 [INFO] __main__: [prof node:node_02]   low<10: 88 frames, objs/frame=7.3, infer=32.4ms
2026-10-01 10:43:23,230 [INFO] __main__: [prof node:node_03] ai 24.7 fps objs/frame=30.1 | infer=29.0ms track=2.4ms acquire=8.9ms
2026-10-01 10:43:23,230 [INFO] __main__: [prof node:node_03] disp 24.7 fps | acquire=0.0ms render=0.0ms publish=0.0ms
2026-10-01 10:43:23,230 [INFO] __main__: [prof node:node_03]   high>15: 124 frames, objs/frame=30.1, infer=29.0ms
2026-10-01 10:43:24,403 [INFO] __main__: [prof node:node_02] ai 24.8 fps objs/frame=13.8 | infer=30.5ms track=1.2ms acquire=8.5ms
2026-10-01 10:43:24,403 [INFO] __main__: [prof node:node_02] disp 24.8 fps | acquire=0.0ms render=0.0ms publish=0.0ms
2026-10-01 10:43:24,403 [INFO] __main__: [prof node:node_02]   low<10: 9 frames, objs/frame=7.8, infer=32.0ms
2026-10-01 10:43:24,403 [INFO] __main__: [prof node:node_02]   high>15: 33 frames, objs/frame=19.0, infer=29.6ms
2026-10-01 10:43:28,093 [WARNING] src.stream.video_streamer: could not open https://cctv.dev.banyumaskab.go.id/cctv_simpang_sawangan/video1_stream.m3u8 (attempt 1), retry in 2.0s
2026-10-01 10:43:28,254 [INFO] __main__: [prof node:node_03] ai 24.5 fps objs/frame=21.0 | infer=31.4ms track=2.1ms acquire=7.0ms
2026-10-01 10:43:28,255 [INFO] __main__: [prof node:node_03] disp 24.7 fps | acquire=0.0ms render=0.0ms publish=0.0ms
2026-10-01 10:43:28,255 [INFO] __main__: [prof node:node_03]   high>15: 120 frames, objs/frame=21.2, infer=31.6ms
2026-10-01 10:43:29,404 [INFO] __main__: [prof node:node_02] ai 24.6 fps objs/frame=26.5 | infer=33.1ms track=2.2ms acquire=5.1ms
2026-10-01 10:43:29,413 [INFO] __main__: [prof node:node_02] disp 24.8 fps | acquire=0.0ms render=0.0ms publish=0.0ms
2026-10-01 10:43:29,413 [INFO] __main__: [prof node:node_02]   high>15: 123 frames, objs/frame=26.5, infer=33.1ms
2026-10-01 10:43:30,917 [INFO] src.stream.video_streamer: reconnected to https://cctv.dev.banyumaskab.go.id/cctv_simpang_sawangan/video1_stream.m3u8
2026-10-01 10:43:30,917 [INFO] src.stream.video_streamer: https://cctv.dev.banyumaskab.go.id/cctv_simpang_sawangan/video1_stream.m3u8 opened at 12.0 fps
2026-10-01 10:43:30,994 [INFO] __main__: [prof node:node_01] ai 0.7 fps objs/frame=42.0 | infer=54.3ms track=3.3ms acquire=89.0ms
2026-10-01 10:43:30,998 [INFO] __main__: [prof node:node_01] disp 0.7 fps | acquire=0.0ms render=0.0ms publish=0.0ms
2026-10-01 10:43:30,998 [INFO] __main__: [prof node:node_01]   high>15: 11 frames, objs/frame=42.0, infer=54.3ms
2026-10-01 10:43:33,279 [INFO] __main__: [prof node:node_03] ai 21.3 fps objs/frame=19.7 | infer=41.4ms track=1.7ms acquire=3.7ms
2026-10-01 10:43:33,279 [INFO] __main__: [prof node:node_03] disp 24.7 fps | acquire=0.0ms render=0.0ms publish=0.0ms
2026-10-01 10:43:33,279 [INFO] __main__: [prof node:node_03]   high>15: 95 frames, objs/frame=20.5, infer=39.6ms
2026-10-01 10:43:34,415 [INFO] __main__: [prof node:node_02] ai 19.6 fps objs/frame=27.9 | infer=44.4ms track=2.3ms acquire=4.0ms
2026-10-01 10:43:34,416 [INFO] __main__: [prof node:node_02] disp 24.4 fps | acquire=0.0ms render=0.0ms publish=0.0ms
2026-10-01 10:43:34,416 [INFO] __main__: [prof node:node_02]   low<10: 1 frames, objs/frame=0.0, infer=18.0ms
2026-10-01 10:43:34,417 [INFO] __main__: [prof node:node_02]   high>15: 97 frames, objs/frame=28.2, infer=44.7ms
2026-10-01 10:43:36,002 [INFO] __main__: [prof node:node_01] ai 10.8 fps objs/frame=44.5 | infer=57.0ms track=3.5ms acquire=31.8ms
2026-10-01 10:43:36,002 [INFO] __main__: [prof node:node_01] disp 10.6 fps | acquire=0.0ms render=0.0ms publish=0.0ms
2026-10-01 10:43:36,002 [INFO] __main__: [prof node:node_01]   high>15: 54 frames, objs/frame=44.5, infer=57.0ms
2026-10-01 10:43:38,299 [INFO] __main__: [prof node:node_03] ai 17.7 fps objs/frame=14.7 | infer=54.0ms track=1.3ms acquire=0.8ms
2026-10-01 10:43:38,299 [INFO] __main__: [prof node:node_03] disp 24.7 fps | acquire=0.0ms render=0.0ms publish=0.0ms
2026-10-01 10:43:38,299 [INFO] __main__: [prof node:node_03]   low<10: 4 frames, objs/frame=8.8, infer=60.0ms
2026-10-01 10:43:38,299 [INFO] __main__: [prof node:node_03]   high>15: 30 frames, objs/frame=18.3, infer=45.6ms
2026-10-01 10:43:39,421 [INFO] __main__: [prof node:node_02] ai 16.8 fps objs/frame=32.4 | infer=54.3ms track=2.8ms acquire=2.1ms
2026-10-01 10:43:39,421 [INFO] __main__: [prof node:node_02] disp 24.0 fps | acquire=0.0ms render=0.0ms publish=0.0ms
2026-10-01 10:43:39,422 [INFO] __main__: [prof node:node_02]   high>15: 84 frames, objs/frame=32.4, infer=54.3ms
2026-10-01 10:43:41,014 [INFO] __main__: [prof node:node_01] ai 12.0 fps objs/frame=46.6 | infer=56.3ms track=3.5ms acquire=23.3ms
2026-10-01 10:43:41,014 [INFO] __main__: [prof node:node_01] disp 12.0 fps | acquire=0.0ms render=0.0ms publish=0.0ms
2026-10-01 10:43:41,014 [INFO] __main__: [prof node:node_01]   high>15: 60 frames, objs/frame=46.6, infer=56.3ms
2026-10-01 10:43:43,334 [INFO] __main__: [prof node:node_03] ai 17.1 fps objs/frame=12.4 | infer=56.3ms track=1.4ms acquire=0.7ms
2026-10-01 10:43:43,334 [INFO] __main__: [prof node:node_03] disp 24.4 fps | acquire=0.0ms render=0.0ms publish=0.0ms
2026-10-01 10:43:43,340 [INFO] __main__: [prof node:node_03]   low<10: 15 frames, objs/frame=8.1, infer=53.8ms
2026-10-01 10:43:43,340 [INFO] __main__: [prof node:node_03]   high>15: 13 frames, objs/frame=17.2, infer=57.8ms
2026-10-01 10:43:44,430 [INFO] __main__: [prof node:node_02] ai 16.2 fps objs/frame=36.3 | infer=57.7ms track=2.7ms acquire=1.2ms
2026-10-01 10:43:44,430 [INFO] __main__: [prof node:node_02] disp 24.3 fps | acquire=0.0ms render=0.0ms publish=0.0ms
2026-10-01 10:43:44,430 [INFO] __main__: [prof node:node_02]   high>15: 81 frames, objs/frame=36.3, infer=57.7ms
2026-10-01 10:43:46,064 [INFO] __main__: [prof node:node_01] ai 11.7 fps objs/frame=49.1 | infer=57.0ms track=3.3ms acquire=25.0ms
2026-10-01 10:43:46,064 [INFO] __main__: [prof node:node_01] disp 11.7 fps | acquire=0.0ms render=0.0ms publish=0.0ms
2026-10-01 10:43:46,064 [INFO] __main__: [prof node:node_01]   high>15: 59 frames, objs/frame=49.1, infer=57.0ms
2026-10-01 10:43:48,353 [INFO] __main__: [prof node:node_03] ai 17.1 fps objs/frame=12.8 | infer=54.7ms track=1.1ms acquire=2.3ms
2026-10-01 10:43:48,353 [INFO] __main__: [prof node:node_03] disp 24.3 fps | acquire=0.0ms render=0.0ms publish=0.0ms
2026-10-01 10:43:48,353 [INFO] __main__: [prof node:node_03]   low<10: 4 frames, objs/frame=9.0, infer=58.5ms
2026-10-01 10:43:48,353 [INFO] __main__: [prof node:node_03]   high>15: 7 frames, objs/frame=16.3, infer=69.3ms
2026-10-01 10:43:49,514 [INFO] __main__: [prof node:node_02] ai 17.5 fps objs/frame=33.9 | infer=51.8ms track=2.2ms acquire=2.8ms
2026-10-01 10:43:49,514 [INFO] __main__: [prof node:node_02] disp 24.0 fps | acquire=0.0ms render=0.0ms publish=0.0ms
2026-10-01 10:43:49,514 [INFO] __main__: [prof node:node_02]   high>15: 89 frames, objs/frame=33.9, infer=51.8ms
2026-10-01 10:43:51,076 [INFO] __main__: [prof node:node_01] ai 11.8 fps objs/frame=49.9 | infer=56.0ms track=2.8ms acquire=25.6ms
2026-10-01 10:43:51,076 [INFO] __main__: [prof node:node_01] disp 11.8 fps | acquire=0.0ms render=0.0ms publish=0.0ms
2026-10-01 10:43:51,077 [INFO] __main__: [prof node:node_01]   high>15: 59 frames, objs/frame=49.9, infer=56.0ms
2026-10-01 10:43:53,408 [INFO] __main__: [prof node:node_03] ai 17.4 fps objs/frame=17.1 | infer=54.7ms track=1.3ms acquire=1.2ms
2026-10-01 10:43:53,408 [INFO] __main__: [prof node:node_03] disp 24.3 fps | acquire=0.0ms render=0.0ms publish=0.0ms
2026-10-01 10:43:53,408 [INFO] __main__: [prof node:node_03]   low<10: 8 frames, objs/frame=7.1, infer=62.8ms
2026-10-01 10:43:53,408 [INFO] __main__: [prof node:node_03]   high>15: 51 frames, objs/frame=21.5, infer=55.0ms
2026-10-01 10:43:54,534 [INFO] __main__: [prof node:node_02] ai 17.5 fps objs/frame=27.8 | infer=54.3ms track=2.4ms acquire=0.1ms
2026-10-01 10:43:54,534 [INFO] __main__: [prof node:node_02] disp 24.9 fps | acquire=0.0ms render=0.0ms publish=0.0ms
2026-10-01 10:43:54,534 [INFO] __main__: [prof node:node_02]   high>15: 88 frames, objs/frame=27.8, infer=54.3ms
2026-10-01 10:43:56,125 [INFO] __main__: [prof node:node_01] ai 11.5 fps objs/frame=45.3 | infer=56.7ms track=3.1ms acquire=26.8ms
2026-10-01 10:43:56,125 [INFO] __main__: [prof node:node_01] disp 11.7 fps | acquire=0.0ms render=0.0ms publish=0.0ms
2026-10-01 10:43:56,125 [INFO] __main__: [prof node:node_01]   high>15: 58 frames, objs/frame=45.3, infer=56.7ms
2026-10-01 10:43:58,444 [INFO] __main__: [prof node:node_03] ai 17.3 fps objs/frame=24.9 | infer=54.1ms track=1.9ms acquire=1.6ms
2026-10-01 10:43:58,444 [INFO] __main__: [prof node:node_03] disp 24.6 fps | acquire=0.0ms render=0.0ms publish=0.0ms
2026-10-01 10:43:58,444 [INFO] __main__: [prof node:node_03]   low<10: 1 frames, objs/frame=8.0, infer=68.7ms
2026-10-01 10:43:58,444 [INFO] __main__: [prof node:node_03]   high>15: 85 frames, objs/frame=25.3, infer=53.8ms
2026-10-01 10:43:59,594 [INFO] __main__: [prof node:node_02] ai 16.4 fps objs/frame=26.9 | infer=56.7ms track=2.0ms acquire=1.9ms
2026-10-01 10:43:59,596 [INFO] __main__: [prof node:node_02] disp 24.3 fps | acquire=0.0ms render=0.0ms publish=0.0ms
2026-10-01 10:43:59,596 [INFO] __main__: [prof node:node_02]   low<10: 2 frames, objs/frame=0.0, infer=46.7ms
2026-10-01 10:43:59,598 [INFO] __main__: [prof node:node_02]   high>15: 81 frames, objs/frame=27.5, infer=57.0ms
2026-10-01 10:44:01,187 [INFO] __main__: [prof node:node_01] ai 11.7 fps objs/frame=44.6 | infer=56.1ms track=3.4ms acquire=25.9ms
2026-10-01 10:44:01,187 [INFO] __main__: [prof node:node_01] disp 11.5 fps | acquire=0.0ms render=0.0ms publish=0.0ms
2026-10-01 10:44:01,187 [INFO] __main__: [prof node:node_01]   high>15: 59 frames, objs/frame=44.6, infer=56.1ms
2026-10-01 10:44:03,479 [INFO] __main__: [prof node:node_03] ai 14.9 fps objs/frame=41.2 | infer=61.3ms track=2.9ms acquire=2.5ms
2026-10-01 10:44:03,479 [INFO] __main__: [prof node:node_03] disp 24.5 fps | acquire=0.0ms render=0.0ms publish=0.0ms
2026-10-01 10:44:03,479 [INFO] __main__: [prof node:node_03]   high>15: 75 frames, objs/frame=41.2, infer=61.3ms
2026-10-01 10:44:04,673 [INFO] __main__: [prof node:node_02] ai 15.4 fps objs/frame=29.4 | infer=61.6ms track=1.9ms acquire=1.2ms
2026-10-01 10:44:04,673 [INFO] __main__: [prof node:node_02] disp 24.4 fps | acquire=0.0ms render=0.0ms publish=0.0ms
2026-10-01 10:44:04,673 [INFO] __main__: [prof node:node_02]   high>15: 78 frames, objs/frame=29.4, infer=61.6ms
2026-10-01 10:44:06,257 [INFO] __main__: [prof node:node_01] ai 12.0 fps objs/frame=40.1 | infer=61.7ms track=3.2ms acquire=17.8ms
2026-10-01 10:44:06,257 [INFO] __main__: [prof node:node_01] disp 12.0 fps | acquire=0.0ms render=0.0ms publish=0.0ms
2026-10-01 10:44:06,257 [INFO] __main__: [prof node:node_01]   high>15: 61 frames, objs/frame=40.1, infer=61.7ms
2026-10-01 10:44:08,541 [INFO] __main__: [prof node:node_03] ai 14.6 fps objs/frame=43.9 | infer=63.6ms track=3.7ms acquire=0.8ms
2026-10-01 10:44:08,541 [INFO] __main__: [prof node:node_03] disp 24.3 fps | acquire=0.0ms render=0.0ms publish=0.0ms
2026-10-01 10:44:08,541 [INFO] __main__: [prof node:node_03]   high>15: 74 frames, objs/frame=43.9, infer=63.6ms
2026-10-01 10:44:09,683 [INFO] __main__: [prof node:node_02] ai 15.2 fps objs/frame=27.2 | infer=62.9ms track=2.1ms acquire=0.6ms
2026-10-01 10:44:09,686 [INFO] __main__: [prof node:node_02] disp 24.5 fps | acquire=0.0ms render=0.0ms publish=0.0ms
2026-10-01 10:44:09,686 [INFO] __main__: [prof node:node_02]   high>15: 76 frames, objs/frame=27.2, infer=62.9ms
2026-10-01 10:44:11,339 [INFO] __main__: [prof node:node_01] ai 11.8 fps objs/frame=41.0 | infer=60.6ms track=2.7ms acquire=21.0ms
2026-10-01 10:44:11,339 [INFO] __main__: [prof node:node_01] disp 11.8 fps | acquire=0.0ms render=0.0ms publish=0.0ms
2026-10-01 10:44:11,339 [INFO] __main__: [prof node:node_01]   high>15: 60 frames, objs/frame=41.0, infer=60.6ms
2026-10-01 10:44:13,575 [INFO] __main__: [prof node:node_03] ai 16.3 fps objs/frame=35.2 | infer=57.6ms track=2.8ms acquire=0.7ms
2026-10-01 10:44:13,575 [INFO] __main__: [prof node:node_03] disp 24.2 fps | acquire=0.0ms render=0.0ms publish=0.0ms
2026-10-01 10:44:13,582 [INFO] __main__: [prof node:node_03]   low<10: 1 frames, objs/frame=1.0, infer=64.8ms
2026-10-01 10:44:13,582 [INFO] __main__: [prof node:node_03]   high>15: 80 frames, objs/frame=35.9, infer=57.8ms
2026-10-01 10:44:14,699 [INFO] __main__: [prof node:node_02] ai 15.8 fps objs/frame=26.1 | infer=59.5ms track=2.1ms acquire=1.6ms
2026-10-01 10:44:14,699 [INFO] __main__: [prof node:node_02] disp 24.1 fps | acquire=0.0ms render=0.0ms publish=0.0ms
2026-10-01 10:44:14,699 [INFO] __main__: [prof node:node_02]   high>15: 79 frames, objs/frame=26.1, infer=59.5ms
2026-10-01 10:44:16,423 [INFO] __main__: [prof node:node_01] ai 11.8 fps objs/frame=49.4 | infer=59.7ms track=3.3ms acquire=21.2ms
2026-10-01 10:44:16,423 [INFO] __main__: [prof node:node_01] disp 11.8 fps | acquire=0.0ms render=0.0ms publish=0.0ms
2026-10-01 10:44:16,423 [INFO] __main__: [prof node:node_01]   high>15: 60 frames, objs/frame=49.4, infer=59.7ms
2026-10-01 10:44:18,596 [INFO] __main__: [prof node:node_03] ai 15.3 fps objs/frame=34.4 | infer=61.7ms track=2.5ms acquire=0.7ms
2026-10-01 10:44:18,596 [INFO] __main__: [prof node:node_03] disp 24.7 fps | acquire=0.0ms render=0.0ms publish=0.0ms
2026-10-01 10:44:18,596 [INFO] __main__: [prof node:node_03]   high>15: 77 frames, objs/frame=34.4, infer=61.7ms
2026-10-01 10:44:19,727 [INFO] __main__: [prof node:node_02] ai 15.7 fps objs/frame=21.3 | infer=61.1ms track=1.9ms acquire=0.4ms
2026-10-01 10:44:19,727 [INFO] __main__: [prof node:node_02] disp 24.8 fps | acquire=0.0ms render=0.0ms publish=0.0ms
2026-10-01 10:44:19,727 [INFO] __main__: [prof node:node_02]   high>15: 78 frames, objs/frame=21.4, infer=61.0ms
2026-10-01 10:44:21,591 [INFO] __main__: [prof node:node_01] ai 11.4 fps objs/frame=50.7 | infer=58.4ms track=3.5ms acquire=25.1ms
2026-10-01 10:44:21,592 [INFO] __main__: [prof node:node_01] disp 11.6 fps | acquire=0.0ms render=0.0ms publish=0.0ms
2026-10-01 10:44:21,593 [INFO] __main__: [prof node:node_01]   high>15: 59 frames, objs/frame=50.7, infer=58.4ms
2026-10-01 10:44:23,610 [INFO] __main__: [prof node:node_03] ai 15.5 fps objs/frame=32.9 | infer=60.0ms track=2.4ms acquire=1.7ms
2026-10-01 10:44:23,610 [INFO] __main__: [prof node:node_03] disp 23.9 fps | acquire=0.0ms render=0.0ms publish=0.0ms
2026-10-01 10:44:23,610 [INFO] __main__: [prof node:node_03]   high>15: 78 frames, objs/frame=32.9, infer=60.0ms
2026-10-01 10:44:24,742 [INFO] __main__: [prof node:node_02] ai 16.6 fps objs/frame=19.4 | infer=57.6ms track=1.7ms acquire=0.9ms
2026-10-01 10:44:24,742 [INFO] __main__: [prof node:node_02] disp 24.3 fps | acquire=0.0ms render=0.0ms publish=0.0ms
2026-10-01 10:44:24,748 [INFO] __main__: [prof node:node_02]   high>15: 81 frames, objs/frame=19.5, infer=57.4ms
2026-10-01 10:44:26,648 [INFO] __main__: [prof node:node_01] ai 12.1 fps objs/frame=48.4 | infer=59.7ms track=3.0ms acquire=19.7ms
2026-10-01 10:44:26,649 [INFO] __main__: [prof node:node_01] disp 11.9 fps | acquire=0.0ms render=0.0ms publish=0.0ms
2026-10-01 10:44:26,649 [INFO] __main__: [prof node:node_01]   high>15: 61 frames, objs/frame=48.4, infer=59.7ms
2026-10-01 10:44:28,692 [INFO] __main__: [prof node:node_03] ai 15.8 fps objs/frame=37.0 | infer=60.8ms track=2.2ms acquire=0.2ms
2026-10-01 10:44:28,692 [INFO] __main__: [prof node:node_03] disp 24.8 fps | acquire=0.0ms render=0.0ms publish=0.0ms
2026-10-01 10:44:28,692 [INFO] __main__: [prof node:node_03]   high>15: 80 frames, objs/frame=37.0, infer=60.8ms
2026-10-01 10:44:29,784 [INFO] __main__: [prof node:node_02] ai 15.9 fps objs/frame=17.6 | infer=60.6ms track=1.4ms acquire=0.7ms
2026-10-01 10:44:29,784 [INFO] __main__: [prof node:node_02] disp 24.8 fps | acquire=0.0ms render=0.0ms publish=0.0ms
2026-10-01 10:44:29,784 [INFO] __main__: [prof node:node_02]   high>15: 65 frames, objs/frame=18.5, infer=60.4ms
2026-10-01 10:44:31,658 [INFO] __main__: [prof node:node_01] ai 12.0 fps objs/frame=53.7 | infer=60.7ms track=2.9ms acquire=19.5ms
2026-10-01 10:44:31,658 [INFO] __main__: [prof node:node_01] disp 12.0 fps | acquire=0.0ms render=0.0ms publish=0.0ms
2026-10-01 10:44:31,665 [INFO] __main__: [prof node:node_01]   high>15: 60 frames, objs/frame=53.7, infer=60.7ms
2026-10-01 10:44:33,725 [INFO] __main__: [prof node:node_03] ai 15.7 fps objs/frame=37.2 | infer=60.7ms track=2.0ms acquire=0.8ms
2026-10-01 10:44:33,728 [INFO] __main__: [prof node:node_03] disp 24.8 fps | acquire=0.0ms render=0.0ms publish=0.0ms
2026-10-01 10:44:33,728 [INFO] __main__: [prof node:node_03]   high>15: 79 frames, objs/frame=37.2, infer=60.7ms
2026-10-01 10:44:34,818 [INFO] __main__: [prof node:node_02] ai 15.9 fps objs/frame=20.2 | infer=59.0ms track=1.7ms acquire=2.0ms
2026-10-01 10:44:34,819 [INFO] __main__: [prof node:node_02] disp 24.2 fps | acquire=0.0ms render=0.0ms publish=0.0ms
2026-10-01 10:44:34,819 [INFO] __main__: [prof node:node_02]   high>15: 80 frames, objs/frame=20.2, infer=59.0ms
2026-10-01 10:44:36,693 [INFO] __main__: [prof node:node_01] ai 11.5 fps objs/frame=50.2 | infer=58.3ms track=3.5ms acquire=24.5ms
2026-10-01 10:44:36,693 [INFO] __main__: [prof node:node_01] disp 11.7 fps | acquire=0.0ms render=0.0ms publish=0.0ms
2026-10-01 10:44:36,693 [INFO] __main__: [prof node:node_01]   high>15: 58 frames, objs/frame=50.2, infer=58.3ms
2026-10-01 10:44:38,758 [INFO] __main__: [prof node:node_03] ai 15.9 fps objs/frame=34.9 | infer=60.2ms track=1.6ms acquire=0.9ms
2026-10-01 10:44:38,758 [INFO] __main__: [prof node:node_03] disp 24.6 fps | acquire=0.0ms render=0.0ms publish=0.0ms
2026-10-01 10:44:38,758 [INFO] __main__: [prof node:node_03]   high>15: 80 frames, objs/frame=34.9, infer=60.2ms
2026-10-01 10:44:39,845 [INFO] __main__: [prof node:node_02] ai 14.9 fps objs/frame=21.8 | infer=63.6ms track=2.0ms acquire=1.1ms
2026-10-01 10:44:39,845 [INFO] __main__: [prof node:node_02] disp 24.6 fps | acquire=0.0ms render=0.0ms publish=0.0ms
2026-10-01 10:44:39,845 [INFO] __main__: [prof node:node_02]   high>15: 75 frames, objs/frame=21.8, infer=63.6ms
2026-10-01 10:44:41,748 [INFO] __main__: [prof node:node_01] ai 11.7 fps objs/frame=58.1 | infer=68.8ms track=3.3ms acquire=13.1ms
2026-10-01 10:44:41,748 [INFO] __main__: [prof node:node_01] disp 11.7 fps | acquire=0.0ms render=0.0ms publish=0.0ms
2026-10-01 10:44:41,748 [INFO] __main__: [prof node:node_01]   high>15: 59 frames, objs/frame=58.1, infer=68.8ms
2026-10-01 10:44:43,818 [INFO] __main__: [prof node:node_03] ai 13.6 fps objs/frame=41.6 | infer=70.7ms track=1.9ms acquire=0.5ms
2026-10-01 10:44:43,818 [INFO] __main__: [prof node:node_03] disp 24.5 fps | acquire=0.1ms render=0.0ms publish=0.0ms
2026-10-01 10:44:43,818 [INFO] __main__: [prof node:node_03]   high>15: 69 frames, objs/frame=41.6, infer=70.7ms
2026-10-01 10:44:44,846 [INFO] __main__: [prof node:node_02] ai 13.6 fps objs/frame=24.4 | infer=70.7ms track=2.5ms acquire=0.0ms
2026-10-01 10:44:44,852 [INFO] __main__: [prof node:node_02] disp 24.8 fps | acquire=0.1ms render=0.0ms publish=0.0ms
2026-10-01 10:44:44,853 [INFO] __main__: [prof node:node_02]   high>15: 68 frames, objs/frame=24.4, infer=70.7ms
2026-10-01 10:44:46,799 [INFO] __main__: [prof node:node_01] ai 11.7 fps objs/frame=55.4 | infer=67.4ms track=3.2ms acquire=14.6ms
2026-10-01 10:44:46,799 [INFO] __main__: [prof node:node_01] disp 11.5 fps | acquire=0.0ms render=0.0ms publish=0.0ms
2026-10-01 10:44:46,799 [INFO] __main__: [prof node:node_01]   high>15: 59 frames, objs/frame=55.4, infer=67.4ms
2026-10-01 10:44:48,873 [INFO] __main__: [prof node:node_03] ai 14.0 fps objs/frame=39.5 | infer=68.3ms track=2.3ms acquire=0.2ms
2026-10-01 10:44:48,873 [INFO] __main__: [prof node:node_03] disp 24.5 fps | acquire=0.1ms render=0.0ms publish=0.0ms
2026-10-01 10:44:48,879 [INFO] __main__: [prof node:node_03]   low<10: 1 frames, objs/frame=6.0, infer=39.0ms
2026-10-01 10:44:48,880 [INFO] __main__: [prof node:node_03]   high>15: 70 frames, objs/frame=39.9, infer=68.8ms
2026-10-01 10:44:49,859 [INFO] __main__: [prof node:node_02] ai 13.4 fps objs/frame=26.0 | infer=70.6ms track=2.4ms acquire=1.4ms
2026-10-01 10:44:49,860 [INFO] __main__: [prof node:node_02] disp 24.4 fps | acquire=0.1ms render=0.0ms publish=0.0ms
2026-10-01 10:44:49,860 [INFO] __main__: [prof node:node_02]   high>15: 67 frames, objs/frame=26.0, infer=70.6ms
2026-10-01 10:44:51,831 [INFO] __main__: [prof node:node_01] ai 11.5 fps objs/frame=57.5 | infer=70.0ms track=3.6ms acquire=12.7ms
2026-10-01 10:44:51,831 [INFO] __main__: [prof node:node_01] disp 11.7 fps | acquire=0.0ms render=0.0ms publish=0.0ms
2026-10-01 10:44:51,831 [INFO] __main__: [prof node:node_01]   high>15: 58 frames, objs/frame=57.5, infer=70.0ms
2026-10-01 10:44:53,942 [INFO] __main__: [prof node:node_03] ai 14.4 fps objs/frame=36.0 | infer=65.7ms track=3.0ms acquire=0.4ms
2026-10-01 10:44:53,942 [INFO] __main__: [prof node:node_03] disp 24.3 fps | acquire=0.1ms render=0.0ms publish=0.0ms
2026-10-01 10:44:53,942 [INFO] __main__: [prof node:node_03]   low<10: 1 frames, objs/frame=0.0, infer=61.1ms
2026-10-01 10:44:53,942 [INFO] __main__: [prof node:node_03]   high>15: 72 frames, objs/frame=36.5, infer=65.7ms
2026-10-01 10:44:54,894 [INFO] __main__: [prof node:node_02] ai 13.7 fps objs/frame=26.0 | infer=67.4ms track=2.3ms acquire=3.0ms
2026-10-01 10:44:54,894 [INFO] __main__: [prof node:node_02] disp 24.0 fps | acquire=0.1ms render=0.0ms publish=0.0ms
2026-10-01 10:44:54,894 [INFO] __main__: [prof node:node_02]   low<10: 1 frames, objs/frame=0.0, infer=32.5ms
2026-10-01 10:44:54,894 [INFO] __main__: [prof node:node_02]   high>15: 68 frames, objs/frame=26.4, infer=68.0ms
2026-10-01 10:44:56,886 [INFO] __main__: [prof node:node_01] ai 11.7 fps objs/frame=55.8 | infer=67.0ms track=3.8ms acquire=14.4ms
2026-10-01 10:44:56,886 [INFO] __main__: [prof node:node_01] disp 11.7 fps | acquire=0.0ms render=0.0ms publish=0.0ms
2026-10-01 10:44:56,887 [INFO] __main__: [prof node:node_01]   high>15: 59 frames, objs/frame=55.8, infer=67.0ms
2026-10-01 10:44:58,942 [INFO] __main__: [prof node:node_03] ai 13.8 fps objs/frame=31.2 | infer=67.5ms track=3.1ms acquire=1.6ms
2026-10-01 10:44:58,949 [INFO] __main__: [prof node:node_03] disp 24.6 fps | acquire=0.1ms render=0.0ms publish=0.0ms
2026-10-01 10:44:58,949 [INFO] __main__: [prof node:node_03]   high>15: 69 frames, objs/frame=31.2, infer=67.5ms
2026-10-01 10:44:59,935 [INFO] __main__: [prof node:node_02] ai 13.5 fps objs/frame=28.9 | infer=71.1ms track=2.3ms acquire=0.4ms
2026-10-01 10:44:59,935 [INFO] __main__: [prof node:node_02] disp 25.0 fps | acquire=0.1ms render=0.0ms publish=0.0ms
2026-10-01 10:44:59,935 [INFO] __main__: [prof node:node_02]   high>15: 68 frames, objs/frame=28.9, infer=71.1ms
2026-10-01 10:45:01,963 [INFO] __main__: [prof node:node_01] ai 12.0 fps objs/frame=60.7 | infer=73.8ms track=4.3ms acquire=4.6ms
2026-10-01 10:45:01,963 [INFO] __main__: [prof node:node_01] disp 11.8 fps | acquire=0.0ms render=0.0ms publish=0.0ms
2026-10-01 10:45:01,963 [INFO] __main__: [prof node:node_01]   high>15: 61 frames, objs/frame=60.7, infer=73.8ms
2026-10-01 10:45:03,977 [INFO] __main__: [prof node:node_03] ai 12.7 fps objs/frame=33.8 | infer=74.6ms track=3.0ms acquire=0.8ms
2026-10-01 10:45:03,983 [INFO] __main__: [prof node:node_03] disp 24.6 fps | acquire=0.1ms render=0.0ms publish=0.0ms
2026-10-01 10:45:03,983 [INFO] __main__: [prof node:node_03]   high>15: 64 frames, objs/frame=33.8, infer=74.6ms
2026-10-01 10:45:04,941 [INFO] __main__: [prof node:node_02] ai 13.0 fps objs/frame=27.4 | infer=74.4ms track=2.4ms acquire=0.0ms
2026-10-01 10:45:04,941 [INFO] __main__: [prof node:node_02] disp 24.8 fps | acquire=0.1ms render=0.0ms publish=0.0ms
2026-10-01 10:45:04,941 [INFO] __main__: [prof node:node_02]   high>15: 65 frames, objs/frame=27.4, infer=74.4ms
2026-10-01 10:45:07,018 [INFO] __main__: [prof node:node_01] ai 11.9 fps objs/frame=65.5 | infer=75.6ms track=4.2ms acquire=4.0ms
2026-10-01 10:45:07,018 [INFO] __main__: [prof node:node_01] disp 12.1 fps | acquire=0.0ms render=0.0ms publish=0.0ms
2026-10-01 10:45:07,018 [INFO] __main__: [prof node:node_01]   high>15: 60 frames, objs/frame=65.5, infer=75.6ms
2026-10-01 10:45:09,039 [INFO] __main__: [prof node:node_03] ai 11.7 fps objs/frame=35.6 | infer=80.8ms track=3.5ms acquire=1.1ms
2026-10-01 10:45:09,039 [INFO] __main__: [prof node:node_03] disp 24.5 fps | acquire=0.1ms render=0.0ms publish=0.0ms
2026-10-01 10:45:09,045 [INFO] __main__: [prof node:node_03]   high>15: 59 frames, objs/frame=35.6, infer=80.8ms
2026-10-01 10:45:10,020 [INFO] __main__: [prof node:node_02] ai 11.6 fps objs/frame=29.7 | infer=83.2ms track=2.0ms acquire=0.5ms
2026-10-01 10:45:10,020 [INFO] __main__: [prof node:node_02] disp 24.6 fps | acquire=0.1ms render=0.0ms publish=0.0ms
2026-10-01 10:45:10,020 [INFO] __main__: [prof node:node_02]   high>15: 59 frames, objs/frame=29.7, infer=83.2ms
2026-10-01 10:45:12,039 [INFO] __main__: [prof node:node_01] ai 11.4 fps objs/frame=70.6 | infer=82.5ms track=4.5ms acquire=0.6ms
2026-10-01 10:45:12,039 [INFO] __main__: [prof node:node_01] disp 12.0 fps | acquire=0.0ms render=0.0ms publish=0.0ms
2026-10-01 10:45:12,039 [INFO] __main__: [prof node:node_01]   high>15: 57 frames, objs/frame=70.6, infer=82.5ms
2026-10-01 10:45:14,067 [INFO] __main__: [prof node:node_03] ai 11.5 fps objs/frame=30.5 | infer=83.2ms track=3.1ms acquire=0.0ms
2026-10-01 10:45:14,067 [INFO] __main__: [prof node:node_03] disp 24.5 fps | acquire=0.1ms render=0.0ms publish=0.0ms
2026-10-01 10:45:14,067 [INFO] __main__: [prof node:node_03]   high>15: 58 frames, objs/frame=30.5, infer=83.2ms
2026-10-01 10:45:15,056 [INFO] __main__: [prof node:node_02] ai 11.9 fps objs/frame=32.5 | infer=79.9ms track=2.6ms acquire=1.1ms
2026-10-01 10:45:15,059 [INFO] __main__: [prof node:node_02] disp 24.2 fps | acquire=0.1ms render=0.0ms publish=0.0ms
2026-10-01 10:45:15,059 [INFO] __main__: [prof node:node_02]   high>15: 60 frames, objs/frame=32.5, infer=79.9ms
2026-10-01 10:45:17,084 [INFO] __main__: [prof node:node_01] ai 11.9 fps objs/frame=63.2 | infer=75.2ms track=4.2ms acquire=4.2ms
2026-10-01 10:45:17,084 [INFO] __main__: [prof node:node_01] disp 12.1 fps | acquire=0.0ms render=0.0ms publish=0.0ms
2026-10-01 10:45:17,086 [INFO] __main__: [prof node:node_01]   high>15: 60 frames, objs/frame=63.2, infer=75.2ms
2026-10-01 10:45:19,136 [INFO] __main__: [prof node:node_03] ai 12.4 fps objs/frame=29.2 | infer=76.8ms track=2.9ms acquire=0.5ms
2026-10-01 10:45:19,136 [INFO] __main__: [prof node:node_03] disp 24.7 fps | acquire=0.1ms render=0.0ms publish=0.0ms
2026-10-01 10:45:19,136 [INFO] __main__: [prof node:node_03]   high>15: 63 frames, objs/frame=29.2, infer=76.8ms
2026-10-01 10:45:20,073 [INFO] __main__: [prof node:node_02] ai 12.6 fps objs/frame=38.7 | infer=75.9ms track=3.0ms acquire=0.4ms
2026-10-01 10:45:20,073 [INFO] __main__: [prof node:node_02] disp 24.9 fps | acquire=0.1ms render=0.0ms publish=0.0ms
2026-10-01 10:45:20,073 [INFO] __main__: [prof node:node_02]   high>15: 63 frames, objs/frame=38.7, infer=75.9ms
2026-10-01 10:45:22,141 [INFO] __main__: [prof node:node_01] ai 12.1 fps objs/frame=58.5 | infer=72.9ms track=4.3ms acquire=5.2ms
2026-10-01 10:45:22,142 [INFO] __main__: [prof node:node_01] disp 11.9 fps | acquire=0.0ms render=0.0ms publish=0.0ms
2026-10-01 10:45:22,142 [INFO] __main__: [prof node:node_01]   high>15: 61 frames, objs/frame=58.5, infer=72.9ms
2026-10-01 10:45:24,159 [INFO] __main__: [prof node:node_03] ai 12.5 fps objs/frame=24.8 | infer=75.7ms track=3.1ms acquire=0.6ms
2026-10-01 10:45:24,159 [INFO] __main__: [prof node:node_03] disp 24.7 fps | acquire=0.1ms render=0.0ms publish=0.0ms
2026-10-01 10:45:24,159 [INFO] __main__: [prof node:node_03]   high>15: 63 frames, objs/frame=24.8, infer=75.7ms
2026-10-01 10:45:25,094 [INFO] __main__: [prof node:node_02] ai 12.1 fps objs/frame=31.7 | infer=78.0ms track=3.0ms acquire=1.0ms
2026-10-01 10:45:25,094 [INFO] __main__: [prof node:node_02] disp 24.3 fps | acquire=0.1ms render=0.0ms publish=0.0ms
2026-10-01 10:45:25,100 [INFO] __main__: [prof node:node_02]   high>15: 61 frames, objs/frame=31.7, infer=78.0ms
2026-10-01 10:45:27,143 [INFO] __main__: [prof node:node_01] ai 11.6 fps objs/frame=63.3 | infer=75.9ms track=3.7ms acquire=6.1ms
2026-10-01 10:45:27,143 [INFO] __main__: [prof node:node_01] disp 12.2 fps | acquire=0.0ms render=0.0ms publish=0.0ms
2026-10-01 10:45:27,143 [INFO] __main__: [prof node:node_01]   high>15: 58 frames, objs/frame=63.3, infer=75.9ms
2026-10-01 10:45:29,207 [INFO] __main__: [prof node:node_03] ai 12.7 fps objs/frame=23.9 | infer=74.4ms track=2.7ms acquire=1.6ms
2026-10-01 10:45:29,207 [INFO] __main__: [prof node:node_03] disp 24.2 fps | acquire=0.1ms render=0.0ms publish=0.0ms
2026-10-01 10:45:29,207 [INFO] __main__: [prof node:node_03]   high>15: 57 frames, objs/frame=25.1, infer=74.4ms
2026-10-01 10:45:30,171 [INFO] __main__: [prof node:node_02] ai 13.2 fps objs/frame=35.9 | infer=71.3ms track=2.7ms acquire=1.3ms
2026-10-01 10:45:30,171 [INFO] __main__: [prof node:node_02] disp 24.6 fps | acquire=0.1ms render=0.0ms publish=0.0ms
2026-10-01 10:45:30,171 [INFO] __main__: [prof node:node_02]   high>15: 67 frames, objs/frame=35.9, infer=71.3ms
2026-10-01 10:45:32,205 [INFO] __main__: [prof node:node_01] ai 12.1 fps objs/frame=57.5 | infer=69.1ms track=3.8ms acquire=9.5ms
2026-10-01 10:45:32,205 [INFO] __main__: [prof node:node_01] disp 11.9 fps | acquire=0.0ms render=0.0ms publish=0.0ms
2026-10-01 10:45:32,205 [INFO] __main__: [prof node:node_01]   high>15: 61 frames, objs/frame=57.5, infer=69.1ms
2026-10-01 10:45:34,223 [INFO] __main__: [prof node:node_03] ai 13.6 fps objs/frame=16.4 | infer=69.6ms track=2.1ms acquire=2.0ms
2026-10-01 10:45:34,223 [INFO] __main__: [prof node:node_03] disp 23.9 fps | acquire=0.1ms render=0.0ms publish=0.0ms
2026-10-01 10:45:34,223 [INFO] __main__: [prof node:node_03]   high>15: 47 frames, objs/frame=17.5, infer=68.0ms
2026-10-01 10:45:35,226 [INFO] __main__: [prof node:node_02] ai 13.6 fps objs/frame=30.0 | infer=69.8ms track=2.6ms acquire=0.6ms
2026-10-01 10:45:35,226 [INFO] __main__: [prof node:node_02] disp 24.5 fps | acquire=0.1ms render=0.0ms publish=0.0ms
2026-10-01 10:45:35,226 [INFO] __main__: [prof node:node_02]   low<10: 1 frames, objs/frame=0.0, infer=72.4ms
2026-10-01 10:45:35,226 [INFO] __main__: [prof node:node_02]   high>15: 68 frames, objs/frame=30.4, infer=69.8ms
2026-10-01 10:45:37,212 [INFO] __main__: [prof node:node_01] ai 12.0 fps objs/frame=63.8 | infer=69.2ms track=3.6ms acquire=10.2ms
2026-10-01 10:45:37,212 [INFO] __main__: [prof node:node_01] disp 12.2 fps | acquire=0.0ms render=0.0ms publish=0.0ms
2026-10-01 10:45:37,212 [INFO] __main__: [prof node:node_01]   low<10: 1 frames, objs/frame=0.0, infer=55.7ms
2026-10-01 10:45:37,212 [INFO] __main__: [prof node:node_01]   high>15: 59 frames, objs/frame=64.8, infer=69.5ms
2026-10-01 10:45:39,289 [INFO] __main__: [prof node:node_03] ai 12.6 fps objs/frame=17.5 | infer=74.8ms track=1.7ms acquire=2.3ms
2026-10-01 10:45:39,289 [INFO] __main__: [prof node:node_03] disp 23.9 fps | acquire=0.1ms render=0.0ms publish=0.0ms
2026-10-01 10:45:39,289 [INFO] __main__: [prof node:node_03]   high>15: 47 frames, objs/frame=18.8, infer=78.2ms
2026-10-01 10:45:40,312 [INFO] __main__: [prof node:node_02] ai 12.6 fps objs/frame=30.1 | infer=76.0ms track=2.4ms acquire=0.7ms
2026-10-01 10:45:40,315 [INFO] __main__: [prof node:node_02] disp 24.2 fps | acquire=0.1ms render=0.0ms publish=0.0ms
2026-10-01 10:45:40,316 [INFO] __main__: [prof node:node_02]   high>15: 64 frames, objs/frame=30.1, infer=76.0ms
2026-10-01 10:45:42,233 [INFO] __main__: [prof node:node_01] ai 11.8 fps objs/frame=67.2 | infer=77.1ms track=4.1ms acquire=3.5ms
2026-10-01 10:45:42,233 [INFO] __main__: [prof node:node_01] disp 12.0 fps | acquire=0.0ms render=0.0ms publish=0.0ms
2026-10-01 10:45:42,233 [INFO] __main__: [prof node:node_01]   high>15: 59 frames, objs/frame=67.2, infer=77.1ms
2026-10-01 10:45:44,357 [INFO] __main__: [prof node:node_03] ai 12.0 fps objs/frame=33.2 | infer=78.4ms track=3.4ms acquire=0.9ms
2026-10-01 10:45:44,357 [INFO] __main__: [prof node:node_03] disp 24.5 fps | acquire=0.1ms render=0.0ms publish=0.0ms
2026-10-01 10:45:44,357 [INFO] __main__: [prof node:node_03]   high>15: 61 frames, objs/frame=33.2, infer=78.4ms
2026-10-01 10:45:45,323 [INFO] __main__: [prof node:node_02] ai 12.4 fps objs/frame=33.5 | infer=78.6ms track=1.9ms acquire=0.0ms
2026-10-01 10:45:45,323 [INFO] __main__: [prof node:node_02] disp 24.3 fps | acquire=0.1ms render=0.0ms publish=0.0ms
2026-10-01 10:45:45,323 [INFO] __main__: [prof node:node_02]   high>15: 62 frames, objs/frame=33.5, infer=78.6ms
2026-10-01 10:45:47,246 [INFO] __main__: [prof node:node_01] ai 12.0 fps objs/frame=65.0 | infer=79.1ms track=3.5ms acquire=0.6ms
2026-10-01 10:45:47,246 [INFO] __main__: [prof node:node_01] disp 12.0 fps | acquire=0.0ms render=0.0ms publish=0.0ms
2026-10-01 10:45:47,246 [INFO] __main__: [prof node:node_01]   high>15: 60 frames, objs/frame=65.0, infer=79.1ms
2026-10-01 10:45:49,408 [INFO] __main__: [prof node:node_03] ai 12.7 fps objs/frame=29.7 | infer=74.3ms track=3.4ms acquire=1.0ms
2026-10-01 10:45:49,408 [INFO] __main__: [prof node:node_03] disp 24.3 fps | acquire=0.1ms render=0.0ms publish=0.0ms
2026-10-01 10:45:49,408 [INFO] __main__: [prof node:node_03]   high>15: 64 frames, objs/frame=29.7, infer=74.3ms
2026-10-01 10:45:50,384 [INFO] __main__: [prof node:node_02] ai 12.8 fps objs/frame=29.7 | infer=72.9ms track=1.9ms acquire=2.8ms
2026-10-01 10:45:50,384 [INFO] __main__: [prof node:node_02] disp 24.3 fps | acquire=0.1ms render=0.0ms publish=0.0ms
2026-10-01 10:45:50,384 [INFO] __main__: [prof node:node_02]   low<10: 1 frames, objs/frame=0.0, infer=63.4ms
2026-10-01 10:45:50,384 [INFO] __main__: [prof node:node_02]   high>15: 64 frames, objs/frame=30.2, infer=73.0ms
2026-10-01 10:45:52,288 [INFO] __main__: [prof node:node_01] ai 12.1 fps objs/frame=58.7 | infer=66.6ms track=3.9ms acquire=11.7ms
2026-10-01 10:45:52,288 [INFO] __main__: [prof node:node_01] disp 11.9 fps | acquire=0.0ms render=0.0ms publish=0.0ms
2026-10-01 10:45:52,288 [INFO] __main__: [prof node:node_01]   high>15: 61 frames, objs/frame=58.7, infer=66.6ms
2026-10-01 10:45:54,490 [INFO] __main__: [prof node:node_03] ai 13.6 fps objs/frame=25.2 | infer=69.7ms track=2.6ms acquire=1.1ms
2026-10-01 10:45:54,490 [INFO] __main__: [prof node:node_03] disp 24.6 fps | acquire=0.1ms render=0.0ms publish=0.0ms
2026-10-01 10:45:54,490 [INFO] __main__: [prof node:node_03]   high>15: 69 frames, objs/frame=25.2, infer=69.7ms
2026-10-01 10:45:55,408 [INFO] __main__: [prof node:node_02] ai 14.0 fps objs/frame=29.9 | infer=68.3ms track=2.2ms acquire=0.8ms
2026-10-01 10:45:55,408 [INFO] __main__: [prof node:node_02] disp 24.3 fps | acquire=0.1ms render=0.0ms publish=0.0ms
2026-10-01 10:45:55,410 [INFO] __main__: [prof node:node_02]   high>15: 70 frames, objs/frame=29.9, infer=68.3ms
2026-10-01 10:45:57,377 [INFO] __main__: [prof node:node_01] ai 12.0 fps objs/frame=54.9 | infer=63.9ms track=4.5ms acquire=14.6ms
2026-10-01 10:45:57,377 [INFO] __main__: [prof node:node_01] disp 12.0 fps | acquire=0.0ms render=0.0ms publish=0.0ms
2026-10-01 10:45:57,377 [INFO] __main__: [prof node:node_01]   low<10: 1 frames, objs/frame=2.0, infer=34.2ms
2026-10-01 10:45:57,377 [INFO] __main__: [prof node:node_01]   high>15: 60 frames, objs/frame=55.8, infer=64.4ms
2026-10-01 10:45:59,558 [INFO] __main__: [prof node:node_03] ai 14.8 fps objs/frame=24.7 | infer=63.6ms track=2.4ms acquire=1.4ms
2026-10-01 10:45:59,558 [INFO] __main__: [prof node:node_03] disp 24.4 fps | acquire=0.1ms render=0.0ms publish=0.0ms
2026-10-01 10:45:59,558 [INFO] __main__: [prof node:node_03]   high>15: 75 frames, objs/frame=24.7, infer=63.6ms
2026-10-01 10:46:00,411 [INFO] __main__: [prof node:node_02] ai 14.6 fps objs/frame=27.9 | infer=62.8ms track=2.8ms acquire=2.6ms
2026-10-01 10:46:00,411 [INFO] __main__: [prof node:node_02] disp 24.2 fps | acquire=0.1ms render=0.0ms publish=0.0ms
2026-10-01 10:46:00,411 [INFO] __main__: [prof node:node_02]   high>15: 71 frames, objs/frame=28.3, infer=63.5ms
2026-10-01 10:46:02,427 [INFO] __main__: [prof node:node_01] ai 11.9 fps objs/frame=50.4 | infer=61.4ms track=4.5ms acquire=17.9ms
2026-10-01 10:46:02,427 [INFO] __main__: [prof node:node_01] disp 12.1 fps | acquire=0.0ms render=0.0ms publish=0.0ms
2026-10-01 10:46:02,427 [INFO] __main__: [prof node:node_01]   high>15: 60 frames, objs/frame=50.4, infer=61.4ms
2026-10-01 10:46:04,595 [INFO] __main__: [prof node:node_03] ai 15.7 fps objs/frame=24.9 | infer=60.3ms track=2.7ms acquire=0.5ms
2026-10-01 10:46:04,595 [INFO] __main__: [prof node:node_03] disp 24.8 fps | acquire=0.1ms render=0.0ms publish=0.0ms
2026-10-01 10:46:04,595 [INFO] __main__: [prof node:node_03]   low<10: 1 frames, objs/frame=8.0, infer=70.2ms
2026-10-01 10:46:04,595 [INFO] __main__: [prof node:node_03]   high>15: 78 frames, objs/frame=25.1, infer=60.1ms
2026-10-01 10:46:05,459 [INFO] __main__: [prof node:node_02] ai 15.6 fps objs/frame=18.9 | infer=61.1ms track=2.4ms acquire=0.2ms
2026-10-01 10:46:05,459 [INFO] __main__: [prof node:node_02] disp 24.8 fps | acquire=0.1ms render=0.0ms publish=0.0ms
2026-10-01 10:46:05,459 [INFO] __main__: [prof node:node_02]   high>15: 74 frames, objs/frame=19.2, infer=61.4ms
2026-10-01 10:46:07,433 [INFO] __main__: [prof node:node_01] ai 12.2 fps objs/frame=50.3 | infer=58.1ms track=4.3ms acquire=19.2ms
2026-10-01 10:46:07,440 [INFO] __main__: [prof node:node_01] disp 12.0 fps | acquire=0.0ms render=0.0ms publish=0.0ms
2026-10-01 10:46:07,440 [INFO] __main__: [prof node:node_01]   high>15: 61 frames, objs/frame=50.3, infer=58.1ms
2026-10-01 10:46:09,636 [INFO] __main__: [prof node:node_03] ai 16.3 fps objs/frame=27.4 | infer=56.8ms track=3.2ms acquire=1.2ms
2026-10-01 10:46:09,636 [INFO] __main__: [prof node:node_03] disp 24.6 fps | acquire=0.0ms render=0.0ms publish=0.0ms
2026-10-01 10:46:09,636 [INFO] __main__: [prof node:node_03]   high>15: 82 frames, objs/frame=27.4, infer=56.8ms
2026-10-01 10:46:10,474 [INFO] __main__: [prof node:node_02] ai 16.2 fps objs/frame=15.9 | infer=58.9ms track=1.8ms acquire=0.9ms
2026-10-01 10:46:10,474 [INFO] __main__: [prof node:node_02] disp 24.1 fps | acquire=0.1ms render=0.0ms publish=0.0ms
2026-10-01 10:46:10,474 [INFO] __main__: [prof node:node_02]   high>15: 35 frames, objs/frame=19.4, infer=59.6ms
2026-10-01 10:46:12,510 [INFO] __main__: [prof node:node_01] ai 12.0 fps objs/frame=45.1 | infer=56.7ms track=4.3ms acquire=21.7ms
2026-10-01 10:46:12,510 [INFO] __main__: [prof node:node_01] disp 12.0 fps | acquire=0.0ms render=0.0ms publish=0.0ms
2026-10-01 10:46:12,510 [INFO] __main__: [prof node:node_01]   high>15: 61 frames, objs/frame=45.1, infer=56.7ms
2026-10-01 10:46:14,640 [INFO] __main__: [prof node:node_03] ai 16.8 fps objs/frame=23.8 | infer=56.3ms track=2.6ms acquire=0.5ms
2026-10-01 10:46:14,640 [INFO] __main__: [prof node:node_03] disp 24.7 fps | acquire=0.0ms render=0.0ms publish=0.0ms
2026-10-01 10:46:14,640 [INFO] __main__: [prof node:node_03]   high>15: 84 frames, objs/frame=23.8, infer=56.3ms
2026-10-01 10:46:15,530 [INFO] __main__: [prof node:node_02] ai 17.2 fps objs/frame=17.6 | infer=56.2ms track=1.6ms acquire=0.1ms
2026-10-01 10:46:15,530 [INFO] __main__: [prof node:node_02] disp 24.9 fps | acquire=0.0ms render=0.0ms publish=0.0ms
2026-10-01 10:46:15,530 [INFO] __main__: [prof node:node_02]   high>15: 63 frames, objs/frame=19.0, infer=57.3ms
2026-10-01 10:46:17,509 [INFO] __main__: [prof node:node_01] ai 12.0 fps objs/frame=41.1 | infer=54.1ms track=3.2ms acquire=25.5ms
2026-10-01 10:46:17,509 [INFO] __main__: [prof node:node_01] disp 12.0 fps | acquire=0.0ms render=0.0ms publish=0.0ms
2026-10-01 10:46:17,509 [INFO] __main__: [prof node:node_01]   high>15: 60 frames, objs/frame=41.1, infer=54.1ms
2026-10-01 10:46:19,668 [INFO] __main__: [prof node:node_03] ai 18.9 fps objs/frame=23.0 | infer=50.3ms track=1.9ms acquire=0.4ms
2026-10-01 10:46:19,668 [INFO] __main__: [prof node:node_03] disp 24.9 fps | acquire=0.0ms render=0.0ms publish=0.0ms
2026-10-01 10:46:19,668 [INFO] __main__: [prof node:node_03]   high>15: 95 frames, objs/frame=23.0, infer=50.3ms
2026-10-01 10:46:20,544 [INFO] __main__: [prof node:node_02] ai 18.4 fps objs/frame=13.6 | infer=51.7ms track=1.5ms acquire=1.1ms
2026-10-01 10:46:20,544 [INFO] __main__: [prof node:node_02] disp 24.6 fps | acquire=0.0ms render=0.0ms publish=0.0ms
2026-10-01 10:46:20,544 [INFO] __main__: [prof node:node_02]   low<10: 2 frames, objs/frame=9.0, infer=62.4ms
2026-10-01 10:46:20,544 [INFO] __main__: [prof node:node_02]   high>15: 22 frames, objs/frame=17.7, infer=54.5ms
2026-10-01 10:46:22,572 [INFO] __main__: [prof node:node_01] ai 11.9 fps objs/frame=37.7 | infer=52.3ms track=2.8ms acquire=28.8ms
2026-10-01 10:46:22,572 [INFO] __main__: [prof node:node_01] disp 11.9 fps | acquire=0.0ms render=0.0ms publish=0.0ms
2026-10-01 10:46:22,572 [INFO] __main__: [prof node:node_01]   high>15: 60 frames, objs/frame=37.7, infer=52.3ms
2026-10-01 10:46:24,710 [INFO] __main__: [prof node:node_03] ai 18.1 fps objs/frame=30.5 | infer=52.7ms track=1.9ms acquire=0.5ms
2026-10-01 10:46:24,710 [INFO] __main__: [prof node:node_03] disp 24.8 fps | acquire=0.0ms render=0.0ms publish=0.0ms
2026-10-01 10:46:24,710 [INFO] __main__: [prof node:node_03]   high>15: 91 frames, objs/frame=30.5, infer=52.7ms
2026-10-01 10:46:25,564 [INFO] __main__: [prof node:node_02] ai 17.9 fps objs/frame=12.4 | infer=53.3ms track=1.5ms acquire=0.7ms
2026-10-01 10:46:25,565 [INFO] __main__: [prof node:node_02] disp 25.1 fps | acquire=0.0ms render=0.0ms publish=0.0ms
2026-10-01 10:46:25,565 [INFO] __main__: [prof node:node_02]   low<10: 30 frames, objs/frame=8.2, infer=52.0ms
2026-10-01 10:46:25,565 [INFO] __main__: [prof node:node_02]   high>15: 22 frames, objs/frame=18.0, infer=55.1ms
2026-10-01 10:46:27,578 [INFO] __main__: [prof node:node_01] ai 12.0 fps objs/frame=37.3 | infer=54.0ms track=2.8ms acquire=26.2ms
2026-10-01 10:46:27,578 [INFO] __main__: [prof node:node_01] disp 12.0 fps | acquire=0.0ms render=0.0ms publish=0.0ms
2026-10-01 10:46:27,578 [INFO] __main__: [prof node:node_01]   high>15: 60 frames, objs/frame=37.3, infer=54.0ms
2026-10-01 10:46:29,717 [INFO] __main__: [prof node:node_03] ai 17.2 fps objs/frame=36.8 | infer=52.7ms track=2.7ms acquire=2.6ms
2026-10-01 10:46:29,717 [INFO] __main__: [prof node:node_03] disp 24.2 fps | acquire=0.0ms render=0.0ms publish=0.0ms
2026-10-01 10:46:29,717 [INFO] __main__: [prof node:node_03]   high>15: 86 frames, objs/frame=36.8, infer=52.7ms
2026-10-01 10:46:30,564 [INFO] __main__: [prof node:node_02] ai 17.2 fps objs/frame=14.8 | infer=54.6ms track=1.6ms acquire=1.8ms
2026-10-01 10:46:30,564 [INFO] __main__: [prof node:node_02] disp 23.8 fps | acquire=0.0ms render=0.0ms publish=0.0ms
2026-10-01 10:46:30,564 [INFO] __main__: [prof node:node_02]   low<10: 3 frames, objs/frame=9.0, infer=53.5ms
2026-10-01 10:46:30,564 [INFO] __main__: [prof node:node_02]   high>15: 27 frames, objs/frame=19.3, infer=55.0ms
2026-10-01 10:46:32,588 [INFO] __main__: [prof node:node_01] ai 12.0 fps objs/frame=30.1 | infer=54.4ms track=2.3ms acquire=26.2ms
2026-10-01 10:46:32,592 [INFO] __main__: [prof node:node_01] disp 12.0 fps | acquire=0.0ms render=0.0ms publish=0.0ms
2026-10-01 10:46:32,592 [INFO] __main__: [prof node:node_01]   high>15: 60 frames, objs/frame=30.1, infer=54.4ms
2026-10-01 10:46:34,759 [INFO] __main__: [prof node:node_03] ai 17.7 fps objs/frame=29.7 | infer=52.6ms track=2.8ms acquire=0.9ms
2026-10-01 10:46:34,759 [INFO] __main__: [prof node:node_03] disp 24.4 fps | acquire=0.0ms render=0.0ms publish=0.0ms
2026-10-01 10:46:34,759 [INFO] __main__: [prof node:node_03]   high>15: 89 frames, objs/frame=29.7, infer=52.6ms
2026-10-01 10:46:35,592 [INFO] __main__: [prof node:node_02] ai 17.3 fps objs/frame=15.4 | infer=54.2ms track=1.7ms acquire=1.7ms
2026-10-01 10:46:35,592 [INFO] __main__: [prof node:node_02] disp 24.3 fps | acquire=0.0ms render=0.0ms publish=0.0ms
2026-10-01 10:46:35,592 [INFO] __main__: [prof node:node_02]   high>15: 43 frames, objs/frame=17.6, infer=51.2ms
2026-10-01 10:46:37,682 [INFO] __main__: [prof node:node_01] ai 12.0 fps objs/frame=36.5 | infer=53.9ms track=2.1ms acquire=27.0ms
2026-10-01 10:46:37,682 [INFO] __main__: [prof node:node_01] disp 12.0 fps | acquire=0.0ms render=0.0ms publish=0.0ms
2026-10-01 10:46:37,682 [INFO] __main__: [prof node:node_01]   high>15: 61 frames, objs/frame=36.5, infer=53.9ms
2026-10-01 10:46:39,779 [INFO] __main__: [prof node:node_03] ai 17.1 fps objs/frame=26.5 | infer=53.8ms track=2.6ms acquire=1.7ms
2026-10-01 10:46:39,779 [INFO] __main__: [prof node:node_03] disp 24.3 fps | acquire=0.0ms render=0.0ms publish=0.0ms
2026-10-01 10:46:39,786 [INFO] __main__: [prof node:node_03]   low<10: 1 frames, objs/frame=0.0, infer=49.9ms
2026-10-01 10:46:39,786 [INFO] __main__: [prof node:node_03]   high>15: 85 frames, objs/frame=26.9, infer=53.8ms
2026-10-01 10:46:40,626 [INFO] __main__: [prof node:node_02] ai 17.5 fps objs/frame=19.2 | infer=54.1ms track=2.0ms acquire=0.9ms
2026-10-01 10:46:40,627 [INFO] __main__: [prof node:node_02] disp 24.8 fps | acquire=0.0ms render=0.0ms publish=0.0ms
2026-10-01 10:46:40,627 [INFO] __main__: [prof node:node_02]   high>15: 73 frames, objs/frame=20.2, infer=55.0ms
2026-10-01 10:46:42,738 [INFO] __main__: [prof node:node_01] ai 12.1 fps objs/frame=39.2 | infer=53.9ms track=2.3ms acquire=26.2ms
2026-10-01 10:46:42,738 [INFO] __main__: [prof node:node_01] disp 12.1 fps | acquire=0.0ms render=0.0ms publish=0.0ms
2026-10-01 10:46:42,743 [INFO] __main__: [prof node:node_01]   high>15: 61 frames, objs/frame=39.2, infer=53.9ms
2026-10-01 10:46:44,779 [INFO] __main__: [prof node:node_03] ai 17.8 fps objs/frame=30.5 | infer=52.2ms track=2.3ms acquire=1.5ms
2026-10-01 10:46:44,785 [INFO] __main__: [prof node:node_03] disp 24.6 fps | acquire=0.0ms render=0.0ms publish=0.0ms
2026-10-01 10:46:44,786 [INFO] __main__: [prof node:node_03]   high>15: 89 frames, objs/frame=30.5, infer=52.2ms
2026-10-01 10:46:45,681 [INFO] __main__: [prof node:node_02] ai 18.0 fps objs/frame=17.1 | infer=52.3ms track=1.8ms acquire=1.3ms
2026-10-01 10:46:45,681 [INFO] __main__: [prof node:node_02] disp 24.7 fps | acquire=0.0ms render=0.0ms publish=0.0ms
2026-10-01 10:46:45,681 [INFO] __main__: [prof node:node_02]   low<10: 1 frames, objs/frame=4.0, infer=59.4ms
2026-10-01 10:46:45,681 [INFO] __main__: [prof node:node_02]   high>15: 72 frames, objs/frame=18.0, infer=52.2ms
2026-10-01 10:46:47,754 [INFO] __main__: [prof node:node_01] ai 12.0 fps objs/frame=40.4 | infer=53.8ms track=2.3ms acquire=27.0ms
2026-10-01 10:46:47,754 [INFO] __main__: [prof node:node_01] disp 12.0 fps | acquire=0.0ms render=0.0ms publish=0.0ms
2026-10-01 10:46:47,754 [INFO] __main__: [prof node:node_01]   high>15: 60 frames, objs/frame=40.4, infer=53.8ms
2026-10-01 10:46:49,786 [INFO] __main__: [prof node:node_03] ai 17.2 fps objs/frame=26.8 | infer=54.8ms track=2.7ms acquire=0.5ms
2026-10-01 10:46:49,786 [INFO] __main__: [prof node:node_03] disp 24.8 fps | acquire=0.0ms render=0.0ms publish=0.0ms
2026-10-01 10:46:49,786 [INFO] __main__: [prof node:node_03]   high>15: 86 frames, objs/frame=26.8, infer=54.8ms
2026-10-01 10:46:50,698 [INFO] __main__: [prof node:node_02] ai 16.7 fps objs/frame=17.8 | infer=55.7ms track=1.8ms acquire=2.0ms
2026-10-01 10:46:50,698 [INFO] __main__: [prof node:node_02] disp 24.5 fps | acquire=0.0ms render=0.0ms publish=0.0ms
2026-10-01 10:46:50,698 [INFO] __main__: [prof node:node_02]   high>15: 47 frames, objs/frame=20.8, infer=58.1ms
2026-10-01 10:46:52,762 [INFO] __main__: [prof node:node_01] ai 11.8 fps objs/frame=52.1 | infer=61.0ms track=3.3ms acquire=20.0ms
2026-10-01 10:46:52,763 [INFO] __main__: [prof node:node_01] disp 11.8 fps | acquire=0.0ms render=0.0ms publish=0.0ms
2026-10-01 10:46:52,764 [INFO] __main__: [prof node:node_01]   high>15: 59 frames, objs/frame=52.1, infer=61.0ms
2026-10-01 10:46:54,848 [INFO] __main__: [prof node:node_03] ai 14.6 fps objs/frame=26.1 | infer=64.7ms track=2.6ms acquire=0.8ms
2026-10-01 10:46:54,848 [INFO] __main__: [prof node:node_03] disp 24.1 fps | acquire=0.1ms render=0.0ms publish=0.0ms
2026-10-01 10:46:54,848 [INFO] __main__: [prof node:node_03]   high>15: 74 frames, objs/frame=26.1, infer=64.7ms
2026-10-01 10:46:55,767 [INFO] __main__: [prof node:node_02] ai 14.4 fps objs/frame=26.5 | infer=66.6ms track=2.5ms acquire=0.0ms
2026-10-01 10:46:55,767 [INFO] __main__: [prof node:node_02] disp 24.5 fps | acquire=0.1ms render=0.0ms publish=0.0ms
2026-10-01 10:46:55,767 [INFO] __main__: [prof node:node_02]   high>15: 73 frames, objs/frame=26.5, infer=66.6ms
2026-10-01 10:46:57,798 [INFO] __main__: [prof node:node_01] ai 12.1 fps objs/frame=52.6 | infer=62.0ms track=3.5ms acquire=16.6ms
2026-10-01 10:46:57,798 [INFO] __main__: [prof node:node_01] disp 12.1 fps | acquire=0.0ms render=0.0ms publish=0.0ms
2026-10-01 10:46:57,798 [INFO] __main__: [prof node:node_01]   high>15: 61 frames, objs/frame=52.6, infer=62.0ms
2026-10-01 10:46:59,856 [INFO] __main__: [prof node:node_03] ai 15.0 fps objs/frame=26.6 | infer=63.3ms track=2.3ms acquire=1.0ms
2026-10-01 10:46:59,856 [INFO] __main__: [prof node:node_03] disp 24.4 fps | acquire=0.1ms render=0.0ms publish=0.0ms
2026-10-01 10:46:59,856 [INFO] __main__: [prof node:node_03]   high>15: 75 frames, objs/frame=26.6, infer=63.3ms
2026-10-01 10:47:00,771 [INFO] __main__: [prof node:node_02] ai 15.2 fps objs/frame=21.7 | infer=60.7ms track=2.3ms acquire=2.6ms
2026-10-01 10:47:00,772 [INFO] __main__: [prof node:node_02] disp 24.2 fps | acquire=0.1ms render=0.0ms publish=0.0ms
2026-10-01 10:47:00,772 [INFO] __main__: [prof node:node_02]   high>15: 67 frames, objs/frame=22.6, infer=62.7ms
2026-10-01 10:47:02,903 [INFO] __main__: [prof node:node_01] ai 12.0 fps objs/frame=50.8 | infer=61.2ms track=3.2ms acquire=18.8ms
2026-10-01 10:47:02,903 [INFO] __main__: [prof node:node_01] disp 12.0 fps | acquire=0.0ms render=0.0ms publish=0.0ms
2026-10-01 10:47:02,903 [INFO] __main__: [prof node:node_01]   high>15: 61 frames, objs/frame=50.8, infer=61.2ms
2026-10-01 10:47:04,864 [INFO] __main__: [prof node:node_03] ai 15.6 fps objs/frame=22.0 | infer=61.5ms track=1.9ms acquire=0.5ms
2026-10-01 10:47:04,864 [INFO] __main__: [prof node:node_03] disp 24.8 fps | acquire=0.1ms render=0.0ms publish=0.0ms
2026-10-01 10:47:04,864 [INFO] __main__: [prof node:node_03]   high>15: 78 frames, objs/frame=22.0, infer=61.5ms
2026-10-01 10:47:05,793 [INFO] __main__: [prof node:node_02] ai 15.5 fps objs/frame=29.8 | infer=59.7ms track=2.6ms acquire=1.8ms
2026-10-01 10:47:05,793 [INFO] __main__: [prof node:node_02] disp 24.3 fps | acquire=0.1ms render=0.0ms publish=0.0ms
2026-10-01 10:47:05,793 [INFO] __main__: [prof node:node_02]   high>15: 78 frames, objs/frame=29.8, infer=59.7ms
2026-10-01 10:47:08,001 [INFO] __main__: [prof node:node_01] ai 12.0 fps objs/frame=49.7 | infer=57.6ms track=3.2ms acquire=22.3ms
2026-10-01 10:47:08,001 [INFO] __main__: [prof node:node_01] disp 12.0 fps | acquire=0.0ms render=0.0ms publish=0.0ms
2026-10-01 10:47:08,001 [INFO] __main__: [prof node:node_01]   high>15: 61 frames, objs/frame=49.7, infer=57.6ms
2026-10-01 10:47:09,862 [INFO] __main__: [prof node:node_03] ai 17.0 fps objs/frame=19.0 | infer=56.7ms track=1.4ms acquire=0.6ms
2026-10-01 10:47:09,862 [INFO] __main__: [prof node:node_03] disp 24.8 fps | acquire=0.0ms render=0.0ms publish=0.0ms
2026-10-01 10:47:09,862 [INFO] __main__: [prof node:node_03]   high>15: 76 frames, objs/frame=19.6, infer=56.8ms
2026-10-01 10:47:10,854 [INFO] __main__: [prof node:node_02] ai 16.2 fps objs/frame=25.1 | infer=57.8ms track=2.4ms acquire=1.1ms
2026-10-01 10:47:10,855 [INFO] __main__: [prof node:node_02] disp 24.7 fps | acquire=0.1ms render=0.0ms publish=0.0ms
2026-10-01 10:47:10,855 [INFO] __main__: [prof node:node_02]   high>15: 82 frames, objs/frame=25.1, infer=57.8ms
2026-10-01 10:47:13,077 [INFO] __main__: [prof node:node_01] ai 12.0 fps objs/frame=50.8 | infer=57.8ms track=3.6ms acquire=21.2ms
2026-10-01 10:47:13,077 [INFO] __main__: [prof node:node_01] disp 12.0 fps | acquire=0.0ms render=0.0ms publish=0.0ms
2026-10-01 10:47:13,077 [INFO] __main__: [prof node:node_01]   high>15: 61 frames, objs/frame=50.8, infer=57.8ms
2026-10-01 10:47:14,870 [INFO] __main__: [prof node:node_03] ai 16.6 fps objs/frame=17.7 | infer=58.3ms track=1.3ms acquire=0.5ms
2026-10-01 10:47:14,870 [INFO] __main__: [prof node:node_03] disp 24.6 fps | acquire=0.1ms render=0.0ms publish=0.0ms
2026-10-01 10:47:14,870 [INFO] __main__: [prof node:node_03]   low<10: 1 frames, objs/frame=0.0, infer=80.2ms
2026-10-01 10:47:14,870 [INFO] __main__: [prof node:node_03]   high>15: 65 frames, objs/frame=19.1, infer=58.4ms
2026-10-01 10:47:15,868 [INFO] __main__: [prof node:node_02] ai 16.2 fps objs/frame=26.5 | infer=57.6ms track=2.0ms acquire=2.0ms
2026-10-01 10:47:15,868 [INFO] __main__: [prof node:node_02] disp 23.9 fps | acquire=0.1ms render=0.0ms publish=0.0ms
2026-10-01 10:47:15,868 [INFO] __main__: [prof node:node_02]   high>15: 81 frames, objs/frame=26.5, infer=57.6ms
2026-10-01 10:47:18,168 [INFO] __main__: [prof node:node_01] ai 12.0 fps objs/frame=51.2 | infer=57.7ms track=3.5ms acquire=21.7ms
2026-10-01 10:47:18,168 [INFO] __main__: [prof node:node_01] disp 12.0 fps | acquire=0.0ms render=0.0ms publish=0.0ms
2026-10-01 10:47:18,168 [INFO] __main__: [prof node:node_01]   high>15: 61 frames, objs/frame=51.2, infer=57.7ms
2026-10-01 10:47:19,882 [INFO] __main__: [prof node:node_03] ai 16.5 fps objs/frame=16.2 | infer=58.0ms track=1.7ms acquire=0.6ms
2026-10-01 10:47:19,889 [INFO] __main__: [prof node:node_03] disp 24.7 fps | acquire=0.0ms render=0.0ms publish=0.0ms
2026-10-01 10:47:19,889 [INFO] __main__: [prof node:node_03]   high>15: 47 frames, objs/frame=18.8, infer=58.0ms
2026-10-01 10:47:20,883 [INFO] __main__: [prof node:node_02] ai 15.1 fps objs/frame=29.8 | infer=58.6ms track=2.1ms acquire=4.9ms
2026-10-01 10:47:20,883 [INFO] __main__: [prof node:node_02] disp 22.9 fps | acquire=0.0ms render=0.0ms publish=0.0ms
2026-10-01 10:47:20,889 [INFO] __main__: [prof node:node_02]   high>15: 76 frames, objs/frame=29.8, infer=58.6ms
2026-10-01 10:47:23,252 [INFO] __main__: [prof node:node_01] ai 12.0 fps objs/frame=55.0 | infer=60.7ms track=3.2ms acquire=19.0ms
2026-10-01 10:47:23,252 [INFO] __main__: [prof node:node_01] disp 12.2 fps | acquire=0.0ms render=0.0ms publish=0.0ms
2026-10-01 10:47:23,252 [INFO] __main__: [prof node:node_01]   high>15: 61 frames, objs/frame=55.0, infer=60.7ms
2026-10-01 10:47:24,965 [INFO] __main__: [prof node:node_03] ai 15.9 fps objs/frame=25.3 | infer=59.3ms track=2.5ms acquire=0.6ms
2026-10-01 10:47:24,965 [INFO] __main__: [prof node:node_03] disp 24.8 fps | acquire=0.1ms render=0.0ms publish=0.0ms
2026-10-01 10:47:24,965 [INFO] __main__: [prof node:node_03]   high>15: 81 frames, objs/frame=25.3, infer=59.3ms
2026-10-01 10:47:25,938 [INFO] __main__: [prof node:node_02] ai 15.0 fps objs/frame=29.9 | infer=63.2ms track=2.2ms acquire=0.7ms
2026-10-01 10:47:25,938 [INFO] __main__: [prof node:node_02] disp 24.7 fps | acquire=0.1ms render=0.0ms publish=0.0ms
2026-10-01 10:47:25,938 [INFO] __main__: [prof node:node_02]   high>15: 76 frames, objs/frame=29.9, infer=63.2ms
2026-10-01 10:47:28,347 [INFO] __main__: [prof node:node_01] ai 12.0 fps objs/frame=52.7 | infer=63.5ms track=3.0ms acquire=16.6ms
2026-10-01 10:47:28,347 [INFO] __main__: [prof node:node_01] disp 11.8 fps | acquire=0.0ms render=0.0ms publish=0.0ms
2026-10-01 10:47:28,347 [INFO] __main__: [prof node:node_01]   high>15: 61 frames, objs/frame=52.7, infer=63.5ms
2026-10-01 10:47:29,973 [INFO] __main__: [prof node:node_03] ai 14.6 fps objs/frame=31.3 | infer=65.4ms track=3.0ms acquire=0.0ms
2026-10-01 10:47:29,973 [INFO] __main__: [prof node:node_03] disp 25.0 fps | acquire=0.1ms render=0.0ms publish=0.0ms
2026-10-01 10:47:29,979 [INFO] __main__: [prof node:node_03]   high>15: 73 frames, objs/frame=31.3, infer=65.4ms
2026-10-01 10:47:30,965 [INFO] __main__: [prof node:node_02] ai 14.3 fps objs/frame=32.8 | infer=64.4ms track=2.3ms acquire=2.8ms
2026-10-01 10:47:30,965 [INFO] __main__: [prof node:node_02] disp 23.9 fps | acquire=0.1ms render=0.0ms publish=0.0ms
2026-10-01 10:47:30,965 [INFO] __main__: [prof node:node_02]   high>15: 72 frames, objs/frame=32.8, infer=64.4ms
2026-10-01 10:47:33,412 [INFO] __main__: [prof node:node_01] ai 12.1 fps objs/frame=51.0 | infer=64.1ms track=3.0ms acquire=15.5ms
2026-10-01 10:47:33,412 [INFO] __main__: [prof node:node_01] disp 12.1 fps | acquire=0.0ms render=0.0ms publish=0.0ms
2026-10-01 10:47:33,412 [INFO] __main__: [prof node:node_01]   low<10: 1 frames, objs/frame=0.0, infer=40.0ms
2026-10-01 10:47:33,412 [INFO] __main__: [prof node:node_01]   high>15: 60 frames, objs/frame=51.8, infer=64.5ms
2026-10-01 10:47:35,055 [INFO] __main__: [prof node:node_03] ai 14.6 fps objs/frame=25.0 | infer=63.9ms track=2.8ms acquire=1.8ms
2026-10-01 10:47:35,062 [INFO] __main__: [prof node:node_03] disp 24.0 fps | acquire=0.1ms render=0.0ms publish=0.0ms
2026-10-01 10:47:35,062 [INFO] __main__: [prof node:node_03]   high>15: 74 frames, objs/frame=25.0, infer=63.9ms
2026-10-01 10:47:36,041 [INFO] __main__: [prof node:node_02] ai 14.6 fps objs/frame=31.1 | infer=65.9ms track=2.3ms acquire=0.0ms
2026-10-01 10:47:36,041 [INFO] __main__: [prof node:node_02] disp 25.0 fps | acquire=0.1ms render=0.0ms publish=0.0ms
2026-10-01 10:47:36,041 [INFO] __main__: [prof node:node_02]   high>15: 74 frames, objs/frame=31.1, infer=65.9ms
2026-10-01 10:47:38,424 [INFO] __main__: [prof node:node_01] ai 12.0 fps objs/frame=53.1 | infer=65.4ms track=3.0ms acquire=14.6ms
2026-10-01 10:47:38,424 [INFO] __main__: [prof node:node_01] disp 12.2 fps | acquire=0.0ms render=0.0ms publish=0.0ms
2026-10-01 10:47:38,424 [INFO] __main__: [prof node:node_01]   high>15: 60 frames, objs/frame=53.1, infer=65.4ms
2026-10-01 10:47:40,104 [INFO] __main__: [prof node:node_03] ai 14.1 fps objs/frame=36.8 | infer=68.1ms track=2.6ms acquire=0.1ms
2026-10-01 10:47:40,104 [INFO] __main__: [prof node:node_03] disp 25.0 fps | acquire=0.1ms render=0.0ms publish=0.0ms
2026-10-01 10:47:40,104 [INFO] __main__: [prof node:node_03]   high>15: 71 frames, objs/frame=36.8, infer=68.1ms
2026-10-01 10:47:41,057 [INFO] __main__: [prof node:node_02] ai 13.6 fps objs/frame=30.5 | infer=67.4ms track=2.7ms acquire=3.2ms
2026-10-01 10:47:41,057 [INFO] __main__: [prof node:node_02] disp 23.9 fps | acquire=0.1ms render=0.0ms publish=0.0ms
2026-10-01 10:47:41,058 [INFO] __main__: [prof node:node_02]   high>15: 68 frames, objs/frame=30.5, infer=67.4ms
2026-10-01 10:47:43,499 [INFO] __main__: [prof node:node_01] ai 12.0 fps objs/frame=52.7 | infer=64.9ms track=3.6ms acquire=14.1ms
2026-10-01 10:47:43,499 [INFO] __main__: [prof node:node_01] disp 11.8 fps | acquire=0.0ms render=0.0ms publish=0.0ms
2026-10-01 10:47:43,499 [INFO] __main__: [prof node:node_01]   high>15: 61 frames, objs/frame=52.7, infer=64.9ms
2026-10-01 10:47:45,124 [INFO] __main__: [prof node:node_03] ai 13.0 fps objs/frame=42.9 | infer=72.9ms track=2.6ms acquire=1.3ms
2026-10-01 10:47:45,125 [INFO] __main__: [prof node:node_03] disp 24.5 fps | acquire=0.1ms render=0.0ms publish=0.0ms
2026-10-01 10:47:45,125 [INFO] __main__: [prof node:node_03]   high>15: 65 frames, objs/frame=42.9, infer=72.9ms
2026-10-01 10:47:46,063 [INFO] __main__: [prof node:node_02] ai 13.0 fps objs/frame=30.1 | infer=74.1ms track=2.4ms acquire=0.2ms
2026-10-01 10:47:46,063 [INFO] __main__: [prof node:node_02] disp 24.8 fps | acquire=0.1ms render=0.0ms publish=0.0ms
2026-10-01 10:47:46,063 [INFO] __main__: [prof node:node_02]   high>15: 65 frames, objs/frame=30.1, infer=74.1ms
2026-10-01 10:47:48,501 [INFO] __main__: [prof node:node_01] ai 12.0 fps objs/frame=56.4 | infer=72.3ms track=3.7ms acquire=6.8ms
2026-10-01 10:47:48,501 [INFO] __main__: [prof node:node_01] disp 12.0 fps | acquire=0.0ms render=0.0ms publish=0.0ms
2026-10-01 10:47:48,501 [INFO] __main__: [prof node:node_01]   high>15: 60 frames, objs/frame=56.4, infer=72.3ms
2026-10-01 10:47:50,131 [INFO] __main__: [prof node:node_03] ai 12.6 fps objs/frame=47.0 | infer=75.6ms track=2.0ms acquire=1.5ms
2026-10-01 10:47:50,131 [INFO] __main__: [prof node:node_03] disp 24.4 fps | acquire=0.1ms render=0.0ms publish=0.0ms
2026-10-01 10:47:50,131 [INFO] __main__: [prof node:node_03]   high>15: 63 frames, objs/frame=47.0, infer=75.6ms
2026-10-01 10:47:51,125 [INFO] __main__: [prof node:node_02] ai 12.6 fps objs/frame=28.7 | infer=74.8ms track=2.5ms acquire=1.4ms
2026-10-01 10:47:51,125 [INFO] __main__: [prof node:node_02] disp 23.9 fps | acquire=0.1ms render=0.0ms publish=0.0ms
2026-10-01 10:47:51,125 [INFO] __main__: [prof node:node_02]   high>15: 64 frames, objs/frame=28.7, infer=74.8ms
2026-10-01 10:47:53,569 [INFO] __main__: [prof node:node_01] ai 12.0 fps objs/frame=58.3 | infer=71.6ms track=3.6ms acquire=7.4ms
2026-10-01 10:47:53,569 [INFO] __main__: [prof node:node_01] disp 12.0 fps | acquire=0.0ms render=0.0ms publish=0.0ms
2026-10-01 10:47:53,569 [INFO] __main__: [prof node:node_01]   high>15: 61 frames, objs/frame=58.3, infer=71.6ms
2026-10-01 10:47:55,175 [INFO] __main__: [prof node:node_03] ai 12.7 fps objs/frame=45.6 | infer=74.7ms track=2.8ms acquire=1.0ms
2026-10-01 10:47:55,175 [INFO] __main__: [prof node:node_03] disp 24.0 fps | acquire=0.1ms render=0.0ms publish=0.0ms
2026-10-01 10:47:55,175 [INFO] __main__: [prof node:node_03]   high>15: 64 frames, objs/frame=45.6, infer=74.7ms
2026-10-01 10:47:56,173 [INFO] __main__: [prof node:node_02] ai 12.1 fps objs/frame=27.2 | infer=76.7ms track=2.3ms acquire=3.4ms
2026-10-01 10:47:56,173 [INFO] __main__: [prof node:node_02] disp 24.0 fps | acquire=0.1ms render=0.0ms publish=0.0ms
2026-10-01 10:47:56,173 [INFO] __main__: [prof node:node_02]   high>15: 61 frames, objs/frame=27.2, infer=76.7ms
2026-10-01 10:47:58,618 [INFO] __main__: [prof node:node_01] ai 11.9 fps objs/frame=61.4 | infer=73.9ms track=3.2ms acquire=6.6ms
2026-10-01 10:47:58,624 [INFO] __main__: [prof node:node_01] disp 12.1 fps | acquire=0.0ms render=0.0ms publish=0.0ms
2026-10-01 10:47:58,624 [INFO] __main__: [prof node:node_01]   high>15: 60 frames, objs/frame=61.4, infer=73.9ms
2026-10-01 10:48:00,186 [INFO] __main__: [prof node:node_03] ai 13.2 fps objs/frame=43.3 | infer=72.8ms track=2.8ms acquire=0.0ms
2026-10-01 10:48:00,186 [INFO] __main__: [prof node:node_03] disp 25.1 fps | acquire=0.1ms render=0.0ms publish=0.0ms
2026-10-01 10:48:00,186 [INFO] __main__: [prof node:node_03]   high>15: 66 frames, objs/frame=43.3, infer=72.8ms
2026-10-01 10:48:01,242 [INFO] __main__: [prof node:node_02] ai 12.6 fps objs/frame=31.2 | infer=73.3ms track=2.4ms acquire=3.1ms
2026-10-01 10:48:01,242 [INFO] __main__: [prof node:node_02] disp 23.7 fps | acquire=0.1ms render=0.0ms publish=0.0ms
2026-10-01 10:48:01,242 [INFO] __main__: [prof node:node_02]   high>15: 64 frames, objs/frame=31.2, infer=73.3ms
2026-10-01 10:48:03,677 [INFO] __main__: [prof node:node_01] ai 12.1 fps objs/frame=58.1 | infer=73.1ms track=3.1ms acquire=6.2ms
2026-10-01 10:48:03,677 [INFO] __main__: [prof node:node_01] disp 11.9 fps | acquire=0.0ms render=0.0ms publish=0.0ms
2026-10-01 10:48:03,677 [INFO] __main__: [prof node:node_01]   low<10: 1 frames, objs/frame=0.0, infer=58.6ms
2026-10-01 10:48:03,677 [INFO] __main__: [prof node:node_01]   high>15: 60 frames, objs/frame=59.1, infer=73.4ms
2026-10-01 10:48:05,226 [INFO] __main__: [prof node:node_03] ai 12.9 fps objs/frame=45.9 | infer=73.8ms track=2.7ms acquire=0.7ms
2026-10-01 10:48:05,226 [INFO] __main__: [prof node:node_03] disp 24.6 fps | acquire=0.1ms render=0.0ms publish=0.0ms
2026-10-01 10:48:05,226 [INFO] __main__: [prof node:node_03]   high>15: 65 frames, objs/frame=45.9, infer=73.8ms
2026-10-01 10:48:06,297 [INFO] __main__: [prof node:node_02] ai 12.7 fps objs/frame=31.4 | infer=73.6ms track=2.4ms acquire=2.6ms
2026-10-01 10:48:06,298 [INFO] __main__: [prof node:node_02] disp 23.9 fps | acquire=0.1ms render=0.0ms publish=0.0ms
2026-10-01 10:48:06,298 [INFO] __main__: [prof node:node_02]   high>15: 64 frames, objs/frame=31.4, infer=73.6ms
2026-10-01 10:48:08,686 [INFO] __main__: [prof node:node_01] ai 12.0 fps objs/frame=53.1 | infer=66.9ms track=3.5ms acquire=12.7ms
2026-10-01 10:48:08,686 [INFO] __main__: [prof node:node_01] disp 12.0 fps | acquire=0.0ms render=0.0ms publish=0.0ms
2026-10-01 10:48:08,686 [INFO] __main__: [prof node:node_01]   high>15: 60 frames, objs/frame=53.1, infer=66.9ms
2026-10-01 10:48:10,284 [INFO] __main__: [prof node:node_03] ai 13.6 fps objs/frame=40.9 | infer=68.7ms track=3.5ms acquire=0.9ms
2026-10-01 10:48:10,289 [INFO] __main__: [prof node:node_03] disp 24.3 fps | acquire=0.1ms render=0.0ms publish=0.0ms
2026-10-01 10:48:10,290 [INFO] __main__: [prof node:node_03]   high>15: 69 frames, objs/frame=40.9, infer=68.7ms
2026-10-01 10:48:11,332 [INFO] __main__: [prof node:node_02] ai 13.5 fps objs/frame=30.5 | infer=71.5ms track=2.2ms acquire=0.0ms
2026-10-01 10:48:11,332 [INFO] __main__: [prof node:node_02] disp 24.8 fps | acquire=0.1ms render=0.0ms publish=0.0ms
2026-10-01 10:48:11,333 [INFO] __main__: [prof node:node_02]   high>15: 68 frames, objs/frame=30.5, infer=71.5ms
2026-10-01 10:48:13,687 [INFO] __main__: [prof node:node_01] ai 12.0 fps objs/frame=58.1 | infer=68.5ms track=3.5ms acquire=10.9ms
2026-10-01 10:48:13,687 [INFO] __main__: [prof node:node_01] disp 12.0 fps | acquire=0.0ms render=0.0ms publish=0.0ms
2026-10-01 10:48:13,687 [INFO] __main__: [prof node:node_01]   high>15: 60 frames, objs/frame=58.1, infer=68.5ms
2026-10-01 10:48:15,353 [INFO] __main__: [prof node:node_03] ai 13.4 fps objs/frame=31.2 | infer=71.0ms track=3.3ms acquire=0.0ms
2026-10-01 10:48:15,359 [INFO] __main__: [prof node:node_03] disp 24.9 fps | acquire=0.1ms render=0.0ms publish=0.0ms
2026-10-01 10:48:15,359 [INFO] __main__: [prof node:node_03]   high>15: 68 frames, objs/frame=31.2, infer=71.0ms
2026-10-01 10:48:16,387 [INFO] __main__: [prof node:node_02] ai 13.3 fps objs/frame=32.4 | infer=71.5ms track=2.1ms acquire=1.5ms
2026-10-01 10:48:16,388 [INFO] __main__: [prof node:node_02] disp 24.1 fps | acquire=0.1ms render=0.0ms publish=0.0ms
2026-10-01 10:48:16,388 [INFO] __main__: [prof node:node_02]   high>15: 67 frames, objs/frame=32.4, infer=71.5ms
2026-10-01 10:48:18,700 [INFO] __main__: [prof node:node_01] ai 12.0 fps objs/frame=62.0 | infer=68.1ms track=3.2ms acquire=11.8ms
2026-10-01 10:48:18,707 [INFO] __main__: [prof node:node_01] disp 12.2 fps | acquire=0.0ms render=0.0ms publish=0.0ms
2026-10-01 10:48:18,707 [INFO] __main__: [prof node:node_01]   high>15: 60 frames, objs/frame=62.0, infer=68.1ms
2026-10-01 10:48:20,422 [INFO] __main__: [prof node:node_03] ai 13.4 fps objs/frame=23.6 | infer=70.2ms track=2.7ms acquire=1.4ms
2026-10-01 10:48:20,422 [INFO] __main__: [prof node:node_03] disp 24.7 fps | acquire=0.1ms render=0.0ms publish=0.0ms
2026-10-01 10:48:20,422 [INFO] __main__: [prof node:node_03]   low<10: 1 frames, objs/frame=0.0, infer=34.6ms
2026-10-01 10:48:20,422 [INFO] __main__: [prof node:node_03]   high>15: 67 frames, objs/frame=24.0, infer=70.7ms
2026-10-01 10:48:21,434 [INFO] __main__: [prof node:node_02] ai 13.5 fps objs/frame=33.8 | infer=70.8ms track=2.0ms acquire=1.0ms
2026-10-01 10:48:21,434 [INFO] __main__: [prof node:node_02] disp 24.6 fps | acquire=0.1ms render=0.0ms publish=0.0ms
2026-10-01 10:48:21,434 [INFO] __main__: [prof node:node_02]   high>15: 68 frames, objs/frame=33.8, infer=70.8ms
2026-10-01 10:48:23,770 [INFO] __main__: [prof node:node_01] ai 12.0 fps objs/frame=65.9 | infer=67.6ms track=3.0ms acquire=11.9ms
2026-10-01 10:48:23,771 [INFO] __main__: [prof node:node_01] disp 11.8 fps | acquire=0.0ms render=0.0ms publish=0.0ms
2026-10-01 10:48:23,771 [INFO] __main__: [prof node:node_01]   high>15: 61 frames, objs/frame=65.9, infer=67.6ms
2026-10-01 10:48:25,458 [INFO] __main__: [prof node:node_03] ai 14.3 fps objs/frame=19.1 | infer=66.1ms track=2.0ms acquire=1.6ms
2026-10-01 10:48:25,458 [INFO] __main__: [prof node:node_03] disp 23.6 fps | acquire=0.1ms render=0.0ms publish=0.0ms
2026-10-01 10:48:25,458 [INFO] __main__: [prof node:node_03]   high>15: 62 frames, objs/frame=19.9, infer=66.3ms
2026-10-01 10:48:26,452 [INFO] __main__: [prof node:node_02] ai 15.1 fps objs/frame=24.8 | infer=63.4ms track=2.0ms acquire=0.3ms
2026-10-01 10:48:26,452 [INFO] __main__: [prof node:node_02] disp 24.7 fps | acquire=0.1ms render=0.0ms publish=0.0ms
2026-10-01 10:48:26,452 [INFO] __main__: [prof node:node_02]   high>15: 76 frames, objs/frame=24.8, infer=63.4ms
2026-10-01 10:48:28,848 [INFO] __main__: [prof node:node_01] ai 12.0 fps objs/frame=56.4 | infer=60.7ms track=3.4ms acquire=18.7ms
2026-10-01 10:48:28,848 [INFO] __main__: [prof node:node_01] disp 12.0 fps | acquire=0.0ms render=0.0ms publish=0.0ms
2026-10-01 10:48:28,848 [INFO] __main__: [prof node:node_01]   high>15: 61 frames, objs/frame=56.4, infer=60.7ms
2026-10-01 10:48:30,484 [INFO] __main__: [prof node:node_03] ai 15.9 fps objs/frame=15.2 | infer=60.3ms track=1.6ms acquire=0.8ms
2026-10-01 10:48:30,484 [INFO] __main__: [prof node:node_03] disp 24.7 fps | acquire=0.1ms render=0.0ms publish=0.0ms
2026-10-01 10:48:30,486 [INFO] __main__: [prof node:node_03]   low<10: 1 frames, objs/frame=9.0, infer=80.7ms
2026-10-01 10:48:30,486 [INFO] __main__: [prof node:node_03]   high>15: 38 frames, objs/frame=17.2, infer=58.8ms
2026-10-01 10:48:31,463 [INFO] __main__: [prof node:node_02] ai 15.8 fps objs/frame=29.4 | infer=60.7ms track=2.0ms acquire=0.4ms
2026-10-01 10:48:31,463 [INFO] __main__: [prof node:node_02] disp 24.9 fps | acquire=0.1ms render=0.0ms publish=0.0ms
2026-10-01 10:48:31,463 [INFO] __main__: [prof node:node_02]   high>15: 79 frames, objs/frame=29.4, infer=60.7ms
2026-10-01 10:48:33,891 [INFO] __main__: [prof node:node_01] ai 12.1 fps objs/frame=56.8 | infer=61.2ms track=3.9ms acquire=17.1ms
2026-10-01 10:48:33,891 [INFO] __main__: [prof node:node_01] disp 12.1 fps | acquire=0.0ms render=0.0ms publish=0.0ms
2026-10-01 10:48:33,891 [INFO] __main__: [prof node:node_01]   low<10: 1 frames, objs/frame=0.0, infer=25.3ms
2026-10-01 10:48:33,891 [INFO] __main__: [prof node:node_01]   high>15: 60 frames, objs/frame=57.7, infer=61.8ms
2026-10-01 10:48:35,547 [INFO] __main__: [prof node:node_03] ai 15.4 fps objs/frame=12.2 | infer=62.8ms track=1.3ms acquire=0.7ms
2026-10-01 10:48:35,547 [INFO] __main__: [prof node:node_03] disp 24.3 fps | acquire=0.1ms render=0.0ms publish=0.0ms
2026-10-01 10:48:35,547 [INFO] __main__: [prof node:node_03]   low<10: 11 frames, objs/frame=8.9, infer=61.3ms
2026-10-01 10:48:35,547 [INFO] __main__: [prof node:node_03]   high>15: 5 frames, objs/frame=16.2, infer=44.8ms
2026-10-01 10:48:36,482 [INFO] __main__: [prof node:node_02] ai 15.9 fps objs/frame=31.0 | infer=59.5ms track=2.0ms acquire=0.8ms
2026-10-01 10:48:36,482 [INFO] __main__: [prof node:node_02] disp 24.5 fps | acquire=0.1ms render=0.0ms publish=0.0ms
2026-10-01 10:48:36,482 [INFO] __main__: [prof node:node_02]   high>15: 80 frames, objs/frame=31.0, infer=59.5ms
2026-10-01 10:48:38,935 [INFO] __main__: [prof node:node_01] ai 11.9 fps objs/frame=58.0 | infer=60.8ms track=3.4ms acquire=19.4ms
2026-10-01 10:48:38,935 [INFO] __main__: [prof node:node_01] disp 11.9 fps | acquire=0.0ms render=0.0ms publish=0.0ms
2026-10-01 10:48:38,935 [INFO] __main__: [prof node:node_01]   high>15: 60 frames, objs/frame=58.0, infer=60.8ms
2026-10-01 10:48:40,617 [INFO] __main__: [prof node:node_03] ai 15.0 fps objs/frame=10.7 | infer=65.3ms track=1.1ms acquire=0.2ms
2026-10-01 10:48:40,617 [INFO] __main__: [prof node:node_03] disp 24.8 fps | acquire=0.1ms render=0.0ms publish=0.0ms
2026-10-01 10:48:40,622 [INFO] __main__: [prof node:node_03]   low<10: 25 frames, objs/frame=8.9, infer=68.4ms
2026-10-01 10:48:40,622 [INFO] __main__: [prof node:node_03]   high>15: 1 frames, objs/frame=16.0, infer=67.4ms
2026-10-01 10:48:41,539 [INFO] __main__: [prof node:node_02] ai 15.0 fps objs/frame=34.3 | infer=63.5ms track=2.3ms acquire=0.5ms
2026-10-01 10:48:41,539 [INFO] __main__: [prof node:node_02] disp 24.5 fps | acquire=0.1ms render=0.0ms publish=0.0ms
2026-10-01 10:48:41,539 [INFO] __main__: [prof node:node_02]   high>15: 76 frames, objs/frame=34.3, infer=63.5ms
2026-10-01 10:48:44,011 [INFO] __main__: [prof node:node_01] ai 12.0 fps objs/frame=63.4 | infer=62.9ms track=2.8ms acquire=17.1ms
2026-10-01 10:48:44,011 [INFO] __main__: [prof node:node_01] disp 12.0 fps | acquire=0.0ms render=0.0ms publish=0.0ms
2026-10-01 10:48:44,018 [INFO] __main__: [prof node:node_01]   high>15: 61 frames, objs/frame=63.4, infer=62.9ms
2026-10-01 10:48:45,662 [INFO] __main__: [prof node:node_03] ai 14.9 fps objs/frame=11.3 | infer=65.7ms track=1.0ms acquire=0.4ms
2026-10-01 10:48:45,664 [INFO] __main__: [prof node:node_03] disp 24.8 fps | acquire=0.1ms render=0.0ms publish=0.0ms
2026-10-01 10:48:45,664 [INFO] __main__: [prof node:node_03]   low<10: 4 frames, objs/frame=8.8, infer=69.7ms
2026-10-01 10:48:45,664 [INFO] __main__: [prof node:node_03]   high>15: 1 frames, objs/frame=16.0, infer=76.1ms
2026-10-01 10:48:46,616 [INFO] __main__: [prof node:node_02] ai 14.8 fps objs/frame=33.5 | infer=64.4ms track=2.6ms acquire=0.3ms
2026-10-01 10:48:46,617 [INFO] __main__: [prof node:node_02] disp 24.6 fps | acquire=0.1ms render=0.0ms publish=0.0ms
2026-10-01 10:48:46,617 [INFO] __main__: [prof node:node_02]   high>15: 75 frames, objs/frame=33.5, infer=64.4ms
2026-10-01 10:48:49,083 [INFO] __main__: [prof node:node_01] ai 12.0 fps objs/frame=60.3 | infer=62.1ms track=2.6ms acquire=17.9ms
2026-10-01 10:48:49,083 [INFO] __main__: [prof node:node_01] disp 12.0 fps | acquire=0.0ms render=0.0ms publish=0.0ms
2026-10-01 10:48:49,083 [INFO] __main__: [prof node:node_01]   high>15: 61 frames, objs/frame=60.3, infer=62.1ms
2026-10-01 10:48:50,702 [INFO] __main__: [prof node:node_03] ai 15.9 fps objs/frame=15.9 | infer=60.6ms track=1.0ms acquire=1.2ms
2026-10-01 10:48:50,702 [INFO] __main__: [prof node:node_03] disp 24.6 fps | acquire=0.1ms render=0.0ms publish=0.0ms
2026-10-01 10:48:50,703 [INFO] __main__: [prof node:node_03]   low<10: 12 frames, objs/frame=6.7, infer=59.7ms
2026-10-01 10:48:50,703 [INFO] __main__: [prof node:node_03]   high>15: 39 frames, objs/frame=20.9, infer=62.2ms
2026-10-01 10:48:51,650 [INFO] __main__: [prof node:node_02] ai 15.5 fps objs/frame=30.0 | infer=59.5ms track=2.5ms acquire=2.2ms
2026-10-01 10:48:51,650 [INFO] __main__: [prof node:node_02] disp 24.2 fps | acquire=0.1ms render=0.0ms publish=0.0ms
2026-10-01 10:48:51,650 [INFO] __main__: [prof node:node_02]   high>15: 78 frames, objs/frame=30.0, infer=59.5ms
2026-10-01 10:48:54,088 [INFO] __main__: [prof node:node_01] ai 12.0 fps objs/frame=57.9 | infer=64.7ms track=2.9ms acquire=15.4ms
2026-10-01 10:48:54,094 [INFO] __main__: [prof node:node_01] disp 12.0 fps | acquire=0.0ms render=0.0ms publish=0.0ms
2026-10-01 10:48:54,094 [INFO] __main__: [prof node:node_01]   low<10: 1 frames, objs/frame=0.0, infer=57.8ms
2026-10-01 10:48:54,095 [INFO] __main__: [prof node:node_01]   high>15: 59 frames, objs/frame=58.8, infer=64.8ms
2026-10-01 10:48:55,704 [INFO] __main__: [prof node:node_03] ai 14.0 fps objs/frame=27.2 | infer=68.7ms track=1.4ms acquire=1.1ms
2026-10-01 10:48:55,706 [INFO] __main__: [prof node:node_03] disp 24.6 fps | acquire=0.1ms render=0.0ms publish=0.0ms
2026-10-01 10:48:55,706 [INFO] __main__: [prof node:node_03]   high>15: 70 frames, objs/frame=27.2, infer=68.7ms
2026-10-01 10:48:56,657 [INFO] __main__: [prof node:node_02] ai 14.2 fps objs/frame=31.2 | infer=66.8ms track=2.5ms acquire=1.0ms
2026-10-01 10:48:56,657 [INFO] __main__: [prof node:node_02] disp 24.1 fps | acquire=0.1ms render=0.0ms publish=0.0ms
2026-10-01 10:48:56,657 [INFO] __main__: [prof node:node_02]   high>15: 71 frames, objs/frame=31.2, infer=66.8ms
2026-10-01 10:48:59,095 [INFO] __main__: [prof node:node_01] ai 12.0 fps objs/frame=55.1 | infer=64.0ms track=3.7ms acquire=15.3ms
2026-10-01 10:48:59,095 [INFO] __main__: [prof node:node_01] disp 12.0 fps | acquire=0.0ms render=0.0ms publish=0.0ms
2026-10-01 10:48:59,095 [INFO] __main__: [prof node:node_01]   high>15: 60 frames, objs/frame=55.1, infer=64.0ms
2026-10-01 10:49:00,726 [INFO] __main__: [prof node:node_03] ai 13.7 fps objs/frame=38.6 | infer=69.0ms track=2.5ms acquire=0.9ms
2026-10-01 10:49:00,726 [INFO] __main__: [prof node:node_03] disp 24.5 fps | acquire=0.1ms render=0.0ms publish=0.0ms
2026-10-01 10:49:00,729 [INFO] __main__: [prof node:node_03]   high>15: 69 frames, objs/frame=38.6, infer=69.0ms
2026-10-01 10:49:01,733 [INFO] __main__: [prof node:node_02] ai 13.2 fps objs/frame=34.1 | infer=71.8ms track=2.9ms acquire=0.6ms
2026-10-01 10:49:01,734 [INFO] __main__: [prof node:node_02] disp 24.6 fps | acquire=0.1ms render=0.0ms publish=0.0ms
2026-10-01 10:49:01,734 [INFO] __main__: [prof node:node_02]   high>15: 67 frames, objs/frame=34.1, infer=71.8ms
2026-10-01 10:49:04,101 [INFO] __main__: [prof node:node_01] ai 12.0 fps objs/frame=52.0 | infer=72.8ms track=4.3ms acquire=5.9ms
2026-10-01 10:49:04,101 [INFO] __main__: [prof node:node_01] disp 12.0 fps | acquire=0.0ms render=0.0ms publish=0.0ms
2026-10-01 10:49:04,101 [INFO] __main__: [prof node:node_01]   high>15: 60 frames, objs/frame=52.0, infer=72.8ms
2026-10-01 10:49:05,754 [INFO] __main__: [prof node:node_03] ai 13.7 fps objs/frame=40.5 | infer=69.8ms track=2.7ms acquire=0.2ms
2026-10-01 10:49:05,754 [INFO] __main__: [prof node:node_03] disp 24.7 fps | acquire=0.1ms render=0.0ms publish=0.0ms
2026-10-01 10:49:05,754 [INFO] __main__: [prof node:node_03]   high>15: 68 frames, objs/frame=40.9, infer=69.7ms
2026-10-01 10:49:06,802 [INFO] __main__: [prof node:node_02] ai 14.0 fps objs/frame=30.5 | infer=66.9ms track=3.3ms acquire=1.0ms
2026-10-01 10:49:06,802 [INFO] __main__: [prof node:node_02] disp 24.5 fps | acquire=0.1ms render=0.0ms publish=0.0ms
2026-10-01 10:49:06,802 [INFO] __main__: [prof node:node_02]   low<10: 1 frames, objs/frame=2.0, infer=70.0ms
2026-10-01 10:49:06,802 [INFO] __main__: [prof node:node_02]   high>15: 70 frames, objs/frame=30.9, infer=66.8ms
2026-10-01 10:49:09,178 [INFO] __main__: [prof node:node_01] ai 12.0 fps objs/frame=42.5 | infer=59.5ms track=3.5ms acquire=19.8ms
2026-10-01 10:49:09,178 [INFO] __main__: [prof node:node_01] disp 12.0 fps | acquire=0.0ms render=0.0ms publish=0.0ms
2026-10-01 10:49:09,178 [INFO] __main__: [prof node:node_01]   high>15: 61 frames, objs/frame=42.5, infer=59.5ms
2026-10-01 10:49:10,813 [INFO] __main__: [prof node:node_03] ai 14.8 fps objs/frame=40.7 | infer=64.6ms track=2.5ms acquire=0.0ms
2026-10-01 10:49:10,816 [INFO] __main__: [prof node:node_03] disp 24.9 fps | acquire=0.1ms render=0.0ms publish=0.0ms
2026-10-01 10:49:10,816 [INFO] __main__: [prof node:node_03]   high>15: 75 frames, objs/frame=40.7, infer=64.6ms
2026-10-01 10:49:11,880 [INFO] __main__: [prof node:node_02] ai 14.2 fps objs/frame=27.1 | infer=66.7ms track=2.9ms acquire=0.7ms
2026-10-01 10:49:11,880 [INFO] __main__: [prof node:node_02] disp 24.4 fps | acquire=0.1ms render=0.0ms publish=0.0ms
2026-10-01 10:49:11,880 [INFO] __main__: [prof node:node_02]   high>15: 72 frames, objs/frame=27.1, infer=66.7ms
2026-10-01 10:49:14,371 [INFO] __main__: [prof node:node_01] ai 11.6 fps objs/frame=48.1 | infer=66.0ms track=3.2ms acquire=16.9ms
2026-10-01 10:49:14,372 [INFO] __main__: [prof node:node_01] disp 11.7 fps | acquire=0.0ms render=0.0ms publish=0.0ms
2026-10-01 10:49:14,372 [INFO] __main__: [prof node:node_01]   high>15: 60 frames, objs/frame=48.1, infer=66.0ms
2026-10-01 10:49:15,816 [INFO] __main__: [prof node:node_03] ai 14.8 fps objs/frame=46.5 | infer=64.7ms track=2.6ms acquire=0.0ms
2026-10-01 10:49:15,816 [INFO] __main__: [prof node:node_03] disp 24.8 fps | acquire=0.1ms render=0.0ms publish=0.0ms
2026-10-01 10:49:15,816 [INFO] __main__: [prof node:node_03]   high>15: 74 frames, objs/frame=46.5, infer=64.7ms
2026-10-01 10:49:16,913 [INFO] __main__: [prof node:node_02] ai 15.3 fps objs/frame=18.0 | infer=62.5ms track=2.0ms acquire=0.7ms
2026-10-01 10:49:16,913 [INFO] __main__: [prof node:node_02] disp 24.6 fps | acquire=0.1ms render=0.0ms publish=0.0ms
2026-10-01 10:49:16,913 [INFO] __main__: [prof node:node_02]   high>15: 56 frames, objs/frame=19.9, infer=62.6ms
2026-10-01 10:49:19,427 [INFO] __main__: [prof node:node_01] ai 12.3 fps objs/frame=38.2 | infer=57.5ms track=2.8ms acquire=20.9ms
2026-10-01 10:49:19,427 [INFO] __main__: [prof node:node_01] disp 12.1 fps | acquire=0.0ms render=0.0ms publish=0.0ms
2026-10-01 10:49:19,427 [INFO] __main__: [prof node:node_01]   high>15: 62 frames, objs/frame=38.2, infer=57.5ms
2026-10-01 10:49:20,844 [INFO] __main__: [prof node:node_03] ai 15.9 fps objs/frame=44.9 | infer=59.1ms track=2.8ms acquire=0.7ms
2026-10-01 10:49:20,844 [INFO] __main__: [prof node:node_03] disp 24.5 fps | acquire=0.1ms render=0.0ms publish=0.0ms
2026-10-01 10:49:20,844 [INFO] __main__: [prof node:node_03]   high>15: 80 frames, objs/frame=44.9, infer=59.1ms
2026-10-01 10:49:21,974 [INFO] __main__: [prof node:node_02] ai 16.2 fps objs/frame=13.7 | infer=59.6ms track=1.6ms acquire=0.3ms
2026-10-01 10:49:21,974 [INFO] __main__: [prof node:node_02] disp 24.5 fps | acquire=0.1ms render=0.0ms publish=0.0ms
2026-10-01 10:49:21,974 [INFO] __main__: [prof node:node_02]   high>15: 17 frames, objs/frame=16.8, infer=55.3ms
2026-10-01 10:49:24,514 [INFO] __main__: [prof node:node_01] ai 12.0 fps objs/frame=41.8 | infer=58.6ms track=2.9ms acquire=21.6ms
2026-10-01 10:49:24,525 [INFO] __main__: [prof node:node_01] disp 12.0 fps | acquire=0.0ms render=0.0ms publish=0.0ms
2026-10-01 10:49:24,525 [INFO] __main__: [prof node:node_01]   high>15: 61 frames, objs/frame=41.8, infer=58.6ms
2026-10-01 10:49:25,906 [INFO] __main__: [prof node:node_03] ai 16.4 fps objs/frame=43.3 | infer=57.5ms track=2.5ms acquire=0.7ms
2026-10-01 10:49:25,906 [INFO] __main__: [prof node:node_03] disp 24.5 fps | acquire=0.1ms render=0.0ms publish=0.0ms
2026-10-01 10:49:25,913 [INFO] __main__: [prof node:node_03]   high>15: 83 frames, objs/frame=43.3, infer=57.5ms
2026-10-01 10:49:27,017 [INFO] __main__: [prof node:node_02] ai 17.4 fps objs/frame=12.2 | infer=55.3ms track=1.3ms acquire=0.6ms
2026-10-01 10:49:27,017 [INFO] __main__: [prof node:node_02] disp 24.4 fps | acquire=0.0ms render=0.0ms publish=0.0ms
2026-10-01 10:49:27,017 [INFO] __main__: [prof node:node_02]   low<10: 15 frames, objs/frame=8.3, infer=55.9ms
2026-10-01 10:49:27,024 [INFO] __main__: [prof node:node_02]   high>15: 13 frames, objs/frame=17.0, infer=45.1ms
2026-10-01 10:49:29,531 [INFO] __main__: [prof node:node_01] ai 12.0 fps objs/frame=35.0 | infer=53.3ms track=2.7ms acquire=27.0ms
2026-10-01 10:49:29,531 [INFO] __main__: [prof node:node_01] disp 12.0 fps | acquire=0.0ms render=0.0ms publish=0.0ms
2026-10-01 10:49:29,531 [INFO] __main__: [prof node:node_01]   high>15: 60 frames, objs/frame=35.0, infer=53.3ms
2026-10-01 10:49:30,968 [INFO] __main__: [prof node:node_03] ai 17.6 fps objs/frame=37.8 | infer=53.9ms track=2.1ms acquire=0.7ms
2026-10-01 10:49:30,968 [INFO] __main__: [prof node:node_03] disp 24.5 fps | acquire=0.0ms render=0.0ms publish=0.0ms
2026-10-01 10:49:30,968 [INFO] __main__: [prof node:node_03]   low<10: 1 frames, objs/frame=0.0, infer=54.5ms
2026-10-01 10:49:30,968 [INFO] __main__: [prof node:node_03]   high>15: 88 frames, objs/frame=38.2, infer=53.8ms
2026-10-01 10:49:32,045 [INFO] __main__: [prof node:node_02] ai 17.1 fps objs/frame=17.5 | infer=55.7ms track=1.8ms acquire=0.8ms
2026-10-01 10:49:32,045 [INFO] __main__: [prof node:node_02] disp 24.9 fps | acquire=0.0ms render=0.0ms publish=0.0ms
2026-10-01 10:49:32,045 [INFO] __main__: [prof node:node_02]   high>15: 68 frames, objs/frame=18.4, infer=56.7ms
2026-10-01 10:49:34,601 [INFO] __main__: [prof node:node_01] ai 12.0 fps objs/frame=31.8 | infer=56.1ms track=2.3ms acquire=24.2ms
2026-10-01 10:49:34,601 [INFO] __main__: [prof node:node_01] disp 12.0 fps | acquire=0.0ms render=0.0ms publish=0.0ms
2026-10-01 10:49:34,601 [INFO] __main__: [prof node:node_01]   high>15: 61 frames, objs/frame=31.8, infer=56.1ms
2026-10-01 10:49:36,006 [INFO] __main__: [prof node:node_03] ai 16.5 fps objs/frame=42.8 | infer=57.3ms track=2.2ms acquire=1.0ms
2026-10-01 10:49:36,006 [INFO] __main__: [prof node:node_03] disp 24.8 fps | acquire=0.1ms render=0.0ms publish=0.0ms
2026-10-01 10:49:36,006 [INFO] __main__: [prof node:node_03]   low<10: 1 frames, objs/frame=0.0, infer=60.4ms
2026-10-01 10:49:36,007 [INFO] __main__: [prof node:node_03]   high>15: 82 frames, objs/frame=43.3, infer=57.2ms
2026-10-01 10:49:37,052 [INFO] __main__: [prof node:node_02] ai 16.6 fps objs/frame=18.4 | infer=57.8ms track=1.7ms acquire=0.5ms
2026-10-01 10:49:37,052 [INFO] __main__: [prof node:node_02] disp 24.8 fps | acquire=0.0ms render=0.0ms publish=0.0ms
2026-10-01 10:49:37,052 [INFO] __main__: [prof node:node_02]   high>15: 64 frames, objs/frame=19.7, infer=57.8ms
2026-10-01 10:49:39,600 [INFO] __main__: [prof node:node_01] ai 12.0 fps objs/frame=31.1 | infer=56.0ms track=2.1ms acquire=24.9ms
2026-10-01 10:49:39,600 [INFO] __main__: [prof node:node_01] disp 12.0 fps | acquire=0.0ms render=0.0ms publish=0.0ms
2026-10-01 10:49:39,600 [INFO] __main__: [prof node:node_01]   high>15: 60 frames, objs/frame=31.1, infer=56.0ms
2026-10-01 10:49:41,023 [INFO] __main__: [prof node:node_03] ai 16.7 fps objs/frame=42.6 | infer=56.3ms track=2.2ms acquire=1.1ms
2026-10-01 10:49:41,023 [INFO] __main__: [prof node:node_03] disp 24.9 fps | acquire=0.1ms render=0.0ms publish=0.0ms
2026-10-01 10:49:41,023 [INFO] __main__: [prof node:node_03]   high>15: 84 frames, objs/frame=42.6, infer=56.3ms
2026-10-01 10:49:42,072 [INFO] __main__: [prof node:node_02] ai 17.1 fps objs/frame=19.8 | infer=56.2ms track=1.8ms acquire=0.1ms
2026-10-01 10:49:42,072 [INFO] __main__: [prof node:node_02] disp 24.7 fps | acquire=0.0ms render=0.0ms publish=0.0ms
2026-10-01 10:49:42,074 [INFO] __main__: [prof node:node_02]   high>15: 83 frames, objs/frame=20.0, infer=56.1ms
2026-10-01 10:49:44,630 [INFO] __main__: [prof node:node_01] ai 11.9 fps objs/frame=34.0 | infer=54.8ms track=2.5ms acquire=25.9ms
2026-10-01 10:49:44,630 [INFO] __main__: [prof node:node_01] disp 12.1 fps | acquire=0.0ms render=0.0ms publish=0.0ms
2026-10-01 10:49:44,630 [INFO] __main__: [prof node:node_01]   high>15: 60 frames, objs/frame=34.0, infer=54.8ms
2026-10-01 10:49:46,030 [INFO] __main__: [prof node:node_03] ai 17.0 fps objs/frame=36.2 | infer=55.5ms track=2.5ms acquire=0.5ms
2026-10-01 10:49:46,030 [INFO] __main__: [prof node:node_03] disp 24.6 fps | acquire=0.1ms render=0.0ms publish=0.0ms
2026-10-01 10:49:46,030 [INFO] __main__: [prof node:node_03]   high>15: 85 frames, objs/frame=36.2, infer=55.5ms
2026-10-01 10:49:47,079 [INFO] __main__: [prof node:node_02] ai 16.4 fps objs/frame=24.5 | infer=57.1ms track=2.4ms acquire=1.3ms
2026-10-01 10:49:47,079 [INFO] __main__: [prof node:node_02] disp 24.6 fps | acquire=0.0ms render=0.0ms publish=0.0ms
2026-10-01 10:49:47,079 [INFO] __main__: [prof node:node_02]   high>15: 82 frames, objs/frame=24.5, infer=57.1ms
2026-10-01 10:49:49,691 [INFO] __main__: [prof node:node_01] ai 12.1 fps objs/frame=40.5 | infer=57.9ms track=2.5ms acquire=22.1ms
2026-10-01 10:49:49,691 [INFO] __main__: [prof node:node_01] disp 11.9 fps | acquire=0.0ms render=0.0ms publish=0.0ms
2026-10-01 10:49:49,692 [INFO] __main__: [prof node:node_01]   low<10: 1 frames, objs/frame=0.0, infer=60.5ms
2026-10-01 10:49:49,692 [INFO] __main__: [prof node:node_01]   high>15: 60 frames, objs/frame=41.2, infer=57.8ms
2026-10-01 10:49:51,058 [INFO] __main__: [prof node:node_03] ai 15.9 fps objs/frame=39.8 | infer=59.3ms track=3.2ms acquire=0.0ms
2026-10-01 10:49:51,058 [INFO] __main__: [prof node:node_03] disp 24.9 fps | acquire=0.1ms render=0.0ms publish=0.0ms
2026-10-01 10:49:51,058 [INFO] __main__: [prof node:node_03]   high>15: 80 frames, objs/frame=39.8, infer=59.3ms
2026-10-01 10:49:52,136 [INFO] __main__: [prof node:node_02] ai 15.0 fps objs/frame=24.9 | infer=60.9ms track=2.1ms acquire=3.2ms
2026-10-01 10:49:52,136 [INFO] __main__: [prof node:node_02] disp 23.3 fps | acquire=0.1ms render=0.0ms publish=0.0ms
2026-10-01 10:49:52,138 [INFO] __main__: [prof node:node_02]   high>15: 76 frames, objs/frame=24.9, infer=60.9ms
2026-10-01 10:49:54,690 [INFO] __main__: [prof node:node_01] ai 12.0 fps objs/frame=40.3 | infer=54.3ms track=2.8ms acquire=25.7ms
2026-10-01 10:49:54,690 [INFO] __main__: [prof node:node_01] disp 12.0 fps | acquire=0.0ms render=0.0ms publish=0.0ms
2026-10-01 10:49:54,690 [INFO] __main__: [prof node:node_01]   high>15: 60 frames, objs/frame=40.3, infer=54.3ms
2026-10-01 10:49:56,081 [INFO] __main__: [prof node:node_03] ai 16.7 fps objs/frame=25.0 | infer=55.2ms track=3.2ms acquire=1.1ms
2026-10-01 10:49:56,081 [INFO] __main__: [prof node:node_03] disp 24.5 fps | acquire=0.0ms render=0.0ms publish=0.0ms
2026-10-01 10:49:56,081 [INFO] __main__: [prof node:node_03]   high>15: 84 frames, objs/frame=25.0, infer=55.2ms
2026-10-01 10:49:57,149 [INFO] __main__: [prof node:node_02] ai 16.7 fps objs/frame=27.2 | infer=55.6ms track=2.3ms acquire=1.5ms
2026-10-01 10:49:57,155 [INFO] __main__: [prof node:node_02] disp 24.1 fps | acquire=0.0ms render=0.0ms publish=0.0ms
2026-10-01 10:49:57,155 [INFO] __main__: [prof node:node_02]   high>15: 84 frames, objs/frame=27.2, infer=55.6ms
2026-10-01 10:49:59,780 [INFO] __main__: [prof node:node_01] ai 12.0 fps objs/frame=41.8 | infer=50.7ms track=3.0ms acquire=29.3ms
2026-10-01 10:49:59,780 [INFO] __main__: [prof node:node_01] disp 12.0 fps | acquire=0.0ms render=0.0ms publish=0.0ms
2026-10-01 10:49:59,780 [INFO] __main__: [prof node:node_01]   high>15: 61 frames, objs/frame=41.8, infer=50.7ms
2026-10-01 10:50:01,099 [INFO] __main__: [prof node:node_03] ai 17.1 fps objs/frame=17.7 | infer=41.1ms track=1.9ms acquire=15.2ms
2026-10-01 10:50:01,099 [INFO] __main__: [prof node:node_03] disp 21.3 fps | acquire=0.0ms render=0.0ms publish=0.0ms
2026-10-01 10:50:01,099 [INFO] __main__: [prof node:node_03]   high>15: 70 frames, objs/frame=18.5, infer=39.6ms
2026-10-01 10:50:02,162 [INFO] __main__: [prof node:node_02] ai 14.0 fps objs/frame=31.5 | infer=43.6ms track=2.7ms acquire=10.6ms
2026-10-01 10:50:02,162 [INFO] __main__: [prof node:node_02] disp 17.8 fps | acquire=0.0ms render=0.0ms publish=0.0ms
2026-10-01 10:50:02,162 [INFO] __main__: [prof node:node_02]   high>15: 70 frames, objs/frame=31.5, infer=43.6ms
2026-10-01 10:50:04,793 [INFO] __main__: [prof node:node_01] ai 9.4 fps objs/frame=42.1 | infer=52.9ms track=3.0ms acquire=28.6ms
2026-10-01 10:50:04,793 [INFO] __main__: [prof node:node_01] disp 9.4 fps | acquire=0.0ms render=0.0ms publish=0.0ms
2026-10-01 10:50:04,793 [INFO] __main__: [prof node:node_01]   high>15: 47 frames, objs/frame=42.1, infer=52.9ms
2026-10-01 10:50:06,169 [INFO] __main__: [prof node:node_03] ai 15.6 fps objs/frame=29.2 | infer=56.6ms track=1.8ms acquire=5.5ms
2026-10-01 10:50:06,169 [INFO] __main__: [prof node:node_03] disp 23.3 fps | acquire=0.0ms render=0.0ms publish=0.0ms
2026-10-01 10:50:06,169 [INFO] __main__: [prof node:node_03]   high>15: 79 frames, objs/frame=29.2, infer=56.6ms
2026-10-01 10:50:07,217 [INFO] __main__: [prof node:node_02] ai 15.2 fps objs/frame=34.0 | infer=61.8ms track=2.6ms acquire=0.9ms
2026-10-01 10:50:07,217 [INFO] __main__: [prof node:node_02] disp 24.3 fps | acquire=0.1ms render=0.0ms publish=0.0ms
2026-10-01 10:50:07,217 [INFO] __main__: [prof node:node_02]   high>15: 77 frames, objs/frame=34.0, infer=61.8ms
2026-10-01 10:50:09,852 [INFO] __main__: [prof node:node_01] ai 12.1 fps objs/frame=46.0 | infer=58.5ms track=3.0ms acquire=21.0ms
2026-10-01 10:50:09,852 [INFO] __main__: [prof node:node_01] disp 12.1 fps | acquire=0.0ms render=0.0ms publish=0.0ms
2026-10-01 10:50:09,852 [INFO] __main__: [prof node:node_01]   high>15: 61 frames, objs/frame=46.0, infer=58.5ms
2026-10-01 10:50:11,182 [INFO] __main__: [prof node:node_03] ai 15.8 fps objs/frame=28.8 | infer=60.2ms track=2.2ms acquire=0.7ms
2026-10-01 10:50:11,182 [INFO] __main__: [prof node:node_03] disp 24.4 fps | acquire=0.1ms render=0.0ms publish=0.0ms
2026-10-01 10:50:11,182 [INFO] __main__: [prof node:node_03]   high>15: 79 frames, objs/frame=28.8, infer=60.2ms
2026-10-01 10:50:12,224 [INFO] __main__: [prof node:node_02] ai 16.6 fps objs/frame=29.2 | infer=57.0ms track=2.5ms acquire=0.5ms
2026-10-01 10:50:12,224 [INFO] __main__: [prof node:node_02] disp 24.5 fps | acquire=0.1ms render=0.0ms publish=0.0ms
2026-10-01 10:50:12,224 [INFO] __main__: [prof node:node_02]   high>15: 83 frames, objs/frame=29.2, infer=57.0ms
2026-10-01 10:50:14,939 [INFO] __main__: [prof node:node_01] ai 12.0 fps objs/frame=40.5 | infer=55.5ms track=2.6ms acquire=24.9ms
2026-10-01 10:50:14,939 [INFO] __main__: [prof node:node_01] disp 12.0 fps | acquire=0.0ms render=0.0ms publish=0.0ms
2026-10-01 10:50:14,939 [INFO] __main__: [prof node:node_01]   high>15: 61 frames, objs/frame=40.5, infer=55.5ms
2026-10-01 10:50:16,217 [INFO] __main__: [prof node:node_03] ai 16.5 fps objs/frame=29.2 | infer=57.9ms track=2.5ms acquire=0.0ms
2026-10-01 10:50:16,217 [INFO] __main__: [prof node:node_03] disp 24.4 fps | acquire=0.0ms render=0.0ms publish=0.0ms
2026-10-01 10:50:16,217 [INFO] __main__: [prof node:node_03]   low<10: 1 frames, objs/frame=0.0, infer=66.1ms
2026-10-01 10:50:16,217 [INFO] __main__: [prof node:node_03]   high>15: 82 frames, objs/frame=29.6, infer=57.8ms
2026-10-01 10:50:17,253 [INFO] __main__: [prof node:node_02] ai 16.7 fps objs/frame=29.2 | infer=57.3ms track=2.1ms acquire=0.2ms
2026-10-01 10:50:17,253 [INFO] __main__: [prof node:node_02] disp 24.9 fps | acquire=0.0ms render=0.0ms publish=0.0ms
2026-10-01 10:50:17,253 [INFO] __main__: [prof node:node_02]   high>15: 84 frames, objs/frame=29.2, infer=57.3ms
2026-10-01 10:50:20,023 [INFO] __main__: [prof node:node_01] ai 12.0 fps objs/frame=39.8 | infer=55.8ms track=3.3ms acquire=23.8ms
2026-10-01 10:50:20,023 [INFO] __main__: [prof node:node_01] disp 12.0 fps | acquire=0.0ms render=0.0ms publish=0.0ms
2026-10-01 10:50:20,023 [INFO] __main__: [prof node:node_01]   high>15: 61 frames, objs/frame=39.8, infer=55.8ms
2026-10-01 10:50:21,250 [INFO] __main__: [prof node:node_03] ai 16.7 fps objs/frame=29.3 | infer=55.6ms track=2.1ms acquire=1.9ms
2026-10-01 10:50:21,251 [INFO] __main__: [prof node:node_03] disp 24.0 fps | acquire=0.0ms render=0.0ms publish=0.0ms
2026-10-01 10:50:21,251 [INFO] __main__: [prof node:node_03]   high>15: 84 frames, objs/frame=29.3, infer=55.6ms
2026-10-01 10:50:22,256 [INFO] __main__: [prof node:node_02] ai 17.0 fps objs/frame=25.4 | infer=55.9ms track=1.9ms acquire=0.7ms
2026-10-01 10:50:22,257 [INFO] __main__: [prof node:node_02] disp 24.6 fps | acquire=0.0ms render=0.0ms publish=0.0ms
2026-10-01 10:50:22,257 [INFO] __main__: [prof node:node_02]   high>15: 85 frames, objs/frame=25.4, infer=55.9ms
2026-10-01 10:50:25,110 [INFO] __main__: [prof node:node_01] ai 12.0 fps objs/frame=41.0 | infer=54.9ms track=3.1ms acquire=24.9ms
2026-10-01 10:50:25,110 [INFO] __main__: [prof node:node_01] disp 12.0 fps | acquire=0.0ms render=0.0ms publish=0.0ms
2026-10-01 10:50:25,112 [INFO] __main__: [prof node:node_01]   high>15: 61 frames, objs/frame=41.0, infer=54.9ms
2026-10-01 10:50:26,318 [INFO] __main__: [prof node:node_03] ai 17.0 fps objs/frame=26.0 | infer=54.1ms track=2.1ms acquire=2.5ms
2026-10-01 10:50:26,318 [INFO] __main__: [prof node:node_03] disp 24.5 fps | acquire=0.0ms render=0.0ms publish=0.0ms
2026-10-01 10:50:26,319 [INFO] __main__: [prof node:node_03]   high>15: 86 frames, objs/frame=26.0, infer=54.1ms
2026-10-01 10:50:27,261 [INFO] __main__: [prof node:node_02] ai 17.6 fps objs/frame=24.3 | infer=53.5ms track=2.2ms acquire=0.8ms
2026-10-01 10:50:27,263 [INFO] __main__: [prof node:node_02] disp 25.0 fps | acquire=0.0ms render=0.0ms publish=0.0ms
2026-10-01 10:50:27,263 [INFO] __main__: [prof node:node_02]   high>15: 88 frames, objs/frame=24.3, infer=53.5ms
2026-10-01 10:50:30,196 [INFO] __main__: [prof node:node_01] ai 12.0 fps objs/frame=42.6 | infer=55.6ms track=3.1ms acquire=24.2ms
2026-10-01 10:50:30,196 [INFO] __main__: [prof node:node_01] disp 12.0 fps | acquire=0.0ms render=0.0ms publish=0.0ms
2026-10-01 10:50:30,196 [INFO] __main__: [prof node:node_01]   high>15: 61 frames, objs/frame=42.6, infer=55.6ms
2026-10-01 10:50:31,321 [INFO] __main__: [prof node:node_03] ai 16.8 fps objs/frame=22.4 | infer=54.9ms track=2.2ms acquire=2.2ms
2026-10-01 10:50:31,321 [INFO] __main__: [prof node:node_03] disp 24.2 fps | acquire=0.0ms render=0.0ms publish=0.0ms
2026-10-01 10:50:31,322 [INFO] __main__: [prof node:node_03]   high>15: 82 frames, objs/frame=22.5, infer=54.6ms
2026-10-01 10:50:32,309 [INFO] __main__: [prof node:node_02] ai 16.8 fps objs/frame=27.7 | infer=54.4ms track=2.2ms acquire=2.5ms
2026-10-01 10:50:32,309 [INFO] __main__: [prof node:node_02] disp 23.6 fps | acquire=0.0ms render=0.0ms publish=0.0ms
2026-10-01 10:50:32,309 [INFO] __main__: [prof node:node_02]   high>15: 85 frames, objs/frame=27.7, infer=54.4ms
2026-10-01 10:50:35,265 [INFO] __main__: [prof node:node_01] ai 12.0 fps objs/frame=39.0 | infer=53.0ms track=3.3ms acquire=26.4ms
2026-10-01 10:50:35,265 [INFO] __main__: [prof node:node_01] disp 12.0 fps | acquire=0.0ms render=0.0ms publish=0.0ms
2026-10-01 10:50:35,265 [INFO] __main__: [prof node:node_01]   high>15: 61 frames, objs/frame=39.0, infer=53.0ms
2026-10-01 10:50:36,341 [INFO] __main__: [prof node:node_03] ai 18.5 fps objs/frame=19.0 | infer=50.0ms track=2.1ms acquire=1.7ms
2026-10-01 10:50:36,341 [INFO] __main__: [prof node:node_03] disp 24.3 fps | acquire=0.0ms render=0.0ms publish=0.0ms
2026-10-01 10:50:36,341 [INFO] __main__: [prof node:node_03]   low<10: 1 frames, objs/frame=9.0, infer=59.8ms
2026-10-01 10:50:36,341 [INFO] __main__: [prof node:node_03]   high>15: 57 frames, objs/frame=23.4, infer=50.3ms
2026-10-01 10:50:37,342 [INFO] __main__: [prof node:node_02] ai 17.7 fps objs/frame=23.3 | infer=52.9ms track=1.8ms acquire=1.5ms
2026-10-01 10:50:37,342 [INFO] __main__: [prof node:node_02] disp 24.2 fps | acquire=0.0ms render=0.0ms publish=0.0ms
2026-10-01 10:50:37,342 [INFO] __main__: [prof node:node_02]   high>15: 89 frames, objs/frame=23.3, infer=52.9ms
2026-10-01 10:50:40,286 [INFO] __main__: [prof node:node_01] ai 12.0 fps objs/frame=40.5 | infer=57.3ms track=3.0ms acquire=22.9ms
2026-10-01 10:50:40,287 [INFO] __main__: [prof node:node_01] disp 12.0 fps | acquire=0.0ms render=0.0ms publish=0.0ms
2026-10-01 10:50:40,287 [INFO] __main__: [prof node:node_01]   high>15: 60 frames, objs/frame=40.5, infer=57.3ms
2026-10-01 10:50:41,386 [INFO] __main__: [prof node:node_03] ai 16.2 fps objs/frame=35.6 | infer=57.2ms track=3.1ms acquire=1.0ms
2026-10-01 10:50:41,386 [INFO] __main__: [prof node:node_03] disp 25.0 fps | acquire=0.1ms render=0.0ms publish=0.0ms
2026-10-01 10:50:41,390 [INFO] __main__: [prof node:node_03]   high>15: 82 frames, objs/frame=35.6, infer=57.2ms
2026-10-01 10:50:42,396 [INFO] __main__: [prof node:node_02] ai 15.8 fps objs/frame=24.1 | infer=61.0ms track=1.8ms acquire=0.0ms
2026-10-01 10:50:42,397 [INFO] __main__: [prof node:node_02] disp 24.9 fps | acquire=0.1ms render=0.0ms publish=0.0ms
2026-10-01 10:50:42,397 [INFO] __main__: [prof node:node_02]   high>15: 80 frames, objs/frame=24.1, infer=61.0ms
2026-10-01 10:50:45,376 [INFO] __main__: [prof node:node_01] ai 12.0 fps objs/frame=39.9 | infer=57.9ms track=3.0ms acquire=22.1ms
2026-10-01 10:50:45,376 [INFO] __main__: [prof node:node_01] disp 12.0 fps | acquire=0.0ms render=0.0ms publish=0.0ms
2026-10-01 10:50:45,376 [INFO] __main__: [prof node:node_01]   high>15: 61 frames, objs/frame=39.9, infer=57.9ms
2026-10-01 10:50:46,390 [INFO] __main__: [prof node:node_03] ai 15.6 fps objs/frame=36.5 | infer=59.6ms track=3.8ms acquire=0.4ms
2026-10-01 10:50:46,390 [INFO] __main__: [prof node:node_03] disp 25.0 fps | acquire=0.1ms render=0.0ms publish=0.0ms
2026-10-01 10:50:46,390 [INFO] __main__: [prof node:node_03]   high>15: 78 frames, objs/frame=36.5, infer=59.6ms
2026-10-01 10:50:47,396 [INFO] __main__: [prof node:node_02] ai 15.8 fps objs/frame=26.4 | infer=60.7ms track=2.1ms acquire=0.3ms
2026-10-01 10:50:47,396 [INFO] __main__: [prof node:node_02] disp 24.8 fps | acquire=0.1ms render=0.0ms publish=0.0ms
2026-10-01 10:50:47,396 [INFO] __main__: [prof node:node_02]   high>15: 79 frames, objs/frame=26.4, infer=60.7ms
2026-10-01 10:50:50,433 [INFO] __main__: [prof node:node_01] ai 12.1 fps objs/frame=43.4 | infer=58.2ms track=2.9ms acquire=21.3ms
2026-10-01 10:50:50,433 [INFO] __main__: [prof node:node_01] disp 12.1 fps | acquire=0.0ms render=0.0ms publish=0.0ms
2026-10-01 10:50:50,433 [INFO] __main__: [prof node:node_01]   high>15: 61 frames, objs/frame=43.4, infer=58.2ms
2026-10-01 10:50:51,410 [INFO] __main__: [prof node:node_03] ai 15.7 fps objs/frame=36.1 | infer=59.3ms track=3.0ms acquire=0.9ms
2026-10-01 10:50:51,412 [INFO] __main__: [prof node:node_03] disp 24.3 fps | acquire=0.1ms render=0.0ms publish=0.0ms
2026-10-01 10:50:51,412 [INFO] __main__: [prof node:node_03]   low<10: 1 frames, objs/frame=0.0, infer=37.3ms
2026-10-01 10:50:51,412 [INFO] __main__: [prof node:node_03]   high>15: 78 frames, objs/frame=36.6, infer=59.6ms
2026-10-01 10:50:52,418 [INFO] __main__: [prof node:node_02] ai 14.9 fps objs/frame=30.6 | infer=62.5ms track=2.2ms acquire=2.0ms
2026-10-01 10:50:52,418 [INFO] __main__: [prof node:node_02] disp 24.1 fps | acquire=0.1ms render=0.0ms publish=0.0ms
2026-10-01 10:50:52,418 [INFO] __main__: [prof node:node_02]   high>15: 75 frames, objs/frame=30.6, infer=62.5ms
2026-10-01 10:50:55,438 [INFO] __main__: [prof node:node_01] ai 12.0 fps objs/frame=46.8 | infer=61.1ms track=3.6ms acquire=18.2ms
2026-10-01 10:50:55,438 [INFO] __main__: [prof node:node_01] disp 12.0 fps | acquire=0.0ms render=0.0ms publish=0.0ms
2026-10-01 10:50:55,438 [INFO] __main__: [prof node:node_01]   high>15: 60 frames, objs/frame=46.8, infer=61.1ms
2026-10-01 10:50:56,457 [INFO] __main__: [prof node:node_03] ai 14.5 fps objs/frame=33.2 | infer=64.6ms track=2.8ms acquire=1.5ms
2026-10-01 10:50:56,458 [INFO] __main__: [prof node:node_03] disp 24.4 fps | acquire=0.1ms render=0.0ms publish=0.0ms
2026-10-01 10:50:56,458 [INFO] __main__: [prof node:node_03]   high>15: 73 frames, objs/frame=33.2, infer=64.6ms
2026-10-01 10:50:57,466 [INFO] __main__: [prof node:node_02] ai 14.7 fps objs/frame=29.0 | infer=64.4ms track=2.6ms acquire=0.9ms
2026-10-01 10:50:57,466 [INFO] __main__: [prof node:node_02] disp 24.4 fps | acquire=0.1ms render=0.0ms publish=0.0ms
2026-10-01 10:50:57,466 [INFO] __main__: [prof node:node_02]   high>15: 74 frames, objs/frame=29.0, infer=64.4ms
2026-10-01 10:51:00,450 [INFO] __main__: [prof node:node_01] ai 12.0 fps objs/frame=51.5 | infer=59.8ms track=3.6ms acquire=19.6ms
2026-10-01 10:51:00,450 [INFO] __main__: [prof node:node_01] disp 12.0 fps | acquire=0.0ms render=0.0ms publish=0.0ms
2026-10-01 10:51:00,450 [INFO] __main__: [prof node:node_01]   high>15: 60 frames, objs/frame=51.5, infer=59.8ms
2026-10-01 10:51:01,487 [INFO] __main__: [prof node:node_03] ai 16.3 fps objs/frame=25.6 | infer=58.3ms track=2.6ms acquire=0.2ms
2026-10-01 10:51:01,487 [INFO] __main__: [prof node:node_03] disp 24.5 fps | acquire=0.1ms render=0.0ms publish=0.0ms
2026-10-01 10:51:01,487 [INFO] __main__: [prof node:node_03]   high>15: 82 frames, objs/frame=25.6, infer=58.3ms
2026-10-01 10:51:02,479 [INFO] __main__: [prof node:node_02] ai 15.9 fps objs/frame=24.9 | infer=58.3ms track=2.3ms acquire=1.9ms
2026-10-01 10:51:02,479 [INFO] __main__: [prof node:node_02] disp 24.3 fps | acquire=0.1ms render=0.0ms publish=0.0ms
2026-10-01 10:51:02,489 [INFO] __main__: [prof node:node_02]   high>15: 80 frames, objs/frame=24.9, infer=58.3ms
2026-10-01 10:51:05,521 [INFO] __main__: [prof node:node_01] ai 12.0 fps objs/frame=44.5 | infer=55.6ms track=3.2ms acquire=23.9ms
2026-10-01 10:51:05,521 [INFO] __main__: [prof node:node_01] disp 12.0 fps | acquire=0.0ms render=0.0ms publish=0.0ms
2026-10-01 10:51:05,521 [INFO] __main__: [prof node:node_01]   high>15: 61 frames, objs/frame=44.5, infer=55.6ms
2026-10-01 10:51:06,507 [INFO] __main__: [prof node:node_03] ai 17.1 fps objs/frame=20.6 | infer=55.2ms track=1.9ms acquire=1.1ms
2026-10-01 10:51:06,507 [INFO] __main__: [prof node:node_03] disp 24.5 fps | acquire=0.0ms render=0.0ms publish=0.0ms
2026-10-01 10:51:06,507 [INFO] __main__: [prof node:node_03]   low<10: 1 frames, objs/frame=0.0, infer=56.6ms
2026-10-01 10:51:06,507 [INFO] __main__: [prof node:node_03]   high>15: 84 frames, objs/frame=21.0, infer=55.1ms
2026-10-01 10:51:07,500 [INFO] __main__: [prof node:node_02] ai 17.6 fps objs/frame=25.7 | infer=54.2ms track=1.8ms acquire=0.7ms
2026-10-01 10:51:07,501 [INFO] __main__: [prof node:node_02] disp 24.9 fps | acquire=0.0ms render=0.0ms publish=0.0ms
2026-10-01 10:51:07,501 [INFO] __main__: [prof node:node_02]   high>15: 88 frames, objs/frame=25.7, infer=54.2ms
2026-10-01 10:51:10,597 [INFO] __main__: [prof node:node_01] ai 12.0 fps objs/frame=42.8 | infer=54.9ms track=3.0ms acquire=24.8ms
2026-10-01 10:51:10,597 [INFO] __main__: [prof node:node_01] disp 12.0 fps | acquire=0.0ms render=0.0ms publish=0.0ms
2026-10-01 10:51:10,598 [INFO] __main__: [prof node:node_01]   high>15: 61 frames, objs/frame=42.8, infer=54.9ms
2026-10-01 10:51:11,531 [INFO] __main__: [prof node:node_03] ai 16.9 fps objs/frame=23.1 | infer=56.1ms track=1.5ms acquire=1.3ms
2026-10-01 10:51:11,532 [INFO] __main__: [prof node:node_03] disp 24.3 fps | acquire=0.0ms render=0.0ms publish=0.0ms
2026-10-01 10:51:11,532 [INFO] __main__: [prof node:node_03]   high>15: 83 frames, objs/frame=23.3, infer=56.6ms
2026-10-01 10:51:12,511 [INFO] __main__: [prof node:node_02] ai 17.2 fps objs/frame=30.9 | infer=55.3ms track=1.9ms acquire=0.7ms
2026-10-01 10:51:12,511 [INFO] __main__: [prof node:node_02] disp 24.3 fps | acquire=0.0ms render=0.0ms publish=0.0ms
2026-10-01 10:51:12,511 [INFO] __main__: [prof node:node_02]   high>15: 86 frames, objs/frame=30.9, infer=55.3ms
2026-10-01 10:51:15,605 [INFO] __main__: [prof node:node_01] ai 12.0 fps objs/frame=42.9 | infer=53.2ms track=3.5ms acquire=26.3ms
2026-10-01 10:51:15,606 [INFO] __main__: [prof node:node_01] disp 12.0 fps | acquire=0.0ms render=0.0ms publish=0.0ms
2026-10-01 10:51:15,606 [INFO] __main__: [prof node:node_01]   high>15: 60 frames, objs/frame=42.9, infer=53.2ms
2026-10-01 10:51:16,570 [INFO] __main__: [prof node:node_03] ai 17.1 fps objs/frame=21.9 | infer=56.1ms track=1.6ms acquire=0.7ms
2026-10-01 10:51:16,570 [INFO] __main__: [prof node:node_03] disp 24.8 fps | acquire=0.0ms render=0.0ms publish=0.0ms
2026-10-01 10:51:16,570 [INFO] __main__: [prof node:node_03]   high>15: 86 frames, objs/frame=21.9, infer=56.1ms
2026-10-01 10:51:17,583 [INFO] __main__: [prof node:node_02] ai 17.0 fps objs/frame=30.1 | infer=55.4ms track=2.1ms acquire=1.2ms
2026-10-01 10:51:17,583 [INFO] __main__: [prof node:node_02] disp 24.8 fps | acquire=0.0ms render=0.0ms publish=0.0ms
2026-10-01 10:51:17,583 [INFO] __main__: [prof node:node_02]   high>15: 86 frames, objs/frame=30.1, infer=55.4ms
2026-10-01 10:51:20,689 [INFO] __main__: [prof node:node_01] ai 12.0 fps objs/frame=44.7 | infer=56.3ms track=3.2ms acquire=23.4ms
2026-10-01 10:51:20,690 [INFO] __main__: [prof node:node_01] disp 12.0 fps | acquire=0.0ms render=0.0ms publish=0.0ms
2026-10-01 10:51:20,690 [INFO] __main__: [prof node:node_01]   high>15: 61 frames, objs/frame=44.7, infer=56.3ms
2026-10-01 10:51:21,572 [INFO] __main__: [prof node:node_03] ai 16.6 fps objs/frame=26.8 | infer=58.2ms track=1.5ms acquire=0.4ms
2026-10-01 10:51:21,572 [INFO] __main__: [prof node:node_03] disp 24.6 fps | acquire=0.0ms render=0.0ms publish=0.0ms
2026-10-01 10:51:21,572 [INFO] __main__: [prof node:node_03]   high>15: 83 frames, objs/frame=26.8, infer=58.2ms
2026-10-01 10:51:22,625 [INFO] __main__: [prof node:node_02] ai 16.7 fps objs/frame=28.1 | infer=57.4ms track=2.4ms acquire=0.0ms
2026-10-01 10:51:22,625 [INFO] __main__: [prof node:node_02] disp 24.8 fps | acquire=0.1ms render=0.0ms publish=0.0ms
2026-10-01 10:51:22,625 [INFO] __main__: [prof node:node_02]   high>15: 84 frames, objs/frame=28.1, infer=57.4ms
2026-10-01 10:51:25,716 [INFO] __main__: [prof node:node_01] ai 11.9 fps objs/frame=45.2 | infer=58.3ms track=3.3ms acquire=21.7ms
2026-10-01 10:51:25,716 [INFO] __main__: [prof node:node_01] disp 11.9 fps | acquire=0.0ms render=0.0ms publish=0.0ms
2026-10-01 10:51:25,716 [INFO] __main__: [prof node:node_01]   high>15: 60 frames, objs/frame=45.2, infer=58.3ms
2026-10-01 10:51:26,632 [INFO] __main__: [prof node:node_03] ai 16.0 fps objs/frame=37.3 | infer=59.8ms track=2.3ms acquire=0.1ms
2026-10-01 10:51:26,634 [INFO] __main__: [prof node:node_03] disp 25.1 fps | acquire=0.1ms render=0.0ms publish=0.0ms
2026-10-01 10:51:26,634 [INFO] __main__: [prof node:node_03]   high>15: 81 frames, objs/frame=37.3, infer=59.8ms
2026-10-01 10:51:27,687 [INFO] __main__: [prof node:node_02] ai 15.4 fps objs/frame=27.6 | infer=61.5ms track=1.9ms acquire=1.2ms
2026-10-01 10:51:27,687 [INFO] __main__: [prof node:node_02] disp 24.5 fps | acquire=0.1ms render=0.0ms publish=0.0ms
2026-10-01 10:51:27,687 [INFO] __main__: [prof node:node_02]   high>15: 78 frames, objs/frame=27.6, infer=61.5ms
2026-10-01 10:51:30,777 [INFO] __main__: [prof node:node_01] ai 12.0 fps objs/frame=44.8 | infer=60.3ms track=3.1ms acquire=19.2ms
2026-10-01 10:51:30,777 [INFO] __main__: [prof node:node_01] disp 12.0 fps | acquire=0.0ms render=0.0ms publish=0.0ms
2026-10-01 10:51:30,777 [INFO] __main__: [prof node:node_01]   high>15: 61 frames, objs/frame=44.8, infer=60.3ms
2026-10-01 10:51:31,707 [INFO] __main__: [prof node:node_03] ai 15.2 fps objs/frame=37.6 | infer=61.8ms track=3.0ms acquire=0.7ms
2026-10-01 10:51:31,707 [INFO] __main__: [prof node:node_03] disp 24.6 fps | acquire=0.1ms render=0.0ms publish=0.0ms
2026-10-01 10:51:31,707 [INFO] __main__: [prof node:node_03]   high>15: 77 frames, objs/frame=37.6, infer=61.8ms
2026-10-01 10:51:32,729 [INFO] __main__: [prof node:node_02] ai 15.1 fps objs/frame=27.4 | infer=64.0ms track=1.8ms acquire=0.3ms
2026-10-01 10:51:32,729 [INFO] __main__: [prof node:node_02] disp 24.4 fps | acquire=0.1ms render=0.0ms publish=0.0ms
2026-10-01 10:51:32,729 [INFO] __main__: [prof node:node_02]   high>15: 76 frames, objs/frame=27.4, infer=64.0ms
2026-10-01 10:51:35,819 [INFO] __main__: [prof node:node_01] ai 7.3 fps objs/frame=45.2 | infer=62.5ms track=3.4ms acquire=15.6ms
2026-10-01 10:51:35,819 [INFO] __main__: [prof node:node_01] disp 7.3 fps | acquire=0.0ms render=0.0ms publish=0.0ms
2026-10-01 10:51:35,825 [INFO] __main__: [prof node:node_01]   high>15: 37 frames, objs/frame=45.2, infer=62.5ms
2026-10-01 10:51:36,735 [INFO] __main__: [prof node:node_03] ai 18.7 fps objs/frame=33.3 | infer=48.3ms track=3.2ms acquire=1.7ms
2026-10-01 10:51:36,742 [INFO] __main__: [prof node:node_03] disp 24.8 fps | acquire=0.0ms render=0.0ms publish=0.0ms
2026-10-01 10:51:36,742 [INFO] __main__: [prof node:node_03]   high>15: 94 frames, objs/frame=33.3, infer=48.3ms
2026-10-01 10:51:37,757 [INFO] __main__: [prof node:node_02] ai 18.1 fps objs/frame=26.2 | infer=50.2ms track=1.7ms acquire=3.0ms
2026-10-01 10:51:37,757 [INFO] __main__: [prof node:node_02] disp 24.3 fps | acquire=0.0ms render=0.0ms publish=0.0ms
2026-10-01 10:51:37,757 [INFO] __main__: [prof node:node_02]   high>15: 91 frames, objs/frame=26.2, infer=50.2ms
2026-10-01 10:51:40,853 [INFO] __main__: [prof node:node_01] ai 11.9 fps objs/frame=46.2 | infer=58.5ms track=3.5ms acquire=21.4ms
2026-10-01 10:51:40,860 [INFO] __main__: [prof node:node_01] disp 11.9 fps | acquire=0.0ms render=0.0ms publish=0.0ms
2026-10-01 10:51:40,861 [INFO] __main__: [prof node:node_01]   high>15: 60 frames, objs/frame=46.2, infer=58.5ms
2026-10-01 10:51:41,798 [INFO] __main__: [prof node:node_03] ai 16.0 fps objs/frame=28.9 | infer=58.7ms track=2.7ms acquire=0.8ms
2026-10-01 10:51:41,798 [INFO] __main__: [prof node:node_03] disp 24.3 fps | acquire=0.1ms render=0.0ms publish=0.0ms
2026-10-01 10:51:41,798 [INFO] __main__: [prof node:node_03]   high>15: 81 frames, objs/frame=28.9, infer=58.7ms
2026-10-01 10:51:42,763 [INFO] __main__: [prof node:node_02] ai 16.6 fps objs/frame=24.8 | infer=57.8ms track=1.7ms acquire=0.5ms
2026-10-01 10:51:42,765 [INFO] __main__: [prof node:node_02] disp 24.6 fps | acquire=0.0ms render=0.0ms publish=0.0ms
2026-10-01 10:51:42,765 [INFO] __main__: [prof node:node_02]   high>15: 83 frames, objs/frame=24.8, infer=57.8ms
2026-10-01 10:51:45,876 [INFO] __main__: [prof node:node_01] ai 12.0 fps objs/frame=44.3 | infer=53.6ms track=3.1ms acquire=26.3ms
2026-10-01 10:51:45,876 [INFO] __main__: [prof node:node_01] disp 12.0 fps | acquire=0.0ms render=0.0ms publish=0.0ms
2026-10-01 10:51:45,876 [INFO] __main__: [prof node:node_01]   high>15: 60 frames, objs/frame=44.3, infer=53.6ms
2026-10-01 10:51:46,819 [INFO] __main__: [prof node:node_03] ai 16.5 fps objs/frame=20.4 | infer=53.1ms track=2.2ms acquire=5.0ms
2026-10-01 10:51:46,819 [INFO] __main__: [prof node:node_03] disp 23.5 fps | acquire=0.0ms render=0.0ms publish=0.0ms
2026-10-01 10:51:46,819 [INFO] __main__: [prof node:node_03]   high>15: 77 frames, objs/frame=20.9, infer=52.6ms
2026-10-01 10:51:47,764 [INFO] __main__: [prof node:node_02] ai 18.0 fps objs/frame=27.4 | infer=51.8ms track=1.8ms acquire=1.6ms
2026-10-01 10:51:47,765 [INFO] __main__: [prof node:node_02] disp 24.4 fps | acquire=0.0ms render=0.0ms publish=0.0ms
2026-10-01 10:51:47,766 [INFO] __main__: [prof node:node_02]   high>15: 90 frames, objs/frame=27.4, infer=51.8ms
2026-10-01 10:51:50,878 [INFO] __main__: [prof node:node_01] ai 12.0 fps objs/frame=45.7 | infer=55.0ms track=2.8ms acquire=25.1ms
2026-10-01 10:51:50,881 [INFO] __main__: [prof node:node_01] disp 12.0 fps | acquire=0.0ms render=0.0ms publish=0.0ms
2026-10-01 10:51:50,881 [INFO] __main__: [prof node:node_01]   high>15: 60 frames, objs/frame=45.7, infer=55.0ms
2026-10-01 10:51:51,839 [INFO] __main__: [prof node:node_03] ai 16.7 fps objs/frame=17.6 | infer=55.5ms track=1.8ms acquire=2.3ms
2026-10-01 10:51:51,846 [INFO] __main__: [prof node:node_03] disp 24.3 fps | acquire=0.0ms render=0.0ms publish=0.0ms
2026-10-01 10:51:51,846 [INFO] __main__: [prof node:node_03]   high>15: 67 frames, objs/frame=18.3, infer=54.7ms
2026-10-01 10:51:52,811 [INFO] __main__: [prof node:node_02] ai 17.0 fps objs/frame=27.5 | infer=56.0ms track=2.0ms acquire=0.3ms
2026-10-01 10:51:52,811 [INFO] __main__: [prof node:node_02] disp 25.0 fps | acquire=0.0ms render=0.0ms publish=0.0ms
2026-10-01 10:51:52,811 [INFO] __main__: [prof node:node_02]   high>15: 86 frames, objs/frame=27.5, infer=56.0ms
2026-10-01 10:51:55,971 [INFO] __main__: [prof node:node_01] ai 12.0 fps objs/frame=44.9 | infer=56.3ms track=3.1ms acquire=23.5ms
2026-10-01 10:51:55,971 [INFO] __main__: [prof node:node_01] disp 12.0 fps | acquire=0.0ms render=0.0ms publish=0.0ms
2026-10-01 10:51:55,971 [INFO] __main__: [prof node:node_01]   high>15: 61 frames, objs/frame=44.9, infer=56.3ms
2026-10-01 10:51:56,890 [INFO] __main__: [prof node:node_03] ai 16.6 fps objs/frame=25.9 | infer=56.9ms track=1.8ms acquire=1.1ms
2026-10-01 10:51:56,890 [INFO] __main__: [prof node:node_03] disp 24.8 fps | acquire=0.1ms render=0.0ms publish=0.0ms
2026-10-01 10:51:56,894 [INFO] __main__: [prof node:node_03]   high>15: 83 frames, objs/frame=26.0, infer=56.9ms
2026-10-01 10:51:57,838 [INFO] __main__: [prof node:node_02] ai 16.7 fps objs/frame=31.0 | infer=56.9ms track=2.0ms acquire=0.6ms
2026-10-01 10:51:57,838 [INFO] __main__: [prof node:node_02] disp 24.7 fps | acquire=0.0ms render=0.0ms publish=0.0ms
2026-10-01 10:51:57,838 [INFO] __main__: [prof node:node_02]   high>15: 84 frames, objs/frame=31.0, infer=56.9ms
2026-10-01 10:52:01,047 [INFO] __main__: [prof node:node_01] ai 12.0 fps objs/frame=41.2 | infer=53.9ms track=3.0ms acquire=25.9ms
2026-10-01 10:52:01,047 [INFO] __main__: [prof node:node_01] disp 12.0 fps | acquire=0.0ms render=0.0ms publish=0.0ms
2026-10-01 10:52:01,047 [INFO] __main__: [prof node:node_01]   high>15: 61 frames, objs/frame=41.2, infer=53.9ms
2026-10-01 10:52:01,895 [INFO] __main__: [prof node:node_03] ai 17.0 fps objs/frame=23.8 | infer=55.8ms track=2.1ms acquire=0.7ms
2026-10-01 10:52:01,896 [INFO] __main__: [prof node:node_03] disp 25.0 fps | acquire=0.0ms render=0.0ms publish=0.0ms
2026-10-01 10:52:01,896 [INFO] __main__: [prof node:node_03]   high>15: 85 frames, objs/frame=23.8, infer=55.8ms
2026-10-01 10:52:02,873 [INFO] __main__: [prof node:node_02] ai 16.5 fps objs/frame=29.6 | infer=56.2ms track=2.1ms acquire=2.1ms
2026-10-01 10:52:02,873 [INFO] __main__: [prof node:node_02] disp 24.2 fps | acquire=0.0ms render=0.0ms publish=0.0ms
2026-10-01 10:52:02,873 [INFO] __main__: [prof node:node_02]   high>15: 83 frames, objs/frame=29.6, infer=56.2ms
2026-10-01 10:52:06,121 [INFO] __main__: [prof node:node_01] ai 12.0 fps objs/frame=49.1 | infer=55.6ms track=3.2ms acquire=23.8ms
2026-10-01 10:52:06,123 [INFO] __main__: [prof node:node_01] disp 12.0 fps | acquire=0.0ms render=0.0ms publish=0.0ms
2026-10-01 10:52:06,123 [INFO] __main__: [prof node:node_01]   high>15: 61 frames, objs/frame=49.1, infer=55.6ms
2026-10-01 10:52:06,908 [INFO] __main__: [prof node:node_03] ai 17.0 fps objs/frame=18.8 | infer=56.5ms track=1.5ms acquire=0.8ms
2026-10-01 10:52:06,908 [INFO] __main__: [prof node:node_03] disp 24.7 fps | acquire=0.1ms render=0.0ms publish=0.0ms
2026-10-01 10:52:06,908 [INFO] __main__: [prof node:node_03]   low<10: 1 frames, objs/frame=0.0, infer=64.8ms
2026-10-01 10:52:06,908 [INFO] __main__: [prof node:node_03]   high>15: 75 frames, objs/frame=19.6, infer=56.1ms
2026-10-01 10:52:07,905 [INFO] __main__: [prof node:node_02] ai 16.5 fps objs/frame=29.9 | infer=55.9ms track=2.3ms acquire=2.1ms
2026-10-01 10:52:07,905 [INFO] __main__: [prof node:node_02] disp 24.5 fps | acquire=0.1ms render=0.0ms publish=0.0ms
2026-10-01 10:52:07,905 [INFO] __main__: [prof node:node_02]   high>15: 83 frames, objs/frame=29.9, infer=55.9ms
2026-10-01 10:52:11,135 [INFO] __main__: [prof node:node_01] ai 12.0 fps objs/frame=46.5 | infer=57.2ms track=4.1ms acquire=21.7ms
2026-10-01 10:52:11,135 [INFO] __main__: [prof node:node_01] disp 12.0 fps | acquire=0.0ms render=0.0ms publish=0.0ms
2026-10-01 10:52:11,135 [INFO] __main__: [prof node:node_01]   low<10: 1 frames, objs/frame=2.0, infer=52.7ms
2026-10-01 10:52:11,135 [INFO] __main__: [prof node:node_01]   high>15: 59 frames, objs/frame=47.2, infer=57.3ms
2026-10-01 10:52:11,915 [INFO] __main__: [prof node:node_03] ai 16.4 fps objs/frame=18.2 | infer=57.3ms track=1.3ms acquire=2.2ms
2026-10-01 10:52:11,915 [INFO] __main__: [prof node:node_03] disp 24.4 fps | acquire=0.0ms render=0.0ms publish=0.0ms
2026-10-01 10:52:11,915 [INFO] __main__: [prof node:node_03]   high>15: 74 frames, objs/frame=18.6, infer=56.8ms
2026-10-01 10:52:12,915 [INFO] __main__: [prof node:node_02] ai 16.4 fps objs/frame=33.8 | infer=55.9ms track=2.8ms acquire=2.1ms
2026-10-01 10:52:12,915 [INFO] __main__: [prof node:node_02] disp 23.9 fps | acquire=0.0ms render=0.0ms publish=0.0ms
2026-10-01 10:52:12,915 [INFO] __main__: [prof node:node_02]   low<10: 1 frames, objs/frame=7.0, infer=57.9ms
2026-10-01 10:52:12,915 [INFO] __main__: [prof node:node_02]   high>15: 81 frames, objs/frame=34.2, infer=55.9ms
2026-10-01 10:52:16,144 [INFO] __main__: [prof node:node_01] ai 12.0 fps objs/frame=38.0 | infer=57.3ms track=3.5ms acquire=22.2ms
2026-10-01 10:52:16,144 [INFO] __main__: [prof node:node_01] disp 12.2 fps | acquire=0.0ms render=0.0ms publish=0.0ms
2026-10-01 10:52:16,144 [INFO] __main__: [prof node:node_01]   high>15: 60 frames, objs/frame=38.0, infer=57.3ms
2026-10-01 10:52:16,993 [INFO] __main__: [prof node:node_03] ai 16.0 fps objs/frame=32.1 | infer=59.6ms track=2.0ms acquire=0.8ms
2026-10-01 10:52:16,993 [INFO] __main__: [prof node:node_03] disp 24.6 fps | acquire=0.1ms render=0.0ms publish=0.0ms
2026-10-01 10:52:16,995 [INFO] __main__: [prof node:node_03]   high>15: 81 frames, objs/frame=32.1, infer=59.6ms
2026-10-01 10:52:17,970 [INFO] __main__: [prof node:node_02] ai 15.4 fps objs/frame=30.3 | infer=60.4ms track=3.7ms acquire=0.3ms
2026-10-01 10:52:17,971 [INFO] __main__: [prof node:node_02] disp 24.9 fps | acquire=0.1ms render=0.0ms publish=0.0ms
2026-10-01 10:52:17,971 [INFO] __main__: [prof node:node_02]   high>15: 78 frames, objs/frame=30.3, infer=60.4ms
2026-10-01 10:52:21,207 [INFO] __main__: [prof node:node_01] ai 12.0 fps objs/frame=33.2 | infer=58.9ms track=3.2ms acquire=20.5ms
2026-10-01 10:52:21,207 [INFO] __main__: [prof node:node_01] disp 11.9 fps | acquire=0.0ms render=0.0ms publish=0.0ms
2026-10-01 10:52:21,207 [INFO] __main__: [prof node:node_01]   high>15: 61 frames, objs/frame=33.2, infer=58.9ms
2026-10-01 10:52:21,998 [INFO] __main__: [prof node:node_03] ai 15.8 fps objs/frame=36.0 | infer=59.4ms track=3.3ms acquire=0.4ms
2026-10-01 10:52:21,998 [INFO] __main__: [prof node:node_03] disp 24.3 fps | acquire=0.1ms render=0.0ms publish=0.0ms
2026-10-01 10:52:21,998 [INFO] __main__: [prof node:node_03]   high>15: 79 frames, objs/frame=36.0, infer=59.4ms
2026-10-01 10:52:22,988 [INFO] __main__: [prof node:node_02] ai 16.1 fps objs/frame=25.1 | infer=58.9ms track=2.7ms acquire=0.1ms
2026-10-01 10:52:22,988 [INFO] __main__: [prof node:node_02] disp 24.7 fps | acquire=0.0ms render=0.0ms publish=0.0ms
2026-10-01 10:52:22,990 [INFO] __main__: [prof node:node_02]   high>15: 81 frames, objs/frame=25.1, infer=58.9ms
2026-10-01 10:52:26,255 [INFO] __main__: [prof node:node_01] ai 12.1 fps objs/frame=33.2 | infer=55.8ms track=2.7ms acquire=23.7ms
2026-10-01 10:52:26,255 [INFO] __main__: [prof node:node_01] disp 12.1 fps | acquire=0.0ms render=0.0ms publish=0.0ms
2026-10-01 10:52:26,256 [INFO] __main__: [prof node:node_01]   low<10: 1 frames, objs/frame=0.0, infer=48.7ms
2026-10-01 10:52:26,256 [INFO] __main__: [prof node:node_01]   high>15: 60 frames, objs/frame=33.7, infer=55.9ms
2026-10-01 10:52:27,051 [INFO] __main__: [prof node:node_03] ai 16.8 fps objs/frame=30.0 | infer=51.6ms track=2.9ms acquire=4.6ms
2026-10-01 10:52:27,051 [INFO] __main__: [prof node:node_03] disp 23.6 fps | acquire=0.0ms render=0.0ms publish=0.0ms
2026-10-01 10:52:27,051 [INFO] __main__: [prof node:node_03]   high>15: 85 frames, objs/frame=30.0, infer=51.6ms
2026-10-01 10:52:28,026 [INFO] __main__: [prof node:node_02] ai 16.9 fps objs/frame=25.0 | infer=51.8ms track=2.3ms acquire=4.9ms
2026-10-01 10:52:28,026 [INFO] __main__: [prof node:node_02] disp 23.6 fps | acquire=0.0ms render=0.0ms publish=0.0ms
2026-10-01 10:52:28,026 [INFO] __main__: [prof node:node_02]   high>15: 85 frames, objs/frame=25.0, infer=51.8ms
2026-10-01 10:52:31,326 [INFO] __main__: [prof node:node_01] ai 10.8 fps objs/frame=31.6 | infer=50.2ms track=2.5ms acquire=39.0ms
2026-10-01 10:52:31,326 [INFO] __main__: [prof node:node_01] disp 10.8 fps | acquire=0.0ms render=0.0ms publish=0.0ms
2026-10-01 10:52:31,326 [INFO] __main__: [prof node:node_01]   high>15: 55 frames, objs/frame=31.6, infer=50.2ms
2026-10-01 10:52:32,095 [INFO] __main__: [prof node:node_03] ai 15.7 fps objs/frame=34.2 | infer=49.5ms track=2.7ms acquire=11.5ms
2026-10-01 10:52:32,095 [INFO] __main__: [prof node:node_03] disp 21.2 fps | acquire=0.0ms render=0.0ms publish=0.0ms
2026-10-01 10:52:32,095 [INFO] __main__: [prof node:node_03]   high>15: 79 frames, objs/frame=34.2, infer=49.5ms
2026-10-01 10:52:33,026 [INFO] __main__: [prof node:node_02] ai 15.4 fps objs/frame=19.9 | infer=46.8ms track=2.1ms acquire=15.8ms
2026-10-01 10:52:33,026 [INFO] __main__: [prof node:node_02] disp 20.6 fps | acquire=0.0ms render=0.0ms publish=0.0ms
2026-10-01 10:52:33,026 [INFO] __main__: [prof node:node_02]   high>15: 74 frames, objs/frame=20.1, infer=46.3ms
2026-10-01 10:52:36,418 [INFO] __main__: [prof node:node_01] ai 12.0 fps objs/frame=31.3 | infer=50.6ms track=2.5ms acquire=29.9ms
2026-10-01 10:52:36,418 [INFO] __main__: [prof node:node_01] disp 12.0 fps | acquire=0.0ms render=0.0ms publish=0.0ms
2026-10-01 10:52:36,418 [INFO] __main__: [prof node:node_01]   high>15: 61 frames, objs/frame=31.3, infer=50.6ms
2026-10-01 10:52:37,129 [INFO] __main__: [prof node:node_03] ai 17.9 fps objs/frame=29.6 | infer=52.9ms track=2.7ms acquire=0.1ms
2026-10-01 10:52:37,130 [INFO] __main__: [prof node:node_03] disp 24.9 fps | acquire=0.0ms render=0.0ms publish=0.0ms
2026-10-01 10:52:37,130 [INFO] __main__: [prof node:node_03]   low<10: 2 frames, objs/frame=0.0, infer=43.6ms
2026-10-01 10:52:37,130 [INFO] __main__: [prof node:node_03]   high>15: 88 frames, objs/frame=30.3, infer=53.1ms
2026-10-01 10:52:38,039 [INFO] __main__: [prof node:node_02] ai 18.1 fps objs/frame=23.1 | infer=52.8ms track=1.8ms acquire=0.2ms
2026-10-01 10:52:38,039 [INFO] __main__: [prof node:node_02] disp 24.7 fps | acquire=0.0ms render=0.0ms publish=0.0ms
2026-10-01 10:52:38,041 [INFO] __main__: [prof node:node_02]   high>15: 91 frames, objs/frame=23.1, infer=52.8ms
2026-10-01 10:52:41,482 [INFO] __main__: [prof node:node_01] ai 12.1 fps objs/frame=24.7 | infer=50.5ms track=2.2ms acquire=29.8ms
2026-10-01 10:52:41,483 [INFO] __main__: [prof node:node_01] disp 12.1 fps | acquire=0.0ms render=0.0ms publish=0.0ms
2026-10-01 10:52:41,483 [INFO] __main__: [prof node:node_01]   high>15: 61 frames, objs/frame=24.7, infer=50.5ms
2026-10-01 10:52:42,178 [INFO] __main__: [prof node:node_03] ai 18.2 fps objs/frame=30.3 | infer=51.2ms track=2.2ms acquire=1.2ms
2026-10-01 10:52:42,178 [INFO] __main__: [prof node:node_03] disp 24.8 fps | acquire=0.0ms render=0.0ms publish=0.0ms
2026-10-01 10:52:42,178 [INFO] __main__: [prof node:node_03]   high>15: 92 frames, objs/frame=30.3, infer=51.2ms
2026-10-01 10:52:43,054 [INFO] __main__: [prof node:node_02] ai 17.9 fps objs/frame=22.5 | infer=52.9ms track=1.9ms acquire=0.6ms
2026-10-01 10:52:43,054 [INFO] __main__: [prof node:node_02] disp 24.9 fps | acquire=0.0ms render=0.0ms publish=0.0ms
2026-10-01 10:52:43,054 [INFO] __main__: [prof node:node_02]   high>15: 90 frames, objs/frame=22.5, infer=52.9ms
2026-10-01 10:52:46,484 [INFO] __main__: [prof node:node_01] ai 12.0 fps objs/frame=26.5 | infer=51.2ms track=1.8ms acquire=30.0ms
2026-10-01 10:52:46,484 [INFO] __main__: [prof node:node_01] disp 12.0 fps | acquire=0.0ms render=0.0ms publish=0.0ms
2026-10-01 10:52:46,484 [INFO] __main__: [prof node:node_01]   high>15: 60 frames, objs/frame=26.5, infer=51.2ms
2026-10-01 10:52:47,198 [INFO] __main__: [prof node:node_03] ai 16.9 fps objs/frame=39.2 | infer=51.5ms track=2.5ms acquire=4.9ms
2026-10-01 10:52:47,198 [INFO] __main__: [prof node:node_03] disp 23.5 fps | acquire=0.0ms render=0.0ms publish=0.0ms
2026-10-01 10:52:47,198 [INFO] __main__: [prof node:node_03]   high>15: 85 frames, objs/frame=39.2, infer=51.5ms
2026-10-01 10:52:48,086 [INFO] __main__: [prof node:node_02] ai 16.1 fps objs/frame=23.5 | infer=52.1ms track=2.1ms acquire=7.7ms
2026-10-01 10:52:48,086 [INFO] __main__: [prof node:node_02] disp 22.3 fps | acquire=0.0ms render=0.0ms publish=0.0ms
2026-10-01 10:52:48,088 [INFO] __main__: [prof node:node_02]   low<10: 1 frames, objs/frame=0.0, infer=61.2ms
2026-10-01 10:52:48,088 [INFO] __main__: [prof node:node_02]   high>15: 80 frames, objs/frame=23.8, infer=52.0ms
2026-10-01 10:52:51,511 [INFO] __main__: [prof node:node_01] ai 11.1 fps objs/frame=29.2 | infer=51.6ms track=2.2ms acquire=35.6ms
2026-10-01 10:52:51,511 [INFO] __main__: [prof node:node_01] disp 11.1 fps | acquire=0.0ms render=0.0ms publish=0.0ms
2026-10-01 10:52:51,511 [INFO] __main__: [prof node:node_01]   high>15: 56 frames, objs/frame=29.2, infer=51.6ms
2026-10-01 10:52:52,212 [INFO] __main__: [prof node:node_03] ai 16.0 fps objs/frame=42.2 | infer=51.6ms track=2.6ms acquire=8.2ms
2026-10-01 10:52:52,212 [INFO] __main__: [prof node:node_03] disp 22.3 fps | acquire=0.0ms render=0.0ms publish=0.0ms
2026-10-01 10:52:52,212 [INFO] __main__: [prof node:node_03]   high>15: 80 frames, objs/frame=42.2, infer=51.6ms
2026-10-01 10:52:53,123 [INFO] __main__: [prof node:node_02] ai 15.7 fps objs/frame=21.5 | infer=46.8ms track=2.3ms acquire=14.4ms
2026-10-01 10:52:53,123 [INFO] __main__: [prof node:node_02] disp 21.0 fps | acquire=0.0ms render=0.0ms publish=0.0ms
2026-10-01 10:52:53,123 [INFO] __main__: [prof node:node_02]   high>15: 79 frames, objs/frame=21.5, infer=46.8ms
2026-10-01 10:52:56,587 [INFO] __main__: [prof node:node_01] ai 12.0 fps objs/frame=29.7 | infer=49.8ms track=2.1ms acquire=30.9ms
2026-10-01 10:52:56,587 [INFO] __main__: [prof node:node_01] disp 12.0 fps | acquire=0.0ms render=0.0ms publish=0.0ms
2026-10-01 10:52:56,592 [INFO] __main__: [prof node:node_01]   high>15: 61 frames, objs/frame=29.7, infer=49.8ms
2026-10-01 10:52:57,414 [INFO] __main__: [prof node:node_03] ai 15.8 fps objs/frame=36.4 | infer=51.0ms track=2.5ms acquire=9.6ms
2026-10-01 10:52:57,414 [INFO] __main__: [prof node:node_03] disp 21.7 fps | acquire=0.0ms render=0.0ms publish=0.0ms
2026-10-01 10:52:57,414 [INFO] __main__: [prof node:node_03]   high>15: 82 frames, objs/frame=36.4, infer=51.0ms
2026-10-01 10:52:58,130 [INFO] __main__: [prof node:node_02] ai 17.4 fps objs/frame=20.1 | infer=50.1ms track=2.2ms acquire=4.9ms
2026-10-01 10:52:58,130 [INFO] __main__: [prof node:node_02] disp 23.4 fps | acquire=0.0ms render=0.0ms publish=0.0ms
2026-10-01 10:52:58,130 [INFO] __main__: [prof node:node_02]   high>15: 82 frames, objs/frame=20.4, infer=50.7ms
2026-10-01 10:53:01,595 [INFO] __main__: [prof node:node_01] ai 12.0 fps objs/frame=37.5 | infer=56.2ms track=2.5ms acquire=24.2ms
2026-10-01 10:53:01,595 [INFO] __main__: [prof node:node_01] disp 12.0 fps | acquire=0.0ms render=0.0ms publish=0.0ms
2026-10-01 10:53:01,595 [INFO] __main__: [prof node:node_01]   high>15: 60 frames, objs/frame=37.5, infer=56.2ms
2026-10-01 10:53:02,456 [INFO] __main__: [prof node:node_03] ai 14.7 fps objs/frame=42.6 | infer=58.6ms track=2.1ms acquire=7.1ms
2026-10-01 10:53:02,456 [INFO] __main__: [prof node:node_03] disp 22.2 fps | acquire=0.1ms render=0.0ms publish=0.0ms
2026-10-01 10:53:02,456 [INFO] __main__: [prof node:node_03]   high>15: 74 frames, objs/frame=42.6, infer=58.6ms
2026-10-01 10:53:03,164 [INFO] __main__: [prof node:node_02] ai 15.3 fps objs/frame=22.1 | infer=57.6ms track=2.5ms acquire=4.9ms
2026-10-01 10:53:03,164 [INFO] __main__: [prof node:node_02] disp 23.1 fps | acquire=0.1ms render=0.0ms publish=0.0ms
2026-10-01 10:53:03,164 [INFO] __main__: [prof node:node_02]   high>15: 77 frames, objs/frame=22.1, infer=57.6ms
2026-10-01 10:53:06,670 [INFO] __main__: [prof node:node_01] ai 11.6 fps objs/frame=37.6 | infer=51.0ms track=2.6ms acquire=32.0ms
2026-10-01 10:53:06,670 [INFO] __main__: [prof node:node_01] disp 11.6 fps | acquire=0.0ms render=0.0ms publish=0.0ms
2026-10-01 10:53:06,671 [INFO] __main__: [prof node:node_01]   low<10: 1 frames, objs/frame=2.0, infer=86.1ms
2026-10-01 10:53:06,671 [INFO] __main__: [prof node:node_01]   high>15: 58 frames, objs/frame=38.2, infer=50.4ms
2026-10-01 10:53:07,498 [INFO] __main__: [prof node:node_03] ai 14.9 fps objs/frame=42.5 | infer=53.7ms track=2.7ms acquire=10.6ms
2026-10-01 10:53:07,501 [INFO] __main__: [prof node:node_03] disp 21.0 fps | acquire=0.0ms render=0.1ms publish=0.0ms
2026-10-01 10:53:07,501 [INFO] __main__: [prof node:node_03]   high>15: 75 frames, objs/frame=42.5, infer=53.7ms
2026-10-01 10:53:08,789 [INFO] __main__: [prof node:node_02] ai 13.3 fps objs/frame=23.8 | infer=52.3ms track=2.5ms acquire=19.9ms
2026-10-01 10:53:08,795 [INFO] __main__: [prof node:node_02] disp 18.8 fps | acquire=0.0ms render=0.0ms publish=0.0ms
2026-10-01 10:53:08,795 [INFO] __main__: [prof node:node_02]   high>15: 75 frames, objs/frame=23.8, infer=52.3ms
2026-10-01 10:53:11,712 [INFO] __main__: [prof node:node_01] ai 11.7 fps objs/frame=37.3 | infer=53.3ms track=3.0ms acquire=28.7ms
2026-10-01 10:53:11,713 [INFO] __main__: [prof node:node_01] disp 11.7 fps | acquire=0.0ms render=0.0ms publish=0.0ms
2026-10-01 10:53:11,714 [INFO] __main__: [prof node:node_01]   low<10: 1 frames, objs/frame=0.0, infer=16.3ms
2026-10-01 10:53:11,714 [INFO] __main__: [prof node:node_01]   high>15: 58 frames, objs/frame=37.9, infer=53.9ms
2026-10-01 10:53:12,572 [INFO] __main__: [prof node:node_03] ai 12.8 fps objs/frame=42.7 | infer=58.7ms track=3.6ms acquire=15.5ms
2026-10-01 10:53:12,580 [INFO] __main__: [prof node:node_03] disp 20.3 fps | acquire=0.1ms render=2.4ms publish=2.7ms
2026-10-01 10:53:12,580 [INFO] __main__: [prof node:node_03]   high>15: 65 frames, objs/frame=42.7, infer=58.7ms
2026-10-01 10:53:13,837 [INFO] __main__: [prof node:node_02] ai 16.3 fps objs/frame=22.9 | infer=55.1ms track=2.2ms acquire=3.9ms
2026-10-01 10:53:13,837 [INFO] __main__: [prof node:node_02] disp 24.6 fps | acquire=0.1ms render=0.0ms publish=0.0ms
2026-10-01 10:53:13,837 [INFO] __main__: [prof node:node_02]   high>15: 82 frames, objs/frame=22.9, infer=55.1ms
2026-10-01 10:53:16,726 [INFO] __main__: [prof node:node_01] ai 12.0 fps objs/frame=39.0 | infer=61.3ms track=2.9ms acquire=18.9ms
2026-10-01 10:53:16,726 [INFO] __main__: [prof node:node_01] disp 12.0 fps | acquire=0.0ms render=0.0ms publish=0.0ms
2026-10-01 10:53:16,726 [INFO] __main__: [prof node:node_01]   high>15: 60 frames, objs/frame=39.0, infer=61.3ms
2026-10-01 10:53:17,596 [INFO] __main__: [prof node:node_03] ai 14.5 fps objs/frame=40.8 | infer=63.0ms track=4.2ms acquire=1.1ms
2026-10-01 10:53:17,597 [INFO] __main__: [prof node:node_03] disp 24.5 fps | acquire=0.1ms render=2.6ms publish=2.6ms
2026-10-01 10:53:17,597 [INFO] __main__: [prof node:node_03]   high>15: 73 frames, objs/frame=40.8, infer=63.0ms
2026-10-01 10:53:18,850 [INFO] __main__: [prof node:node_02] ai 15.4 fps objs/frame=22.2 | infer=62.7ms track=2.1ms acquire=0.0ms
2026-10-01 10:53:18,850 [INFO] __main__: [prof node:node_02] disp 24.8 fps | acquire=0.1ms render=0.0ms publish=0.0ms
2026-10-01 10:53:18,851 [INFO] __main__: [prof node:node_02]   high>15: 77 frames, objs/frame=22.2, infer=62.7ms
2026-10-01 10:53:21,726 [INFO] __main__: [prof node:node_01] ai 12.0 fps objs/frame=38.9 | infer=62.0ms track=3.0ms acquire=17.8ms
2026-10-01 10:53:21,726 [INFO] __main__: [prof node:node_01] disp 12.0 fps | acquire=0.0ms render=0.0ms publish=0.0ms
2026-10-01 10:53:21,726 [INFO] __main__: [prof node:node_01]   high>15: 60 frames, objs/frame=38.9, infer=62.0ms
2026-10-01 10:53:22,601 [INFO] __main__: [prof node:node_03] ai 15.0 fps objs/frame=34.1 | infer=61.5ms track=3.9ms acquire=1.0ms
2026-10-01 10:53:22,601 [INFO] __main__: [prof node:node_03] disp 24.4 fps | acquire=0.1ms render=2.1ms publish=2.8ms
2026-10-01 10:53:22,601 [INFO] __main__: [prof node:node_03]   high>15: 75 frames, objs/frame=34.1, infer=61.5ms
2026-10-01 10:53:23,857 [INFO] __main__: [prof node:node_02] ai 14.2 fps objs/frame=24.2 | infer=66.2ms track=2.5ms acquire=1.5ms
2026-10-01 10:53:23,858 [INFO] __main__: [prof node:node_02] disp 24.2 fps | acquire=0.1ms render=0.0ms publish=0.0ms
2026-10-01 10:53:23,858 [INFO] __main__: [prof node:node_02]   high>15: 71 frames, objs/frame=24.2, infer=66.2ms
2026-10-01 10:53:26,787 [INFO] __main__: [prof node:node_01] ai 12.0 fps objs/frame=42.2 | infer=62.2ms track=3.1ms acquire=17.2ms
2026-10-01 10:53:26,787 [INFO] __main__: [prof node:node_01] disp 12.0 fps | acquire=0.0ms render=0.0ms publish=0.0ms
2026-10-01 10:53:26,787 [INFO] __main__: [prof node:node_01]   high>15: 61 frames, objs/frame=42.2, infer=62.2ms
2026-10-01 10:53:27,621 [INFO] __main__: [prof node:node_03] ai 14.8 fps objs/frame=35.8 | infer=63.4ms track=3.2ms acquire=0.9ms
2026-10-01 10:53:27,621 [INFO] __main__: [prof node:node_03] disp 24.3 fps | acquire=0.1ms render=0.7ms publish=0.9ms
2026-10-01 10:53:27,621 [INFO] __main__: [prof node:node_03]   high>15: 74 frames, objs/frame=35.8, infer=63.4ms
2026-10-01 10:53:28,902 [INFO] __main__: [prof node:node_02] ai 15.1 fps objs/frame=28.4 | infer=62.6ms track=2.3ms acquire=1.2ms
2026-10-01 10:53:28,902 [INFO] __main__: [prof node:node_02] disp 24.4 fps | acquire=0.1ms render=0.0ms publish=0.0ms
2026-10-01 10:53:28,902 [INFO] __main__: [prof node:node_02]   high>15: 76 frames, objs/frame=28.4, infer=62.6ms
2026-10-01 10:53:31,809 [INFO] __main__: [prof node:node_01] ai 11.9 fps objs/frame=44.5 | infer=59.7ms track=3.5ms acquire=20.0ms
2026-10-01 10:53:31,809 [INFO] __main__: [prof node:node_01] disp 11.9 fps | acquire=0.0ms render=0.0ms publish=0.0ms
2026-10-01 10:53:31,809 [INFO] __main__: [prof node:node_01]   high>15: 60 frames, objs/frame=44.5, infer=59.7ms
2026-10-01 10:53:32,623 [INFO] __main__: [prof node:node_03] ai 15.2 fps objs/frame=25.4 | infer=61.3ms track=2.8ms acquire=1.5ms
2026-10-01 10:53:32,623 [INFO] __main__: [prof node:node_03] disp 24.0 fps | acquire=0.1ms render=0.9ms publish=1.6ms
2026-10-01 10:53:32,623 [INFO] __main__: [prof node:node_03]   high>15: 76 frames, objs/frame=25.4, infer=61.3ms
2026-10-01 10:53:33,933 [INFO] __main__: [prof node:node_02] ai 15.3 fps objs/frame=27.0 | infer=62.2ms track=2.5ms acquire=0.4ms
2026-10-01 10:53:33,934 [INFO] __main__: [prof node:node_02] disp 24.6 fps | acquire=0.1ms render=0.0ms publish=0.0ms
2026-10-01 10:53:33,934 [INFO] __main__: [prof node:node_02]   high>15: 77 frames, objs/frame=27.0, infer=62.2ms
2026-10-01 10:53:36,886 [INFO] __main__: [prof node:node_01] ai 12.0 fps objs/frame=47.3 | infer=58.3ms track=2.9ms acquire=21.4ms
2026-10-01 10:53:36,888 [INFO] __main__: [prof node:node_01] disp 12.0 fps | acquire=0.0ms render=0.0ms publish=0.0ms
2026-10-01 10:53:36,888 [INFO] __main__: [prof node:node_01]   high>15: 61 frames, objs/frame=47.3, infer=58.3ms
2026-10-01 10:53:37,643 [INFO] __main__: [prof node:node_03] ai 15.9 fps objs/frame=18.6 | infer=58.5ms track=2.4ms acquire=1.6ms
2026-10-01 10:53:37,644 [INFO] __main__: [prof node:node_03] disp 24.3 fps | acquire=0.0ms render=1.5ms publish=2.6ms
2026-10-01 10:53:37,644 [INFO] __main__: [prof node:node_03]   low<10: 1 frames, objs/frame=0.0, infer=71.6ms
2026-10-01 10:53:37,644 [INFO] __main__: [prof node:node_03]   high>15: 61 frames, objs/frame=20.4, infer=58.2ms
2026-10-01 10:53:38,947 [INFO] __main__: [prof node:node_02] ai 17.3 fps objs/frame=24.9 | infer=54.6ms track=2.1ms acquire=0.6ms
2026-10-01 10:53:38,947 [INFO] __main__: [prof node:node_02] disp 25.1 fps | acquire=0.0ms render=0.0ms publish=0.0ms
2026-10-01 10:53:38,947 [INFO] __main__: [prof node:node_02]   high>15: 87 frames, objs/frame=24.9, infer=54.6ms
2026-10-01 10:53:41,873 [WARNING] src.stream.video_streamer: stream read failed, reconnecting
2026-10-01 10:53:41,898 [INFO] __main__: [prof node:node_01] ai 11.4 fps objs/frame=40.2 | infer=53.5ms track=3.3ms acquire=30.5ms
2026-10-01 10:53:41,899 [INFO] __main__: [prof node:node_01] disp 11.4 fps | acquire=0.0ms render=0.0ms publish=0.0ms
2026-10-01 10:53:41,899 [INFO] __main__: [prof node:node_01]   high>15: 57 frames, objs/frame=40.2, infer=53.5ms
2026-10-01 10:53:42,691 [INFO] __main__: [prof node:node_03] ai 18.8 fps objs/frame=19.0 | infer=47.8ms track=1.9ms acquire=3.1ms
2026-10-01 10:53:42,691 [INFO] __main__: [prof node:node_03] disp 24.2 fps | acquire=0.0ms render=1.4ms publish=2.7ms
2026-10-01 10:53:42,692 [INFO] __main__: [prof node:node_03]   low<10: 1 frames, objs/frame=5.0, infer=13.7ms
2026-10-01 10:53:42,692 [INFO] __main__: [prof node:node_03]   high>15: 85 frames, objs/frame=19.7, infer=48.2ms
2026-10-01 10:53:43,967 [INFO] __main__: [prof node:node_02] ai 20.1 fps objs/frame=22.4 | infer=43.0ms track=2.0ms acquire=4.4ms
2026-10-01 10:53:43,967 [INFO] __main__: [prof node:node_02] disp 24.5 fps | acquire=0.0ms render=0.0ms publish=0.0ms
2026-10-01 10:53:43,967 [INFO] __main__: [prof node:node_02]   high>15: 99 frames, objs/frame=22.5, infer=43.0ms
2026-10-01 10:53:44,387 [WARNING] src.stream.video_streamer: could not open https://cctv.dev.banyumaskab.go.id/cctv_simpang_sawangan/video1_stream.m3u8 (attempt 1), retry in 2.0s
2026-10-01 10:53:47,710 [INFO] __main__: [prof node:node_03] ai 24.5 fps objs/frame=18.7 | infer=30.6ms track=1.9ms acquire=8.0ms
2026-10-01 10:53:47,710 [INFO] __main__: [prof node:node_03] disp 24.7 fps | acquire=0.0ms render=1.3ms publish=2.5ms
2026-10-01 10:53:47,711 [INFO] __main__: [prof node:node_03]   high>15: 109 frames, objs/frame=19.3, infer=31.0ms
2026-10-01 10:53:48,974 [INFO] __main__: [prof node:node_02] ai 24.7 fps objs/frame=22.9 | infer=29.4ms track=1.8ms acquire=8.9ms
2026-10-01 10:53:48,984 [INFO] __main__: [prof node:node_02] disp 24.5 fps | acquire=0.0ms render=0.0ms publish=0.0ms
2026-10-01 10:53:48,984 [INFO] __main__: [prof node:node_02]   high>15: 123 frames, objs/frame=22.9, infer=29.4ms
2026-10-01 10:53:52,746 [INFO] __main__: [prof node:node_03] ai 24.2 fps objs/frame=22.8 | infer=31.7ms track=1.9ms acquire=7.5ms
2026-10-01 10:53:52,746 [INFO] __main__: [prof node:node_03] disp 24.2 fps | acquire=0.0ms render=1.4ms publish=2.4ms
2026-10-01 10:53:52,746 [INFO] __main__: [prof node:node_03]   high>15: 121 frames, objs/frame=22.9, infer=31.7ms
2026-10-01 10:53:53,998 [INFO] __main__: [prof node:node_02] ai 23.9 fps objs/frame=21.4 | infer=33.5ms track=2.0ms acquire=6.0ms
2026-10-01 10:53:53,998 [INFO] __main__: [prof node:node_02] disp 24.9 fps | acquire=0.0ms render=0.0ms publish=0.0ms
2026-10-01 10:53:53,999 [INFO] __main__: [prof node:node_02]   high>15: 107 frames, objs/frame=22.3, infer=33.8ms
2026-10-01 10:53:55,049 [INFO] src.stream.video_streamer: reconnected to https://cctv.dev.banyumaskab.go.id/cctv_simpang_sawangan/video1_stream.m3u8
2026-10-01 10:53:55,049 [INFO] src.stream.video_streamer: https://cctv.dev.banyumaskab.go.id/cctv_simpang_sawangan/video1_stream.m3u8 opened at 12.0 fps
2026-10-01 10:53:55,141 [INFO] __main__: [prof node:node_01] ai 0.2 fps objs/frame=41.3 | infer=55.5ms track=4.0ms acquire=322.9ms
2026-10-01 10:53:55,141 [INFO] __main__: [prof node:node_01] disp 0.3 fps | acquire=0.0ms render=0.0ms publish=0.0ms
2026-10-01 10:53:55,141 [INFO] __main__: [prof node:node_01]   high>15: 3 frames, objs/frame=41.3, infer=55.5ms
2026-10-01 10:53:57,764 [INFO] __main__: [prof node:node_03] ai 17.5 fps objs/frame=40.5 | infer=52.4ms track=3.1ms acquire=1.1ms
2026-10-01 10:53:57,772 [INFO] __main__: [prof node:node_03] disp 24.7 fps | acquire=0.0ms render=2.6ms publish=2.7ms
2026-10-01 10:53:57,772 [INFO] __main__: [prof node:node_03]   high>15: 88 frames, objs/frame=40.5, infer=52.4ms
2026-10-01 10:53:59,035 [INFO] __main__: [prof node:node_02] ai 17.1 fps objs/frame=23.3 | infer=53.8ms track=2.1ms acquire=2.5ms
2026-10-01 10:53:59,035 [INFO] __main__: [prof node:node_02] disp 24.2 fps | acquire=0.0ms render=0.0ms publish=0.0ms
2026-10-01 10:53:59,035 [INFO] __main__: [prof node:node_02]   high>15: 86 frames, objs/frame=23.3, infer=53.8ms
2026-10-01 10:54:00,183 [INFO] __main__: [prof node:node_01] ai 10.5 fps objs/frame=46.9 | infer=66.4ms track=3.8ms acquire=24.5ms
2026-10-01 10:54:00,183 [INFO] __main__: [prof node:node_01] disp 10.3 fps | acquire=0.0ms render=0.0ms publish=0.0ms
2026-10-01 10:54:00,183 [INFO] __main__: [prof node:node_01]   high>15: 53 frames, objs/frame=46.9, infer=66.4ms
2026-10-01 10:54:02,829 [INFO] __main__: [prof node:node_03] ai 14.4 fps objs/frame=45.2 | infer=64.0ms track=3.7ms acquire=1.2ms
2026-10-01 10:54:02,831 [INFO] __main__: [prof node:node_03] disp 24.5 fps | acquire=0.1ms render=3.2ms publish=2.7ms
2026-10-01 10:54:02,831 [INFO] __main__: [prof node:node_03]   high>15: 73 frames, objs/frame=45.2, infer=64.0ms
2026-10-01 10:54:04,044 [INFO] __main__: [prof node:node_02] ai 13.4 fps objs/frame=22.7 | infer=72.4ms track=2.0ms acquire=0.0ms
2026-10-01 10:54:04,044 [INFO] __main__: [prof node:node_02] disp 24.8 fps | acquire=0.1ms render=0.0ms publish=0.0ms
2026-10-01 10:54:04,044 [INFO] __main__: [prof node:node_02]   high>15: 67 frames, objs/frame=22.7, infer=72.4ms
2026-10-01 10:54:05,222 [INFO] __main__: [prof node:node_01] ai 11.9 fps objs/frame=48.5 | infer=66.5ms track=4.3ms acquire=12.7ms
2026-10-01 10:54:05,228 [INFO] __main__: [prof node:node_01] disp 11.9 fps | acquire=0.0ms render=0.0ms publish=0.0ms
2026-10-01 10:54:05,228 [INFO] __main__: [prof node:node_01]   high>15: 60 frames, objs/frame=48.5, infer=66.5ms
2026-10-01 10:54:07,849 [INFO] __main__: [prof node:node_03] ai 13.5 fps objs/frame=43.6 | infer=69.1ms track=3.4ms acquire=1.0ms
2026-10-01 10:54:07,856 [INFO] __main__: [prof node:node_03] disp 24.7 fps | acquire=0.1ms render=2.7ms publish=2.9ms
2026-10-01 10:54:07,857 [INFO] __main__: [prof node:node_03]   high>15: 68 frames, objs/frame=43.6, infer=69.1ms
2026-10-01 10:54:09,051 [INFO] __main__: [prof node:node_02] ai 13.2 fps objs/frame=30.8 | infer=72.7ms track=2.3ms acquire=0.6ms
2026-10-01 10:54:09,051 [INFO] __main__: [prof node:node_02] disp 24.5 fps | acquire=0.1ms render=0.0ms publish=0.0ms
2026-10-01 10:54:09,057 [INFO] __main__: [prof node:node_02]   high>15: 66 frames, objs/frame=30.8, infer=72.7ms
2026-10-01 10:54:10,287 [INFO] __main__: [prof node:node_01] ai 11.3 fps objs/frame=50.6 | infer=73.3ms track=3.8ms acquire=11.2ms
2026-10-01 10:54:10,287 [INFO] __main__: [prof node:node_01] disp 11.7 fps | acquire=0.0ms render=0.0ms publish=0.0ms
2026-10-01 10:54:10,287 [INFO] __main__: [prof node:node_01]   high>15: 57 frames, objs/frame=50.6, infer=73.3ms
2026-10-01 10:54:12,928 [INFO] __main__: [prof node:node_03] ai 11.8 fps objs/frame=50.9 | infer=80.3ms track=3.4ms acquire=0.5ms
2026-10-01 10:54:12,928 [INFO] __main__: [prof node:node_03] disp 24.4 fps | acquire=0.1ms render=3.2ms publish=2.9ms
2026-10-01 10:54:12,929 [INFO] __main__: [prof node:node_03]   high>15: 60 frames, objs/frame=50.9, infer=80.3ms
2026-10-01 10:54:14,078 [INFO] __main__: [prof node:node_02] ai 12.1 fps objs/frame=36.3 | infer=78.7ms track=3.2ms acquire=0.1ms
2026-10-01 10:54:14,078 [INFO] __main__: [prof node:node_02] disp 24.7 fps | acquire=0.1ms render=0.0ms publish=0.0ms
2026-10-01 10:54:14,078 [INFO] __main__: [prof node:node_02]   high>15: 61 frames, objs/frame=36.3, infer=78.7ms
2026-10-01 10:54:15,349 [INFO] __main__: [prof node:node_01] ai 11.6 fps objs/frame=48.3 | infer=74.2ms track=4.1ms acquire=7.1ms
2026-10-01 10:54:15,349 [INFO] __main__: [prof node:node_01] disp 11.8 fps | acquire=0.0ms render=0.0ms publish=0.0ms
2026-10-01 10:54:15,349 [INFO] __main__: [prof node:node_01]   high>15: 59 frames, objs/frame=48.3, infer=74.2ms
2026-10-01 10:54:17,952 [INFO] __main__: [prof node:node_03] ai 12.9 fps objs/frame=45.2 | infer=71.8ms track=2.8ms acquire=2.4ms
2026-10-01 10:54:17,953 [INFO] __main__: [prof node:node_03] disp 24.1 fps | acquire=0.1ms render=3.1ms publish=2.4ms
2026-10-01 10:54:17,953 [INFO] __main__: [prof node:node_03]   high>15: 65 frames, objs/frame=45.2, infer=71.8ms
2026-10-01 10:54:19,098 [INFO] __main__: [prof node:node_02] ai 13.3 fps objs/frame=30.8 | infer=70.8ms track=2.7ms acquire=1.0ms
2026-10-01 10:54:19,099 [INFO] __main__: [prof node:node_02] disp 24.7 fps | acquire=0.1ms render=0.0ms publish=0.0ms
2026-10-01 10:54:19,099 [INFO] __main__: [prof node:node_02]   high>15: 67 frames, objs/frame=30.8, infer=70.8ms
2026-10-01 10:54:20,399 [INFO] __main__: [prof node:node_01] ai 11.1 fps objs/frame=52.6 | infer=69.4ms track=4.0ms acquire=16.3ms
2026-10-01 10:54:20,399 [INFO] __main__: [prof node:node_01] disp 11.5 fps | acquire=0.0ms render=0.0ms publish=0.0ms
2026-10-01 10:54:20,399 [INFO] __main__: [prof node:node_01]   high>15: 56 frames, objs/frame=52.6, infer=69.4ms
2026-10-01 10:54:22,999 [INFO] __main__: [prof node:node_03] ai 13.7 fps objs/frame=45.1 | infer=70.0ms track=2.4ms acquire=0.5ms
2026-10-01 10:54:22,999 [INFO] __main__: [prof node:node_03] disp 24.2 fps | acquire=0.0ms render=3.2ms publish=2.7ms
2026-10-01 10:54:22,999 [INFO] __main__: [prof node:node_03]   high>15: 69 frames, objs/frame=45.1, infer=70.0ms
2026-10-01 10:54:24,141 [INFO] __main__: [prof node:node_02] ai 13.7 fps objs/frame=24.0 | infer=70.7ms track=2.1ms acquire=0.0ms
2026-10-01 10:54:24,141 [INFO] __main__: [prof node:node_02] disp 24.8 fps | acquire=0.0ms render=0.0ms publish=0.0ms
2026-10-01 10:54:24,141 [INFO] __main__: [prof node:node_02]   high>15: 69 frames, objs/frame=24.0, infer=70.7ms
2026-10-01 10:54:25,417 [INFO] __main__: [prof node:node_01] ai 11.8 fps objs/frame=56.3 | infer=72.4ms track=4.0ms acquire=8.1ms
2026-10-01 10:54:25,418 [INFO] __main__: [prof node:node_01] disp 12.0 fps | acquire=0.0ms render=0.0ms publish=0.0ms
2026-10-01 10:54:25,418 [INFO] __main__: [prof node:node_01]   high>15: 59 frames, objs/frame=56.3, infer=72.4ms
2026-10-01 10:54:28,081 [INFO] __main__: [prof node:node_03] ai 13.0 fps objs/frame=47.5 | infer=74.2ms track=2.4ms acquire=0.0ms
2026-10-01 10:54:28,081 [INFO] __main__: [prof node:node_03] disp 24.2 fps | acquire=0.0ms render=2.8ms publish=2.9ms
2026-10-01 10:54:28,081 [INFO] __main__: [prof node:node_03]   high>15: 66 frames, objs/frame=47.5, infer=74.2ms
2026-10-01 10:54:29,176 [INFO] __main__: [prof node:node_02] ai 12.9 fps objs/frame=26.7 | infer=75.4ms track=1.8ms acquire=0.0ms
2026-10-01 10:54:29,176 [INFO] __main__: [prof node:node_02] disp 25.0 fps | acquire=0.0ms render=0.0ms publish=0.0ms
2026-10-01 10:54:29,177 [INFO] __main__: [prof node:node_02]   high>15: 65 frames, objs/frame=26.7, infer=75.4ms
2026-10-01 10:54:30,439 [INFO] __main__: [prof node:node_01] ai 11.7 fps objs/frame=60.4 | infer=74.4ms track=3.7ms acquire=6.5ms
2026-10-01 10:54:30,441 [INFO] __main__: [prof node:node_01] disp 11.9 fps | acquire=0.0ms render=0.0ms publish=0.0ms
2026-10-01 10:54:30,441 [INFO] __main__: [prof node:node_01]   high>15: 59 frames, objs/frame=60.4, infer=74.4ms
2026-10-01 10:54:33,098 [INFO] __main__: [prof node:node_03] ai 13.3 fps objs/frame=46.5 | infer=72.5ms track=2.2ms acquire=0.0ms
2026-10-01 10:54:33,098 [INFO] __main__: [prof node:node_03] disp 24.9 fps | acquire=0.0ms render=2.8ms publish=2.6ms
2026-10-01 10:54:33,098 [INFO] __main__: [prof node:node_03]   low<10: 2 frames, objs/frame=0.5, infer=60.7ms
2026-10-01 10:54:33,098 [INFO] __main__: [prof node:node_03]   high>15: 65 frames, objs/frame=47.9, infer=72.9ms
2026-10-01 10:54:34,225 [INFO] __main__: [prof node:node_02] ai 13.5 fps objs/frame=29.3 | infer=71.6ms track=1.9ms acquire=0.5ms
2026-10-01 10:54:34,225 [INFO] __main__: [prof node:node_02] disp 24.7 fps | acquire=0.0ms render=0.0ms publish=0.0ms
2026-10-01 10:54:34,225 [INFO] __main__: [prof node:node_02]   high>15: 68 frames, objs/frame=29.3, infer=71.6ms
2026-10-01 10:54:35,465 [INFO] __main__: [prof node:node_01] ai 11.9 fps objs/frame=52.9 | infer=67.0ms track=3.0ms acquire=13.4ms
2026-10-01 10:54:35,465 [INFO] __main__: [prof node:node_01] disp 11.7 fps | acquire=0.0ms render=0.0ms publish=0.0ms
2026-10-01 10:54:35,465 [INFO] __main__: [prof node:node_01]   high>15: 60 frames, objs/frame=52.9, infer=67.0ms
2026-10-01 10:54:38,134 [INFO] __main__: [prof node:node_03] ai 13.7 fps objs/frame=43.1 | infer=68.2ms track=2.5ms acquire=1.8ms
2026-10-01 10:54:38,134 [INFO] __main__: [prof node:node_03] disp 24.4 fps | acquire=0.0ms render=2.9ms publish=2.7ms
2026-10-01 10:54:38,134 [INFO] __main__: [prof node:node_03]   high>15: 69 frames, objs/frame=43.1, infer=68.2ms
2026-10-01 10:54:39,246 [INFO] __main__: [prof node:node_02] ai 14.2 fps objs/frame=26.2 | infer=67.4ms track=1.8ms acquire=1.1ms
2026-10-01 10:54:39,246 [INFO] __main__: [prof node:node_02] disp 24.3 fps | acquire=0.0ms render=0.0ms publish=0.0ms
2026-10-01 10:54:39,246 [INFO] __main__: [prof node:node_02]   high>15: 71 frames, objs/frame=26.2, infer=67.4ms
2026-10-01 10:54:40,501 [INFO] __main__: [prof node:node_01] ai 11.9 fps objs/frame=53.4 | infer=69.2ms track=3.6ms acquire=10.6ms
2026-10-01 10:54:40,504 [INFO] __main__: [prof node:node_01] disp 11.9 fps | acquire=0.0ms render=0.0ms publish=0.0ms
2026-10-01 10:54:40,505 [INFO] __main__: [prof node:node_01]   high>15: 60 frames, objs/frame=53.4, infer=69.2ms
2026-10-01 10:54:43,162 [INFO] __main__: [prof node:node_03] ai 13.7 fps objs/frame=45.4 | infer=70.4ms track=2.1ms acquire=0.0ms
2026-10-01 10:54:43,162 [INFO] __main__: [prof node:node_03] disp 24.9 fps | acquire=0.0ms render=3.4ms publish=2.6ms
2026-10-01 10:54:43,163 [INFO] __main__: [prof node:node_03]   high>15: 69 frames, objs/frame=45.4, infer=70.4ms
2026-10-01 10:54:44,259 [INFO] __main__: [prof node:node_02] ai 13.8 fps objs/frame=22.9 | infer=70.7ms track=1.6ms acquire=0.1ms
2026-10-01 10:54:44,264 [INFO] __main__: [prof node:node_02] disp 24.7 fps | acquire=0.0ms render=0.0ms publish=0.0ms
2026-10-01 10:54:44,264 [INFO] __main__: [prof node:node_02]   high>15: 69 frames, objs/frame=22.9, infer=70.7ms
2026-10-01 10:54:45,505 [INFO] __main__: [prof node:node_01] ai 11.6 fps objs/frame=56.6 | infer=69.2ms track=3.5ms acquire=13.2ms
2026-10-01 10:54:45,505 [INFO] __main__: [prof node:node_01] disp 11.8 fps | acquire=0.0ms render=0.0ms publish=0.0ms
2026-10-01 10:54:45,505 [INFO] __main__: [prof node:node_01]   high>15: 58 frames, objs/frame=56.6, infer=69.2ms
2026-10-01 10:54:48,193 [INFO] __main__: [prof node:node_03] ai 13.7 fps objs/frame=42.6 | infer=67.7ms track=3.4ms acquire=1.3ms
2026-10-01 10:54:48,194 [INFO] __main__: [prof node:node_03] disp 23.8 fps | acquire=0.0ms render=3.3ms publish=2.7ms
2026-10-01 10:54:48,194 [INFO] __main__: [prof node:node_03]   high>15: 69 frames, objs/frame=42.6, infer=67.7ms
2026-10-01 10:54:49,341 [INFO] __main__: [prof node:node_02] ai 13.6 fps objs/frame=24.6 | infer=70.7ms track=1.7ms acquire=1.1ms
2026-10-01 10:54:49,341 [INFO] __main__: [prof node:node_02] disp 24.4 fps | acquire=0.0ms render=0.0ms publish=0.0ms
2026-10-01 10:54:49,347 [INFO] __main__: [prof node:node_02]   high>15: 69 frames, objs/frame=24.6, infer=70.7ms
2026-10-01 10:54:50,510 [INFO] __main__: [prof node:node_01] ai 11.6 fps objs/frame=55.6 | infer=67.5ms track=3.2ms acquire=15.1ms
2026-10-01 10:54:50,510 [INFO] __main__: [prof node:node_01] disp 11.6 fps | acquire=0.0ms render=0.0ms publish=0.0ms
2026-10-01 10:54:50,510 [INFO] __main__: [prof node:node_01]   high>15: 58 frames, objs/frame=55.6, infer=67.5ms
2026-10-01 10:54:53,205 [INFO] __main__: [prof node:node_03] ai 14.6 fps objs/frame=28.0 | infer=64.1ms track=3.4ms acquire=0.9ms
2026-10-01 10:54:53,206 [INFO] __main__: [prof node:node_03] disp 24.7 fps | acquire=0.0ms render=2.1ms publish=2.9ms
2026-10-01 10:54:53,206 [INFO] __main__: [prof node:node_03]   high>15: 73 frames, objs/frame=28.0, infer=64.1ms
2026-10-01 10:54:54,594 [INFO] __main__: [prof node:node_02] ai 14.7 fps objs/frame=28.0 | infer=62.0ms track=1.8ms acquire=4.0ms
2026-10-01 10:54:54,595 [INFO] __main__: [prof node:node_02] disp 23.6 fps | acquire=0.0ms render=0.0ms publish=0.0ms
2026-10-01 10:54:54,595 [INFO] __main__: [prof node:node_02]   high>15: 77 frames, objs/frame=28.0, infer=62.0ms
2026-10-01 10:54:55,521 [INFO] __main__: [prof node:node_01] ai 11.8 fps objs/frame=59.3 | infer=61.0ms track=2.8ms acquire=20.6ms
2026-10-01 10:54:55,521 [INFO] __main__: [prof node:node_01] disp 11.6 fps | acquire=0.0ms render=0.0ms publish=0.0ms
2026-10-01 10:54:55,521 [INFO] __main__: [prof node:node_01]   low<10: 1 frames, objs/frame=0.0, infer=57.0ms
2026-10-01 10:54:55,521 [INFO] __main__: [prof node:node_01]   high>15: 58 frames, objs/frame=60.3, infer=61.1ms
2026-10-01 10:54:58,231 [INFO] __main__: [prof node:node_03] ai 15.9 fps objs/frame=20.0 | infer=59.0ms track=2.3ms acquire=1.3ms
2026-10-01 10:54:58,231 [INFO] __main__: [prof node:node_03] disp 24.5 fps | acquire=0.0ms render=1.6ms publish=2.5ms
2026-10-01 10:54:58,231 [INFO] __main__: [prof node:node_03]   high>15: 80 frames, objs/frame=20.0, infer=59.0ms
2026-10-01 10:54:59,606 [INFO] __main__: [prof node:node_02] ai 17.7 fps objs/frame=28.3 | infer=51.5ms track=2.1ms acquire=2.4ms
2026-10-01 10:54:59,606 [INFO] __main__: [prof node:node_02] disp 25.1 fps | acquire=0.0ms render=0.0ms publish=0.0ms
2026-10-01 10:54:59,606 [INFO] __main__: [prof node:node_02]   high>15: 89 frames, objs/frame=28.3, infer=51.5ms
2026-10-01 10:55:00,614 [INFO] __main__: [prof node:node_01] ai 6.9 fps objs/frame=57.1 | infer=61.9ms track=2.9ms acquire=23.0ms
2026-10-01 10:55:00,614 [INFO] __main__: [prof node:node_01] disp 7.1 fps | acquire=0.0ms render=0.0ms publish=0.0ms
2026-10-01 10:55:00,614 [INFO] __main__: [prof node:node_01]   high>15: 35 frames, objs/frame=57.1, infer=61.9ms
2026-10-01 10:55:03,292 [INFO] __main__: [prof node:node_03] ai 18.4 fps objs/frame=23.5 | infer=47.3ms track=2.1ms acquire=4.9ms
2026-10-01 10:55:03,292 [INFO] __main__: [prof node:node_03] disp 25.1 fps | acquire=0.0ms render=1.5ms publish=1.9ms
2026-10-01 10:55:03,298 [INFO] __main__: [prof node:node_03]   high>15: 93 frames, objs/frame=23.5, infer=47.3ms
2026-10-01 10:55:04,659 [INFO] __main__: [prof node:node_02] ai 17.6 fps objs/frame=29.1 | infer=52.1ms track=2.2ms acquire=2.2ms
2026-10-01 10:55:04,659 [INFO] __main__: [prof node:node_02] disp 24.6 fps | acquire=0.0ms render=0.0ms publish=0.0ms
2026-10-01 10:55:04,659 [INFO] __main__: [prof node:node_02]   high>15: 88 frames, objs/frame=29.3, infer=52.2ms
2026-10-01 10:55:05,667 [INFO] __main__: [prof node:node_01] ai 12.1 fps objs/frame=58.3 | infer=59.7ms track=2.8ms acquire=20.0ms
2026-10-01 10:55:05,667 [INFO] __main__: [prof node:node_01] disp 11.9 fps | acquire=0.0ms render=0.0ms publish=0.0ms
2026-10-01 10:55:05,667 [INFO] __main__: [prof node:node_01]   high>15: 61 frames, objs/frame=58.3, infer=59.7ms
2026-10-01 10:55:07,331 [INFO] __main__: node node_01 done: counted=5934
2026-10-01 10:55:07,406 [INFO] __main__: node node_02 done: counted=3866
2026-10-01 10:55:07,553 [INFO] __main__: node node_03 done: counted=8319
